ISO-10303-21;
HEADER;
/* Generated by software containing ST-Developer
 * from STEP Tools, Inc. (www.steptools.com) 
 */

FILE_DESCRIPTION(
/* description */ (''),
/* implementation_level */ '2;1');

FILE_NAME(
/* name */ 'Blade Design 4.step',
/* time_stamp */ '2026-09-10T13:26:45+03:00',
/* author */ (''),
/* organization */ (''),
/* preprocessor_version */ 'ST-DEVELOPER v20.2',
/* originating_system */ 'Autodesk Translation Framework v15.15.0.0',
/* authorisation */ '');

FILE_SCHEMA (('AUTOMOTIVE_DESIGN { 1 0 10303 214 3 1 1 }'));
ENDSEC;

DATA;
#10=MECHANICAL_DESIGN_GEOMETRIC_PRESENTATION_REPRESENTATION('',(#13),#3433);
#11=SHAPE_REPRESENTATION_RELATIONSHIP('SRR','None',#3440,#12);
#12=ADVANCED_BREP_SHAPE_REPRESENTATION('',(#14),#3432);
#13=STYLED_ITEM('',(#3449),#14);
#14=MANIFOLD_SOLID_BREP('Body1',#80);
#15=B_SPLINE_CURVE_WITH_KNOTS('',3,(#503,#504,#505,#506),.UNSPECIFIED.,
 .F.,.F.,(4,4),(0.,0.0604322746084526),.UNSPECIFIED.);
#16=B_SPLINE_CURVE_WITH_KNOTS('',3,(#507,#508,#509,#510,#511,#512,#513,
#514,#515,#516,#517,#518,#519,#520,#521,#522,#523,#524,#525,#526,#527,#528,
#529,#530,#531,#532,#533,#534,#535,#536,#537,#538,#539,#540,#541,#542,#543,
#544,#545,#546,#547,#548,#549,#550,#551,#552,#553,#554,#555,#556,#557,#558,
#559,#560,#561,#562,#563,#564,#565,#566),.UNSPECIFIED.,.F.,.F.,(4,2,2,2,
2,2,2,2,2,2,2,2,2,2,2,2,2,2,2,2,2,2,2,2,2,2,2,2,2,4),(0.0604322746084526,
0.158776782795424,0.189610776220912,0.2202963103539,0.250921963316845,0.281557496719438,
0.312138619879386,0.342692864579431,0.372893167252403,0.403350818361531,
0.433755358575088,0.464133064614139,0.494487881643069,0.524807655763779,
0.554809650535731,0.585098314602592,0.615373995424656,0.645638162587196,
0.675901715955491,0.706155268788714,0.736400065641659,0.766342744975021,
0.796579805845985,0.826816728063883,0.857047357179799,0.887277904875677,
0.917508387256959,0.94743168731498,0.977657015940357,1.),.UNSPECIFIED.);
#17=B_SPLINE_CURVE_WITH_KNOTS('',3,(#568,#569,#570,#571,#572,#573,#574,
#575,#576,#577,#578,#579,#580,#581,#582,#583,#584,#585,#586,#587,#588,#589,
#590,#591,#592,#593,#594,#595,#596,#597,#598,#599,#600,#601,#602,#603,#604,
#605,#606,#607,#608,#609,#610,#611,#612,#613,#614,#615,#616,#617,#618,#619,
#620,#621,#622,#623),.UNSPECIFIED.,.F.,.F.,(4,2,2,2,2,2,2,2,2,2,2,2,2,2,
2,2,2,2,2,2,2,2,2,2,2,2,2,4),(0.216326847844651,0.2202963103539,0.250921963316845,
0.281557496719438,0.312138619879386,0.342692864579431,0.372893167252403,
0.403350818361531,0.433755358575088,0.464133064614139,0.494487881643069,
0.524807655763779,0.554809650535731,0.585098314602592,0.615373995424656,
0.645638162587196,0.675901715955491,0.706155268788714,0.736400065641659,
0.766342744975021,0.796579805845985,0.826816728063883,0.857047357179799,
0.887277904875677,0.917508387256959,0.94743168731498,0.977657015940357,
1.),.UNSPECIFIED.);
#18=B_SPLINE_CURVE_WITH_KNOTS('',3,(#625,#626,#627,#628,#629,#630),
 .UNSPECIFIED.,.F.,.F.,(4,2,4),(0.158776782795424,0.189610776220912,0.216326847844651),
 .UNSPECIFIED.);
#19=B_SPLINE_CURVE_WITH_KNOTS('',3,(#632,#633,#634,#635),.UNSPECIFIED.,
 .F.,.F.,(4,4),(0.0604322746084526,0.158776782795424),.UNSPECIFIED.);
#20=B_SPLINE_CURVE_WITH_KNOTS('',3,(#636,#637,#638,#639),.UNSPECIFIED.,
 .F.,.F.,(4,4),(0.,0.0604322746084526),.UNSPECIFIED.);
#21=B_SPLINE_SURFACE_WITH_KNOTS('',3,3,((#254,#255,#256,#257,#258,#259,
#260,#261,#262,#263,#264,#265,#266,#267,#268,#269,#270,#271,#272,#273,#274,
#275,#276,#277,#278,#279,#280,#281,#282,#283,#284,#285,#286,#287,#288,#289,
#290,#291,#292,#293,#294,#295,#296,#297,#298,#299,#300,#301,#302,#303,#304,
#305,#306,#307,#308,#309,#310,#311,#312,#313,#314,#315),(#316,#317,#318,
#319,#320,#321,#322,#323,#324,#325,#326,#327,#328,#329,#330,#331,#332,#333,
#334,#335,#336,#337,#338,#339,#340,#341,#342,#343,#344,#345,#346,#347,#348,
#349,#350,#351,#352,#353,#354,#355,#356,#357,#358,#359,#360,#361,#362,#363,
#364,#365,#366,#367,#368,#369,#370,#371,#372,#373,#374,#375,#376,#377),
(#378,#379,#380,#381,#382,#383,#384,#385,#386,#387,#388,#389,#390,#391,
#392,#393,#394,#395,#396,#397,#398,#399,#400,#401,#402,#403,#404,#405,#406,
#407,#408,#409,#410,#411,#412,#413,#414,#415,#416,#417,#418,#419,#420,#421,
#422,#423,#424,#425,#426,#427,#428,#429,#430,#431,#432,#433,#434,#435,#436,
#437,#438,#439),(#440,#441,#442,#443,#444,#445,#446,#447,#448,#449,#450,
#451,#452,#453,#454,#455,#456,#457,#458,#459,#460,#461,#462,#463,#464,#465,
#466,#467,#468,#469,#470,#471,#472,#473,#474,#475,#476,#477,#478,#479,#480,
#481,#482,#483,#484,#485,#486,#487,#488,#489,#490,#491,#492,#493,#494,#495,
#496,#497,#498,#499,#500,#501)),.UNSPECIFIED.,.F.,.F.,.F.,(4,4),(4,2,2,
2,2,2,2,2,2,2,2,2,2,2,2,2,2,2,2,2,2,2,2,2,2,2,2,2,2,2,4),(0.,1.),(0.,0.0604322746084526,
0.158776782795424,0.189610776220912,0.2202963103539,0.250921963316845,0.281557496719438,
0.312138619879386,0.342692864579431,0.372893167252403,0.403350818361531,
0.433755358575088,0.464133064614139,0.494487881643069,0.524807655763779,
0.554809650535731,0.585098314602592,0.615373995424656,0.645638162587196,
0.675901715955491,0.706155268788714,0.736400065641659,0.766342744975021,
0.796579805845985,0.826816728063883,0.857047357179799,0.887277904875677,
0.917508387256959,0.94743168731498,0.977657015940357,1.),.UNSPECIFIED.);
#22=B_SPLINE_SURFACE_WITH_KNOTS('',3,3,((#640,#641,#642,#643,#644,#645,
#646,#647,#648,#649,#650,#651,#652,#653,#654,#655,#656,#657,#658,#659,#660,
#661,#662,#663,#664,#665,#666,#667,#668,#669,#670,#671,#672,#673,#674,#675,
#676,#677,#678,#679,#680,#681,#682,#683,#684,#685,#686,#687,#688,#689,#690,
#691,#692,#693,#694,#695,#696,#697,#698,#699,#700,#701),(#702,#703,#704,
#705,#706,#707,#708,#709,#710,#711,#712,#713,#714,#715,#716,#717,#718,#719,
#720,#721,#722,#723,#724,#725,#726,#727,#728,#729,#730,#731,#732,#733,#734,
#735,#736,#737,#738,#739,#740,#741,#742,#743,#744,#745,#746,#747,#748,#749,
#750,#751,#752,#753,#754,#755,#756,#757,#758,#759,#760,#761,#762,#763),
(#764,#765,#766,#767,#768,#769,#770,#771,#772,#773,#774,#775,#776,#777,
#778,#779,#780,#781,#782,#783,#784,#785,#786,#787,#788,#789,#790,#791,#792,
#793,#794,#795,#796,#797,#798,#799,#800,#801,#802,#803,#804,#805,#806,#807,
#808,#809,#810,#811,#812,#813,#814,#815,#816,#817,#818,#819,#820,#821,#822,
#823,#824,#825),(#826,#827,#828,#829,#830,#831,#832,#833,#834,#835,#836,
#837,#838,#839,#840,#841,#842,#843,#844,#845,#846,#847,#848,#849,#850,#851,
#852,#853,#854,#855,#856,#857,#858,#859,#860,#861,#862,#863,#864,#865,#866,
#867,#868,#869,#870,#871,#872,#873,#874,#875,#876,#877,#878,#879,#880,#881,
#882,#883,#884,#885,#886,#887),(#888,#889,#890,#891,#892,#893,#894,#895,
#896,#897,#898,#899,#900,#901,#902,#903,#904,#905,#906,#907,#908,#909,#910,
#911,#912,#913,#914,#915,#916,#917,#918,#919,#920,#921,#922,#923,#924,#925,
#926,#927,#928,#929,#930,#931,#932,#933,#934,#935,#936,#937,#938,#939,#940,
#941,#942,#943,#944,#945,#946,#947,#948,#949),(#950,#951,#952,#953,#954,
#955,#956,#957,#958,#959,#960,#961,#962,#963,#964,#965,#966,#967,#968,#969,
#970,#971,#972,#973,#974,#975,#976,#977,#978,#979,#980,#981,#982,#983,#984,
#985,#986,#987,#988,#989,#990,#991,#992,#993,#994,#995,#996,#997,#998,#999,
#1000,#1001,#1002,#1003,#1004,#1005,#1006,#1007,#1008,#1009,#1010,#1011),
(#1012,#1013,#1014,#1015,#1016,#1017,#1018,#1019,#1020,#1021,#1022,#1023,
#1024,#1025,#1026,#1027,#1028,#1029,#1030,#1031,#1032,#1033,#1034,#1035,
#1036,#1037,#1038,#1039,#1040,#1041,#1042,#1043,#1044,#1045,#1046,#1047,
#1048,#1049,#1050,#1051,#1052,#1053,#1054,#1055,#1056,#1057,#1058,#1059,
#1060,#1061,#1062,#1063,#1064,#1065,#1066,#1067,#1068,#1069,#1070,#1071,
#1072,#1073),(#1074,#1075,#1076,#1077,#1078,#1079,#1080,#1081,#1082,#1083,
#1084,#1085,#1086,#1087,#1088,#1089,#1090,#1091,#1092,#1093,#1094,#1095,
#1096,#1097,#1098,#1099,#1100,#1101,#1102,#1103,#1104,#1105,#1106,#1107,
#1108,#1109,#1110,#1111,#1112,#1113,#1114,#1115,#1116,#1117,#1118,#1119,
#1120,#1121,#1122,#1123,#1124,#1125,#1126,#1127,#1128,#1129,#1130,#1131,
#1132,#1133,#1134,#1135),(#1136,#1137,#1138,#1139,#1140,#1141,#1142,#1143,
#1144,#1145,#1146,#1147,#1148,#1149,#1150,#1151,#1152,#1153,#1154,#1155,
#1156,#1157,#1158,#1159,#1160,#1161,#1162,#1163,#1164,#1165,#1166,#1167,
#1168,#1169,#1170,#1171,#1172,#1173,#1174,#1175,#1176,#1177,#1178,#1179,
#1180,#1181,#1182,#1183,#1184,#1185,#1186,#1187,#1188,#1189,#1190,#1191,
#1192,#1193,#1194,#1195,#1196,#1197),(#1198,#1199,#1200,#1201,#1202,#1203,
#1204,#1205,#1206,#1207,#1208,#1209,#1210,#1211,#1212,#1213,#1214,#1215,
#1216,#1217,#1218,#1219,#1220,#1221,#1222,#1223,#1224,#1225,#1226,#1227,
#1228,#1229,#1230,#1231,#1232,#1233,#1234,#1235,#1236,#1237,#1238,#1239,
#1240,#1241,#1242,#1243,#1244,#1245,#1246,#1247,#1248,#1249,#1250,#1251,
#1252,#1253,#1254,#1255,#1256,#1257,#1258,#1259),(#1260,#1261,#1262,#1263,
#1264,#1265,#1266,#1267,#1268,#1269,#1270,#1271,#1272,#1273,#1274,#1275,
#1276,#1277,#1278,#1279,#1280,#1281,#1282,#1283,#1284,#1285,#1286,#1287,
#1288,#1289,#1290,#1291,#1292,#1293,#1294,#1295,#1296,#1297,#1298,#1299,
#1300,#1301,#1302,#1303,#1304,#1305,#1306,#1307,#1308,#1309,#1310,#1311,
#1312,#1313,#1314,#1315,#1316,#1317,#1318,#1319,#1320,#1321),(#1322,#1323,
#1324,#1325,#1326,#1327,#1328,#1329,#1330,#1331,#1332,#1333,#1334,#1335,
#1336,#1337,#1338,#1339,#1340,#1341,#1342,#1343,#1344,#1345,#1346,#1347,
#1348,#1349,#1350,#1351,#1352,#1353,#1354,#1355,#1356,#1357,#1358,#1359,
#1360,#1361,#1362,#1363,#1364,#1365,#1366,#1367,#1368,#1369,#1370,#1371,
#1372,#1373,#1374,#1375,#1376,#1377,#1378,#1379,#1380,#1381,#1382,#1383),
(#1384,#1385,#1386,#1387,#1388,#1389,#1390,#1391,#1392,#1393,#1394,#1395,
#1396,#1397,#1398,#1399,#1400,#1401,#1402,#1403,#1404,#1405,#1406,#1407,
#1408,#1409,#1410,#1411,#1412,#1413,#1414,#1415,#1416,#1417,#1418,#1419,
#1420,#1421,#1422,#1423,#1424,#1425,#1426,#1427,#1428,#1429,#1430,#1431,
#1432,#1433,#1434,#1435,#1436,#1437,#1438,#1439,#1440,#1441,#1442,#1443,
#1444,#1445),(#1446,#1447,#1448,#1449,#1450,#1451,#1452,#1453,#1454,#1455,
#1456,#1457,#1458,#1459,#1460,#1461,#1462,#1463,#1464,#1465,#1466,#1467,
#1468,#1469,#1470,#1471,#1472,#1473,#1474,#1475,#1476,#1477,#1478,#1479,
#1480,#1481,#1482,#1483,#1484,#1485,#1486,#1487,#1488,#1489,#1490,#1491,
#1492,#1493,#1494,#1495,#1496,#1497,#1498,#1499,#1500,#1501,#1502,#1503,
#1504,#1505,#1506,#1507),(#1508,#1509,#1510,#1511,#1512,#1513,#1514,#1515,
#1516,#1517,#1518,#1519,#1520,#1521,#1522,#1523,#1524,#1525,#1526,#1527,
#1528,#1529,#1530,#1531,#1532,#1533,#1534,#1535,#1536,#1537,#1538,#1539,
#1540,#1541,#1542,#1543,#1544,#1545,#1546,#1547,#1548,#1549,#1550,#1551,
#1552,#1553,#1554,#1555,#1556,#1557,#1558,#1559,#1560,#1561,#1562,#1563,
#1564,#1565,#1566,#1567,#1568,#1569),(#1570,#1571,#1572,#1573,#1574,#1575,
#1576,#1577,#1578,#1579,#1580,#1581,#1582,#1583,#1584,#1585,#1586,#1587,
#1588,#1589,#1590,#1591,#1592,#1593,#1594,#1595,#1596,#1597,#1598,#1599,
#1600,#1601,#1602,#1603,#1604,#1605,#1606,#1607,#1608,#1609,#1610,#1611,
#1612,#1613,#1614,#1615,#1616,#1617,#1618,#1619,#1620,#1621,#1622,#1623,
#1624,#1625,#1626,#1627,#1628,#1629,#1630,#1631),(#1632,#1633,#1634,#1635,
#1636,#1637,#1638,#1639,#1640,#1641,#1642,#1643,#1644,#1645,#1646,#1647,
#1648,#1649,#1650,#1651,#1652,#1653,#1654,#1655,#1656,#1657,#1658,#1659,
#1660,#1661,#1662,#1663,#1664,#1665,#1666,#1667,#1668,#1669,#1670,#1671,
#1672,#1673,#1674,#1675,#1676,#1677,#1678,#1679,#1680,#1681,#1682,#1683,
#1684,#1685,#1686,#1687,#1688,#1689,#1690,#1691,#1692,#1693),(#1694,#1695,
#1696,#1697,#1698,#1699,#1700,#1701,#1702,#1703,#1704,#1705,#1706,#1707,
#1708,#1709,#1710,#1711,#1712,#1713,#1714,#1715,#1716,#1717,#1718,#1719,
#1720,#1721,#1722,#1723,#1724,#1725,#1726,#1727,#1728,#1729,#1730,#1731,
#1732,#1733,#1734,#1735,#1736,#1737,#1738,#1739,#1740,#1741,#1742,#1743,
#1744,#1745,#1746,#1747,#1748,#1749,#1750,#1751,#1752,#1753,#1754,#1755),
(#1756,#1757,#1758,#1759,#1760,#1761,#1762,#1763,#1764,#1765,#1766,#1767,
#1768,#1769,#1770,#1771,#1772,#1773,#1774,#1775,#1776,#1777,#1778,#1779,
#1780,#1781,#1782,#1783,#1784,#1785,#1786,#1787,#1788,#1789,#1790,#1791,
#1792,#1793,#1794,#1795,#1796,#1797,#1798,#1799,#1800,#1801,#1802,#1803,
#1804,#1805,#1806,#1807,#1808,#1809,#1810,#1811,#1812,#1813,#1814,#1815,
#1816,#1817),(#1818,#1819,#1820,#1821,#1822,#1823,#1824,#1825,#1826,#1827,
#1828,#1829,#1830,#1831,#1832,#1833,#1834,#1835,#1836,#1837,#1838,#1839,
#1840,#1841,#1842,#1843,#1844,#1845,#1846,#1847,#1848,#1849,#1850,#1851,
#1852,#1853,#1854,#1855,#1856,#1857,#1858,#1859,#1860,#1861,#1862,#1863,
#1864,#1865,#1866,#1867,#1868,#1869,#1870,#1871,#1872,#1873,#1874,#1875,
#1876,#1877,#1878,#1879),(#1880,#1881,#1882,#1883,#1884,#1885,#1886,#1887,
#1888,#1889,#1890,#1891,#1892,#1893,#1894,#1895,#1896,#1897,#1898,#1899,
#1900,#1901,#1902,#1903,#1904,#1905,#1906,#1907,#1908,#1909,#1910,#1911,
#1912,#1913,#1914,#1915,#1916,#1917,#1918,#1919,#1920,#1921,#1922,#1923,
#1924,#1925,#1926,#1927,#1928,#1929,#1930,#1931,#1932,#1933,#1934,#1935,
#1936,#1937,#1938,#1939,#1940,#1941),(#1942,#1943,#1944,#1945,#1946,#1947,
#1948,#1949,#1950,#1951,#1952,#1953,#1954,#1955,#1956,#1957,#1958,#1959,
#1960,#1961,#1962,#1963,#1964,#1965,#1966,#1967,#1968,#1969,#1970,#1971,
#1972,#1973,#1974,#1975,#1976,#1977,#1978,#1979,#1980,#1981,#1982,#1983,
#1984,#1985,#1986,#1987,#1988,#1989,#1990,#1991,#1992,#1993,#1994,#1995,
#1996,#1997,#1998,#1999,#2000,#2001,#2002,#2003),(#2004,#2005,#2006,#2007,
#2008,#2009,#2010,#2011,#2012,#2013,#2014,#2015,#2016,#2017,#2018,#2019,
#2020,#2021,#2022,#2023,#2024,#2025,#2026,#2027,#2028,#2029,#2030,#2031,
#2032,#2033,#2034,#2035,#2036,#2037,#2038,#2039,#2040,#2041,#2042,#2043,
#2044,#2045,#2046,#2047,#2048,#2049,#2050,#2051,#2052,#2053,#2054,#2055,
#2056,#2057,#2058,#2059,#2060,#2061,#2062,#2063,#2064,#2065),(#2066,#2067,
#2068,#2069,#2070,#2071,#2072,#2073,#2074,#2075,#2076,#2077,#2078,#2079,
#2080,#2081,#2082,#2083,#2084,#2085,#2086,#2087,#2088,#2089,#2090,#2091,
#2092,#2093,#2094,#2095,#2096,#2097,#2098,#2099,#2100,#2101,#2102,#2103,
#2104,#2105,#2106,#2107,#2108,#2109,#2110,#2111,#2112,#2113,#2114,#2115,
#2116,#2117,#2118,#2119,#2120,#2121,#2122,#2123,#2124,#2125,#2126,#2127),
(#2128,#2129,#2130,#2131,#2132,#2133,#2134,#2135,#2136,#2137,#2138,#2139,
#2140,#2141,#2142,#2143,#2144,#2145,#2146,#2147,#2148,#2149,#2150,#2151,
#2152,#2153,#2154,#2155,#2156,#2157,#2158,#2159,#2160,#2161,#2162,#2163,
#2164,#2165,#2166,#2167,#2168,#2169,#2170,#2171,#2172,#2173,#2174,#2175,
#2176,#2177,#2178,#2179,#2180,#2181,#2182,#2183,#2184,#2185,#2186,#2187,
#2188,#2189),(#2190,#2191,#2192,#2193,#2194,#2195,#2196,#2197,#2198,#2199,
#2200,#2201,#2202,#2203,#2204,#2205,#2206,#2207,#2208,#2209,#2210,#2211,
#2212,#2213,#2214,#2215,#2216,#2217,#2218,#2219,#2220,#2221,#2222,#2223,
#2224,#2225,#2226,#2227,#2228,#2229,#2230,#2231,#2232,#2233,#2234,#2235,
#2236,#2237,#2238,#2239,#2240,#2241,#2242,#2243,#2244,#2245,#2246,#2247,
#2248,#2249,#2250,#2251),(#2252,#2253,#2254,#2255,#2256,#2257,#2258,#2259,
#2260,#2261,#2262,#2263,#2264,#2265,#2266,#2267,#2268,#2269,#2270,#2271,
#2272,#2273,#2274,#2275,#2276,#2277,#2278,#2279,#2280,#2281,#2282,#2283,
#2284,#2285,#2286,#2287,#2288,#2289,#2290,#2291,#2292,#2293,#2294,#2295,
#2296,#2297,#2298,#2299,#2300,#2301,#2302,#2303,#2304,#2305,#2306,#2307,
#2308,#2309,#2310,#2311,#2312,#2313),(#2314,#2315,#2316,#2317,#2318,#2319,
#2320,#2321,#2322,#2323,#2324,#2325,#2326,#2327,#2328,#2329,#2330,#2331,
#2332,#2333,#2334,#2335,#2336,#2337,#2338,#2339,#2340,#2341,#2342,#2343,
#2344,#2345,#2346,#2347,#2348,#2349,#2350,#2351,#2352,#2353,#2354,#2355,
#2356,#2357,#2358,#2359,#2360,#2361,#2362,#2363,#2364,#2365,#2366,#2367,
#2368,#2369,#2370,#2371,#2372,#2373,#2374,#2375),(#2376,#2377,#2378,#2379,
#2380,#2381,#2382,#2383,#2384,#2385,#2386,#2387,#2388,#2389,#2390,#2391,
#2392,#2393,#2394,#2395,#2396,#2397,#2398,#2399,#2400,#2401,#2402,#2403,
#2404,#2405,#2406,#2407,#2408,#2409,#2410,#2411,#2412,#2413,#2414,#2415,
#2416,#2417,#2418,#2419,#2420,#2421,#2422,#2423,#2424,#2425,#2426,#2427,
#2428,#2429,#2430,#2431,#2432,#2433,#2434,#2435,#2436,#2437),(#2438,#2439,
#2440,#2441,#2442,#2443,#2444,#2445,#2446,#2447,#2448,#2449,#2450,#2451,
#2452,#2453,#2454,#2455,#2456,#2457,#2458,#2459,#2460,#2461,#2462,#2463,
#2464,#2465,#2466,#2467,#2468,#2469,#2470,#2471,#2472,#2473,#2474,#2475,
#2476,#2477,#2478,#2479,#2480,#2481,#2482,#2483,#2484,#2485,#2486,#2487,
#2488,#2489,#2490,#2491,#2492,#2493,#2494,#2495,#2496,#2497,#2498,#2499),
(#2500,#2501,#2502,#2503,#2504,#2505,#2506,#2507,#2508,#2509,#2510,#2511,
#2512,#2513,#2514,#2515,#2516,#2517,#2518,#2519,#2520,#2521,#2522,#2523,
#2524,#2525,#2526,#2527,#2528,#2529,#2530,#2531,#2532,#2533,#2534,#2535,
#2536,#2537,#2538,#2539,#2540,#2541,#2542,#2543,#2544,#2545,#2546,#2547,
#2548,#2549,#2550,#2551,#2552,#2553,#2554,#2555,#2556,#2557,#2558,#2559,
#2560,#2561),(#2562,#2563,#2564,#2565,#2566,#2567,#2568,#2569,#2570,#2571,
#2572,#2573,#2574,#2575,#2576,#2577,#2578,#2579,#2580,#2581,#2582,#2583,
#2584,#2585,#2586,#2587,#2588,#2589,#2590,#2591,#2592,#2593,#2594,#2595,
#2596,#2597,#2598,#2599,#2600,#2601,#2602,#2603,#2604,#2605,#2606,#2607,
#2608,#2609,#2610,#2611,#2612,#2613,#2614,#2615,#2616,#2617,#2618,#2619,
#2620,#2621,#2622,#2623),(#2624,#2625,#2626,#2627,#2628,#2629,#2630,#2631,
#2632,#2633,#2634,#2635,#2636,#2637,#2638,#2639,#2640,#2641,#2642,#2643,
#2644,#2645,#2646,#2647,#2648,#2649,#2650,#2651,#2652,#2653,#2654,#2655,
#2656,#2657,#2658,#2659,#2660,#2661,#2662,#2663,#2664,#2665,#2666,#2667,
#2668,#2669,#2670,#2671,#2672,#2673,#2674,#2675,#2676,#2677,#2678,#2679,
#2680,#2681,#2682,#2683,#2684,#2685),(#2686,#2687,#2688,#2689,#2690,#2691,
#2692,#2693,#2694,#2695,#2696,#2697,#2698,#2699,#2700,#2701,#2702,#2703,
#2704,#2705,#2706,#2707,#2708,#2709,#2710,#2711,#2712,#2713,#2714,#2715,
#2716,#2717,#2718,#2719,#2720,#2721,#2722,#2723,#2724,#2725,#2726,#2727,
#2728,#2729,#2730,#2731,#2732,#2733,#2734,#2735,#2736,#2737,#2738,#2739,
#2740,#2741,#2742,#2743,#2744,#2745,#2746,#2747),(#2748,#2749,#2750,#2751,
#2752,#2753,#2754,#2755,#2756,#2757,#2758,#2759,#2760,#2761,#2762,#2763,
#2764,#2765,#2766,#2767,#2768,#2769,#2770,#2771,#2772,#2773,#2774,#2775,
#2776,#2777,#2778,#2779,#2780,#2781,#2782,#2783,#2784,#2785,#2786,#2787,
#2788,#2789,#2790,#2791,#2792,#2793,#2794,#2795,#2796,#2797,#2798,#2799,
#2800,#2801,#2802,#2803,#2804,#2805,#2806,#2807,#2808,#2809),(#2810,#2811,
#2812,#2813,#2814,#2815,#2816,#2817,#2818,#2819,#2820,#2821,#2822,#2823,
#2824,#2825,#2826,#2827,#2828,#2829,#2830,#2831,#2832,#2833,#2834,#2835,
#2836,#2837,#2838,#2839,#2840,#2841,#2842,#2843,#2844,#2845,#2846,#2847,
#2848,#2849,#2850,#2851,#2852,#2853,#2854,#2855,#2856,#2857,#2858,#2859,
#2860,#2861,#2862,#2863,#2864,#2865,#2866,#2867,#2868,#2869,#2870,#2871),
(#2872,#2873,#2874,#2875,#2876,#2877,#2878,#2879,#2880,#2881,#2882,#2883,
#2884,#2885,#2886,#2887,#2888,#2889,#2890,#2891,#2892,#2893,#2894,#2895,
#2896,#2897,#2898,#2899,#2900,#2901,#2902,#2903,#2904,#2905,#2906,#2907,
#2908,#2909,#2910,#2911,#2912,#2913,#2914,#2915,#2916,#2917,#2918,#2919,
#2920,#2921,#2922,#2923,#2924,#2925,#2926,#2927,#2928,#2929,#2930,#2931,
#2932,#2933),(#2934,#2935,#2936,#2937,#2938,#2939,#2940,#2941,#2942,#2943,
#2944,#2945,#2946,#2947,#2948,#2949,#2950,#2951,#2952,#2953,#2954,#2955,
#2956,#2957,#2958,#2959,#2960,#2961,#2962,#2963,#2964,#2965,#2966,#2967,
#2968,#2969,#2970,#2971,#2972,#2973,#2974,#2975,#2976,#2977,#2978,#2979,
#2980,#2981,#2982,#2983,#2984,#2985,#2986,#2987,#2988,#2989,#2990,#2991,
#2992,#2993,#2994,#2995),(#2996,#2997,#2998,#2999,#3000,#3001,#3002,#3003,
#3004,#3005,#3006,#3007,#3008,#3009,#3010,#3011,#3012,#3013,#3014,#3015,
#3016,#3017,#3018,#3019,#3020,#3021,#3022,#3023,#3024,#3025,#3026,#3027,
#3028,#3029,#3030,#3031,#3032,#3033,#3034,#3035,#3036,#3037,#3038,#3039,
#3040,#3041,#3042,#3043,#3044,#3045,#3046,#3047,#3048,#3049,#3050,#3051,
#3052,#3053,#3054,#3055,#3056,#3057),(#3058,#3059,#3060,#3061,#3062,#3063,
#3064,#3065,#3066,#3067,#3068,#3069,#3070,#3071,#3072,#3073,#3074,#3075,
#3076,#3077,#3078,#3079,#3080,#3081,#3082,#3083,#3084,#3085,#3086,#3087,
#3088,#3089,#3090,#3091,#3092,#3093,#3094,#3095,#3096,#3097,#3098,#3099,
#3100,#3101,#3102,#3103,#3104,#3105,#3106,#3107,#3108,#3109,#3110,#3111,
#3112,#3113,#3114,#3115,#3116,#3117,#3118,#3119),(#3120,#3121,#3122,#3123,
#3124,#3125,#3126,#3127,#3128,#3129,#3130,#3131,#3132,#3133,#3134,#3135,
#3136,#3137,#3138,#3139,#3140,#3141,#3142,#3143,#3144,#3145,#3146,#3147,
#3148,#3149,#3150,#3151,#3152,#3153,#3154,#3155,#3156,#3157,#3158,#3159,
#3160,#3161,#3162,#3163,#3164,#3165,#3166,#3167,#3168,#3169,#3170,#3171,
#3172,#3173,#3174,#3175,#3176,#3177,#3178,#3179,#3180,#3181),(#3182,#3183,
#3184,#3185,#3186,#3187,#3188,#3189,#3190,#3191,#3192,#3193,#3194,#3195,
#3196,#3197,#3198,#3199,#3200,#3201,#3202,#3203,#3204,#3205,#3206,#3207,
#3208,#3209,#3210,#3211,#3212,#3213,#3214,#3215,#3216,#3217,#3218,#3219,
#3220,#3221,#3222,#3223,#3224,#3225,#3226,#3227,#3228,#3229,#3230,#3231,
#3232,#3233,#3234,#3235,#3236,#3237,#3238,#3239,#3240,#3241,#3242,#3243),
(#3244,#3245,#3246,#3247,#3248,#3249,#3250,#3251,#3252,#3253,#3254,#3255,
#3256,#3257,#3258,#3259,#3260,#3261,#3262,#3263,#3264,#3265,#3266,#3267,
#3268,#3269,#3270,#3271,#3272,#3273,#3274,#3275,#3276,#3277,#3278,#3279,
#3280,#3281,#3282,#3283,#3284,#3285,#3286,#3287,#3288,#3289,#3290,#3291,
#3292,#3293,#3294,#3295,#3296,#3297,#3298,#3299,#3300,#3301,#3302,#3303,
#3304,#3305),(#3306,#3307,#3308,#3309,#3310,#3311,#3312,#3313,#3314,#3315,
#3316,#3317,#3318,#3319,#3320,#3321,#3322,#3323,#3324,#3325,#3326,#3327,
#3328,#3329,#3330,#3331,#3332,#3333,#3334,#3335,#3336,#3337,#3338,#3339,
#3340,#3341,#3342,#3343,#3344,#3345,#3346,#3347,#3348,#3349,#3350,#3351,
#3352,#3353,#3354,#3355,#3356,#3357,#3358,#3359,#3360,#3361,#3362,#3363,
#3364,#3365,#3366,#3367),(#3368,#3369,#3370,#3371,#3372,#3373,#3374,#3375,
#3376,#3377,#3378,#3379,#3380,#3381,#3382,#3383,#3384,#3385,#3386,#3387,
#3388,#3389,#3390,#3391,#3392,#3393,#3394,#3395,#3396,#3397,#3398,#3399,
#3400,#3401,#3402,#3403,#3404,#3405,#3406,#3407,#3408,#3409,#3410,#3411,
#3412,#3413,#3414,#3415,#3416,#3417,#3418,#3419,#3420,#3421,#3422,#3423,
#3424,#3425,#3426,#3427,#3428,#3429)),.UNSPECIFIED.,.F.,.F.,.F.,(4,1,1,
1,1,1,1,1,1,1,1,1,1,1,1,1,1,1,1,1,1,1,1,1,1,1,1,1,1,1,1,1,1,1,1,1,1,1,1,
1,1,1,4),(4,2,2,2,2,2,2,2,2,2,2,2,2,2,2,2,2,2,2,2,2,2,2,2,2,2,2,2,2,2,4),
(0.,0.0178571428571429,0.0357142857142857,0.0535714285714286,0.0714285714285714,
0.107142857142857,0.125,0.142857142857143,0.19047619047619,0.238095238095238,
0.261904761904762,0.285714285714286,0.333333333333333,0.357142857142857,
0.380952380952381,0.404761904761905,0.428571428571429,0.452380952380952,
0.476190476190476,0.5,0.511904761904762,0.523809523809524,0.535714285714286,
0.547619047619048,0.571428571428571,0.583333333333333,0.595238095238095,
0.607142857142857,0.619047619047619,0.642857142857143,0.666666666666667,
0.69047619047619,0.714285714285714,0.732142857142857,0.767857142857143,
0.785714285714286,0.803571428571428,0.821428571428571,0.857142857142857,
0.892857142857143,0.928571428571429,0.964285714285714,1.),(0.,0.0604322746084526,
0.158776782795424,0.189610776220912,0.2202963103539,0.250921963316845,0.281557496719438,
0.312138619879386,0.342692864579431,0.372893167252403,0.403350818361531,
0.433755358575088,0.464133064614139,0.494487881643069,0.524807655763779,
0.554809650535731,0.585098314602592,0.615373995424656,0.645638162587196,
0.675901715955491,0.706155268788714,0.736400065641659,0.766342744975021,
0.796579805845985,0.826816728063883,0.857047357179799,0.887277904875677,
0.917508387256959,0.94743168731498,0.977657015940357,1.),.UNSPECIFIED.);
#23=CIRCLE('',#96,18.36);
#24=CIRCLE('',#97,18.36);
#25=FACE_OUTER_BOUND('',#29,.T.);
#26=FACE_OUTER_BOUND('',#30,.T.);
#27=FACE_OUTER_BOUND('',#31,.T.);
#28=FACE_OUTER_BOUND('',#32,.T.);
#29=EDGE_LOOP('',(#54,#55));
#30=EDGE_LOOP('',(#56,#57));
#31=EDGE_LOOP('',(#58,#59,#60,#61,#62,#63,#64,#65));
#32=EDGE_LOOP('',(#66,#67,#68,#69,#70,#71,#72,#73));
#33=(
BOUNDED_CURVE()
B_SPLINE_CURVE(5,(#114,#115,#116,#117,#118,#119,#120,#121,#122,#123,#124,
#125,#126,#127,#128,#129,#130,#131,#132,#133,#134,#135,#136,#137,#138,#139,
#140,#141,#142,#143,#144,#145,#146,#147,#148,#149,#150,#151,#152,#153,#154,
#155,#156,#157,#158,#159,#160,#161,#162,#163,#164,#165,#166,#167,#168,#169,
#170,#171,#172,#173,#174,#175,#176,#177,#178,#179,#180,#181,#182,#183,#184,
#185,#186,#187,#188,#189,#190,#191,#192,#193,#194,#195,#196,#197,#198,#199,
#200,#201,#202,#203,#204,#205,#206,#207,#208,#209,#210,#211,#212,#213,#214,
#215,#216,#217,#218,#219,#220,#221,#222,#223,#224,#225,#226,#227,#228,#229,
#230,#231,#232,#233,#234,#235,#236,#237,#238,#239,#240,#241,#242,#243,#244,
#245,#246,#247,#248),.UNSPECIFIED.,.F.,.F.)
B_SPLINE_CURVE_WITH_KNOTS((6,1,1,1,1,1,1,1,1,1,1,1,1,1,1,1,1,1,1,1,1,1,
1,1,1,1,1,1,1,1,1,1,1,1,1,1,1,1,1,1,1,1,1,1,1,1,1,1,1,1,1,1,1,1,1,1,1,1,
1,1,1,1,1,1,1,1,1,1,1,1,1,1,1,1,1,1,1,1,1,1,1,1,1,1,1,1,1,1,1,1,1,1,1,1,
1,1,1,1,1,1,1,1,1,1,1,1,1,1,1,1,1,1,1,1,1,1,1,1,1,1,1,1,1,1,1,1,1,1,1,1,
6),(0.,0.00769230769230769,0.0153846153846154,0.0230769230769231,0.0307692307692308,
0.0384615384615385,0.0461538461538462,0.0538461538461538,0.0615384615384615,
0.0692307692307692,0.0769230769230769,0.0846153846153846,0.0923076923076923,
0.1,0.107692307692308,0.115384615384615,0.123076923076923,0.130769230769231,
0.138461538461538,0.146153846153846,0.153846153846154,0.161538461538462,
0.169230769230769,0.176923076923077,0.184615384615385,0.192307692307692,
0.2,0.207692307692308,0.215384615384615,0.223076923076923,0.230769230769231,
0.238461538461538,0.246153846153846,0.253846153846154,0.261538461538461,
0.269230769230769,0.276923076923077,0.284615384615384,0.292307692307692,
0.3,0.307692307692307,0.315384615384615,0.323076923076923,0.33076923076923,
0.338461538461538,0.346153846153846,0.353846153846153,0.361538461538461,
0.369230769230769,0.376923076923076,0.384615384615384,0.392307692307692,
0.399999999999999,0.407692307692307,0.415384615384615,0.423076923076922,
0.43076923076923,0.438461538461538,0.446153846153845,0.453846153846153,
0.461538461538461,0.469230769230768,0.476923076923076,0.484615384615384,
0.492307692307691,0.499999999999999,0.507692307692307,0.515384615384614,
0.523076923076922,0.53076923076923,0.538461538461537,0.546153846153845,
0.553846153846153,0.56153846153846,0.569230769230768,0.576923076923076,
0.584615384615383,0.592307692307691,0.599999999999999,0.607692307692306,
0.615384615384614,0.623076923076922,0.630769230769229,0.638461538461537,
0.646153846153845,0.653846153846152,0.66153846153846,0.669230769230768,
0.676923076923075,0.684615384615383,0.692307692307691,0.699999999999998,
0.707692307692306,0.715384615384614,0.723076923076921,0.730769230769229,
0.738461538461537,0.746153846153844,0.753846153846152,0.76153846153846,
0.769230769230767,0.776923076923075,0.784615384615383,0.79230769230769,
0.799999999999998,0.807692307692306,0.815384615384613,0.823076923076921,
0.830769230769229,0.838461538461536,0.846153846153844,0.853846153846152,
0.861538461538459,0.869230769230767,0.876923076923075,0.884615384615382,
0.89230769230769,0.899999999999998,0.907692307692305,0.915384615384613,
0.923076923076921,0.930769230769228,0.938461538461536,0.946153846153844,
0.953846153846151,0.961538461538459,0.969230769230767,0.976923076923074,
0.984615384615382,0.99230769230769,1.),.UNSPECIFIED.)
CURVE()
GEOMETRIC_REPRESENTATION_ITEM()
RATIONAL_B_SPLINE_CURVE((1.,1.,1.,1.,1.,1.,1.,1.,1.,1.,1.,1.,1.,1.,1.,1.,
1.,1.,1.,1.,1.,1.,1.,1.,1.,1.,1.,1.,1.,1.,1.,1.,1.,1.,1.,1.,1.,1.,1.,1.,
1.,1.,1.,1.,1.,1.,1.,1.,1.,1.,1.,1.,1.,1.,1.,1.,1.,1.,1.,1.,1.,1.,1.,1.,
1.,1.,1.,1.,1.,1.,1.,1.,1.,1.,1.,1.,1.,1.,1.,1.,1.,1.,1.,1.,1.,1.,1.,1.,
1.,1.,1.,1.,1.,1.,1.,1.,1.,1.,1.,1.,1.,1.,1.,1.,1.,1.,1.,1.,1.,1.,1.,1.,
1.,1.,1.,1.,1.,1.,1.,1.,1.,1.,1.,1.,1.,1.,1.,1.,1.,1.,1.,1.,1.,1.,1.))
REPRESENTATION_ITEM('')
);
#34=LINE('',#113,#35);
#35=VECTOR('',#102,10.);
#36=VERTEX_POINT('',#111);
#37=VERTEX_POINT('',#112);
#38=VERTEX_POINT('',#250);
#39=VERTEX_POINT('',#251);
#40=VERTEX_POINT('',#502);
#41=VERTEX_POINT('',#567);
#42=VERTEX_POINT('',#624);
#43=VERTEX_POINT('',#631);
#44=EDGE_CURVE('',#36,#37,#34,.T.);
#45=EDGE_CURVE('',#37,#36,#33,.T.);
#46=EDGE_CURVE('',#38,#39,#23,.T.);
#47=EDGE_CURVE('',#39,#38,#24,.T.);
#48=EDGE_CURVE('',#39,#40,#15,.T.);
#49=EDGE_CURVE('',#40,#37,#16,.T.);
#50=EDGE_CURVE('',#41,#36,#17,.T.);
#51=EDGE_CURVE('',#42,#41,#18,.T.);
#52=EDGE_CURVE('',#43,#42,#19,.T.);
#53=EDGE_CURVE('',#38,#43,#20,.T.);
#54=ORIENTED_EDGE('',*,*,#44,.T.);
#55=ORIENTED_EDGE('',*,*,#45,.T.);
#56=ORIENTED_EDGE('',*,*,#46,.F.);
#57=ORIENTED_EDGE('',*,*,#47,.F.);
#58=ORIENTED_EDGE('',*,*,#46,.T.);
#59=ORIENTED_EDGE('',*,*,#48,.T.);
#60=ORIENTED_EDGE('',*,*,#49,.T.);
#61=ORIENTED_EDGE('',*,*,#44,.F.);
#62=ORIENTED_EDGE('',*,*,#50,.F.);
#63=ORIENTED_EDGE('',*,*,#51,.F.);
#64=ORIENTED_EDGE('',*,*,#52,.F.);
#65=ORIENTED_EDGE('',*,*,#53,.F.);
#66=ORIENTED_EDGE('',*,*,#47,.T.);
#67=ORIENTED_EDGE('',*,*,#53,.T.);
#68=ORIENTED_EDGE('',*,*,#52,.T.);
#69=ORIENTED_EDGE('',*,*,#51,.T.);
#70=ORIENTED_EDGE('',*,*,#50,.T.);
#71=ORIENTED_EDGE('',*,*,#45,.F.);
#72=ORIENTED_EDGE('',*,*,#49,.F.);
#73=ORIENTED_EDGE('',*,*,#48,.F.);
#74=PLANE('',#94);
#75=PLANE('',#95);
#76=ADVANCED_FACE('',(#25),#74,.T.);
#77=ADVANCED_FACE('',(#26),#75,.F.);
#78=ADVANCED_FACE('',(#27),#21,.T.);
#79=ADVANCED_FACE('',(#28),#22,.T.);
#80=CLOSED_SHELL('',(#76,#77,#78,#79));
#81=DERIVED_UNIT_ELEMENT(#83,1.);
#82=DERIVED_UNIT_ELEMENT(#3435,-3.);
#83=(
MASS_UNIT()
NAMED_UNIT(*)
SI_UNIT(.KILO.,.GRAM.)
);
#84=DERIVED_UNIT((#81,#82));
#85=MEASURE_REPRESENTATION_ITEM('density measure',
POSITIVE_RATIO_MEASURE(7850.),#84);
#86=PROPERTY_DEFINITION_REPRESENTATION(#91,#88);
#87=PROPERTY_DEFINITION_REPRESENTATION(#92,#89);
#88=REPRESENTATION('material name',(#90),#3432);
#89=REPRESENTATION('density',(#85),#3432);
#90=DESCRIPTIVE_REPRESENTATION_ITEM('Steel','Steel');
#91=PROPERTY_DEFINITION('material property','material name',#3442);
#92=PROPERTY_DEFINITION('material property','density of part',#3442);
#93=AXIS2_PLACEMENT_3D('',#109,#98,#99);
#94=AXIS2_PLACEMENT_3D('',#110,#100,#101);
#95=AXIS2_PLACEMENT_3D('',#249,#103,#104);
#96=AXIS2_PLACEMENT_3D('',#252,#105,#106);
#97=AXIS2_PLACEMENT_3D('',#253,#107,#108);
#98=DIRECTION('axis',(0.,0.,1.));
#99=DIRECTION('refdir',(1.,0.,0.));
#100=DIRECTION('center_axis',(0.,0.,1.));
#101=DIRECTION('ref_axis',(1.,0.,0.));
#102=DIRECTION('',(0.986035581092366,-0.166534779610265,0.));
#103=DIRECTION('center_axis',(0.,0.,1.));
#104=DIRECTION('ref_axis',(1.,0.,0.));
#105=DIRECTION('center_axis',(0.,0.,1.));
#106=DIRECTION('ref_axis',(1.,0.,0.));
#107=DIRECTION('center_axis',(0.,0.,1.));
#108=DIRECTION('ref_axis',(1.,0.,0.));
#109=CARTESIAN_POINT('',(0.,0.,0.));
#110=CARTESIAN_POINT('Origin',(0.282109535610922,0.0448368452503317,302.5));
#111=CARTESIAN_POINT('',(0.75907438513482,0.0354153757286357,302.5));
#112=CARTESIAN_POINT('',(0.767245460002758,0.0340353361251933,302.5));
#113=CARTESIAN_POINT('',(0.75907438513482,0.0354153757286357,302.5));
#114=CARTESIAN_POINT('Ctrl Pts',(0.767245460002758,0.0340353361251933,302.5));
#115=CARTESIAN_POINT('Ctrl Pts',(0.766975351476474,0.0341031071647513,302.5));
#116=CARTESIAN_POINT('Ctrl Pts',(0.766294413829006,0.0342930407182274,302.5));
#117=CARTESIAN_POINT('Ctrl Pts',(0.764850846677697,0.0347411140896803,302.5));
#118=CARTESIAN_POINT('Ctrl Pts',(0.762081678208225,0.0356649347582938,302.5));
#119=CARTESIAN_POINT('Ctrl Pts',(0.75722198745802,0.0373535052613305,302.5));
#120=CARTESIAN_POINT('Ctrl Pts',(0.750992075246294,0.0395452129624507,302.5));
#121=CARTESIAN_POINT('Ctrl Pts',(0.743448899499481,0.0421780960923024,302.5));
#122=CARTESIAN_POINT('Ctrl Pts',(0.734687099323972,0.0451497173188264,302.5));
#123=CARTESIAN_POINT('Ctrl Pts',(0.724822624917862,0.0483386383884055,302.5));
#124=CARTESIAN_POINT('Ctrl Pts',(0.713976661746005,0.0516257058226866,302.5));
#125=CARTESIAN_POINT('Ctrl Pts',(0.702260948015416,0.0549132405885022,302.5));
#126=CARTESIAN_POINT('Ctrl Pts',(0.689758824594404,0.0581504308330405,302.5));
#127=CARTESIAN_POINT('Ctrl Pts',(0.676525206766148,0.061331387224679,302.5));
#128=CARTESIAN_POINT('Ctrl Pts',(0.662598268995025,0.0644763040851659,302.5));
#129=CARTESIAN_POINT('Ctrl Pts',(0.648007846116638,0.0676173388171586,302.5));
#130=CARTESIAN_POINT('Ctrl Pts',(0.6327846027617,0.07078343250569,302.5));
#131=CARTESIAN_POINT('Ctrl Pts',(0.616970388594993,0.0739832921622352,302.5));
#132=CARTESIAN_POINT('Ctrl Pts',(0.600616291098339,0.0772070400356695,302.5));
#133=CARTESIAN_POINT('Ctrl Pts',(0.583777689860299,0.080432446812313,302.5));
#134=CARTESIAN_POINT('Ctrl Pts',(0.566510201635184,0.0836297133627184,302.5));
#135=CARTESIAN_POINT('Ctrl Pts',(0.548865583485796,0.0867665523321426,302.5));
#136=CARTESIAN_POINT('Ctrl Pts',(0.530886811986906,0.0898139164631306,302.5));
#137=CARTESIAN_POINT('Ctrl Pts',(0.512608183499423,0.0927471291272053,302.5));
#138=CARTESIAN_POINT('Ctrl Pts',(0.494057605138529,0.0955449518176987,302.5));
#139=CARTESIAN_POINT('Ctrl Pts',(0.475258211899687,0.0981893128982203,302.5));
#140=CARTESIAN_POINT('Ctrl Pts',(0.456230182996427,0.100664780772091,302.5));
#141=CARTESIAN_POINT('Ctrl Pts',(0.436992664206102,0.102958102836155,302.5));
#142=CARTESIAN_POINT('Ctrl Pts',(0.417564967088044,0.105057875759631,302.5));
#143=CARTESIAN_POINT('Ctrl Pts',(0.39796651221244,0.106954527673409,302.5));
#144=CARTESIAN_POINT('Ctrl Pts',(0.378217070271583,0.108640223468146,302.5));
#145=CARTESIAN_POINT('Ctrl Pts',(0.358336884004371,0.110108803006377,302.5));
#146=CARTESIAN_POINT('Ctrl Pts',(0.338346839220007,0.11135570416239,302.5));
#147=CARTESIAN_POINT('Ctrl Pts',(0.31826862081783,0.112377898245626,302.5));
#148=CARTESIAN_POINT('Ctrl Pts',(0.298124520310139,0.113173542546139,302.5));
#149=CARTESIAN_POINT('Ctrl Pts',(0.277937238432953,0.113741637126465,302.5));
#150=CARTESIAN_POINT('Ctrl Pts',(0.257729679830219,0.1140816656232,302.5));
#151=CARTESIAN_POINT('Ctrl Pts',(0.237524774438862,0.114193276982966,302.5));
#152=CARTESIAN_POINT('Ctrl Pts',(0.217345230113448,0.114075866444459,302.5));
#153=CARTESIAN_POINT('Ctrl Pts',(0.19721354624763,0.113728536712576,302.5));
#154=CARTESIAN_POINT('Ctrl Pts',(0.177152270772549,0.113150413208118,302.5));
#155=CARTESIAN_POINT('Ctrl Pts',(0.15718419108499,0.112340863311431,302.5));
#156=CARTESIAN_POINT('Ctrl Pts',(0.137332549587705,0.111299751655125,302.5));
#157=CARTESIAN_POINT('Ctrl Pts',(0.117621254626292,0.110027688466461,302.5));
#158=CARTESIAN_POINT('Ctrl Pts',(0.0980750767347927,0.10852625793325,302.5));
#159=CARTESIAN_POINT('Ctrl Pts',(0.0787194687829773,0.106797747800591,302.5));
#160=CARTESIAN_POINT('Ctrl Pts',(0.059580415076288,0.104844911666846,302.5));
#161=CARTESIAN_POINT('Ctrl Pts',(0.040684251659342,0.102670707263924,302.5));
#162=CARTESIAN_POINT('Ctrl Pts',(0.0220575399171685,0.100278072541145,302.5));
#163=CARTESIAN_POINT('Ctrl Pts',(0.00372681338922654,0.0976696163301671,
302.5));
#164=CARTESIAN_POINT('Ctrl Pts',(-0.0142810737319321,0.0948477150211413,
302.5));
#165=CARTESIAN_POINT('Ctrl Pts',(-0.0319383454721977,0.0918147895580013,
302.5));
#166=CARTESIAN_POINT('Ctrl Pts',(-0.0492157431671058,0.0885735351800199,
302.5));
#167=CARTESIAN_POINT('Ctrl Pts',(-0.0660820360505276,0.0851271491188743,
302.5));
#168=CARTESIAN_POINT('Ctrl Pts',(-0.0825032855630025,0.0814796127487982,
302.5));
#169=CARTESIAN_POINT('Ctrl Pts',(-0.0984429908073103,0.077635757215635,
302.5));
#170=CARTESIAN_POINT('Ctrl Pts',(-0.113863337067409,0.073601042608249,302.5));
#171=CARTESIAN_POINT('Ctrl Pts',(-0.128726276387239,0.0693813963263223,
302.5));
#172=CARTESIAN_POINT('Ctrl Pts',(-0.142994445353357,0.0649830552005293,
302.5));
#173=CARTESIAN_POINT('Ctrl Pts',(-0.156632708410511,0.0604123399962131,
302.5));
#174=CARTESIAN_POINT('Ctrl Pts',(-0.169607518591939,0.0556756949353154,
302.5));
#175=CARTESIAN_POINT('Ctrl Pts',(-0.1818830525912,0.0507801936311636,302.5));
#176=CARTESIAN_POINT('Ctrl Pts',(-0.193417726696008,0.0457338957284081,
302.5));
#177=CARTESIAN_POINT('Ctrl Pts',(-0.204161359670265,0.0405463510263693,
302.5));
#178=CARTESIAN_POINT('Ctrl Pts',(-0.214050061748042,0.0352288264911982,
302.5));
#179=CARTESIAN_POINT('Ctrl Pts',(-0.223011510505564,0.0297956305945535,
302.5));
#180=CARTESIAN_POINT('Ctrl Pts',(-0.230977241140964,0.0242660364071934,
302.5));
#181=CARTESIAN_POINT('Ctrl Pts',(-0.237892134113856,0.0186661581365211,
302.5));
#182=CARTESIAN_POINT('Ctrl Pts',(-0.243726608933046,0.0130305532141883,
302.5));
#183=CARTESIAN_POINT('Ctrl Pts',(-0.248483204022428,0.00740479333155464,
302.5));
#184=CARTESIAN_POINT('Ctrl Pts',(-0.252166100365354,0.00185471700382522,
302.5));
#185=CARTESIAN_POINT('Ctrl Pts',(-0.254753792698105,-0.00352466110770555,
302.5));
#186=CARTESIAN_POINT('Ctrl Pts',(-0.256171627632833,-0.00860077072363685,
302.5));
#187=CARTESIAN_POINT('Ctrl Pts',(-0.256261505830928,-0.0131930764761545,
302.5));
#188=CARTESIAN_POINT('Ctrl Pts',(-0.254834710753022,-0.0171143360210135,
302.5));
#189=CARTESIAN_POINT('Ctrl Pts',(-0.251728409543426,-0.0202140347872559,
302.5));
#190=CARTESIAN_POINT('Ctrl Pts',(-0.246861266760244,-0.0224214266191292,
302.5));
#191=CARTESIAN_POINT('Ctrl Pts',(-0.240288275644904,-0.0237877523785068,
302.5));
#192=CARTESIAN_POINT('Ctrl Pts',(-0.232153588413453,-0.0244427391113478,
302.5));
#193=CARTESIAN_POINT('Ctrl Pts',(-0.222643161024512,-0.0245507919043408,
302.5));
#194=CARTESIAN_POINT('Ctrl Pts',(-0.211940322532259,-0.0242699521374146,
302.5));
#195=CARTESIAN_POINT('Ctrl Pts',(-0.200172898447456,-0.0237029882918538,
302.5));
#196=CARTESIAN_POINT('Ctrl Pts',(-0.187418839787695,-0.0229028261405906,
302.5));
#197=CARTESIAN_POINT('Ctrl Pts',(-0.17372641021864,-0.0218914875312626,
302.5));
#198=CARTESIAN_POINT('Ctrl Pts',(-0.159129171414019,-0.020674210506948,
302.5));
#199=CARTESIAN_POINT('Ctrl Pts',(-0.143663659659101,-0.0192560398454655,
302.5));
#200=CARTESIAN_POINT('Ctrl Pts',(-0.127384432561142,-0.0176560491612965,
302.5));
#201=CARTESIAN_POINT('Ctrl Pts',(-0.110357168570618,-0.0159021581950691,
302.5));
#202=CARTESIAN_POINT('Ctrl Pts',(-0.0926530803188163,-0.0140270972940415,
302.5));
#203=CARTESIAN_POINT('Ctrl Pts',(-0.0743427802330243,-0.012063908431843,
302.5));
#204=CARTESIAN_POINT('Ctrl Pts',(-0.0554905206899791,-0.0100417329392222,
302.5));
#205=CARTESIAN_POINT('Ctrl Pts',(-0.0361478900861045,-0.00798123279634355,
302.5));
#206=CARTESIAN_POINT('Ctrl Pts',(-0.0163566070546639,-0.0058958769069628,
302.5));
#207=CARTESIAN_POINT('Ctrl Pts',(0.00384825728818372,-0.0037935252204746,
302.5));
#208=CARTESIAN_POINT('Ctrl Pts',(0.0244350869797483,-0.00167793447196973,
302.5));
#209=CARTESIAN_POINT('Ctrl Pts',(0.0453728063120606,0.000449775736124369,
302.5));
#210=CARTESIAN_POINT('Ctrl Pts',(0.0666271357866255,0.00258946660019355,
302.5));
#211=CARTESIAN_POINT('Ctrl Pts',(0.088159997818622,0.00474109199246175,
302.5));
#212=CARTESIAN_POINT('Ctrl Pts',(0.109932181435926,0.00690460935844239,
302.5));
#213=CARTESIAN_POINT('Ctrl Pts',(0.131905098376393,0.00907967278179433,
302.5));
#214=CARTESIAN_POINT('Ctrl Pts',(0.154042973070443,0.0112654192678341,302.5));
#215=CARTESIAN_POINT('Ctrl Pts',(0.176314701044128,0.0134602048634147,302.5));
#216=CARTESIAN_POINT('Ctrl Pts',(0.198696238957032,0.0156613884797074,302.5));
#217=CARTESIAN_POINT('Ctrl Pts',(0.221168835749785,0.017864835086504,302.5));
#218=CARTESIAN_POINT('Ctrl Pts',(0.243716623668452,0.0200643858600502,302.5));
#219=CARTESIAN_POINT('Ctrl Pts',(0.266324414131101,0.0222513235536381,302.5));
#220=CARTESIAN_POINT('Ctrl Pts',(0.288975452678717,0.0244138734598143,302.5));
#221=CARTESIAN_POINT('Ctrl Pts',(0.311649084979959,0.0265366058402661,302.5));
#222=CARTESIAN_POINT('Ctrl Pts',(0.334318769149242,0.0286001202706387,302.5));
#223=CARTESIAN_POINT('Ctrl Pts',(0.356952936564769,0.0305830231632254,302.5));
#224=CARTESIAN_POINT('Ctrl Pts',(0.379515584231447,0.032463649372374,302.5));
#225=CARTESIAN_POINT('Ctrl Pts',(0.401966955554951,0.0342219569775981,302.5));
#226=CARTESIAN_POINT('Ctrl Pts',(0.424264211188918,0.0358411768779587,302.5));
#227=CARTESIAN_POINT('Ctrl Pts',(0.446362031427068,0.0373099874815885,302.5));
#228=CARTESIAN_POINT('Ctrl Pts',(0.468213502574333,0.0386230017571987,302.5));
#229=CARTESIAN_POINT('Ctrl Pts',(0.489771545868414,0.039778473951575,302.5));
#230=CARTESIAN_POINT('Ctrl Pts',(0.510990146431634,0.0407766890361749,302.5));
#231=CARTESIAN_POINT('Ctrl Pts',(0.531825821044933,0.0416179936910843,302.5));
#232=CARTESIAN_POINT('Ctrl Pts',(0.552238619022016,0.0423011773861914,302.5));
#233=CARTESIAN_POINT('Ctrl Pts',(0.572194269289166,0.0428211946970269,302.5));
#234=CARTESIAN_POINT('Ctrl Pts',(0.591659425715256,0.0431706589687808,302.5));
#235=CARTESIAN_POINT('Ctrl Pts',(0.610595187201484,0.0433423310406467,302.5));
#236=CARTESIAN_POINT('Ctrl Pts',(0.628950770587673,0.0433313904880472,302.5));
#237=CARTESIAN_POINT('Ctrl Pts',(0.64665806857654,0.0431375384305699,302.5));
#238=CARTESIAN_POINT('Ctrl Pts',(0.663623508991444,0.0427678062080783,302.5));
#239=CARTESIAN_POINT('Ctrl Pts',(0.679729242484115,0.0422368261260309,302.5));
#240=CARTESIAN_POINT('Ctrl Pts',(0.694848024467269,0.0415633234668711,302.5));
#241=CARTESIAN_POINT('Ctrl Pts',(0.708855327801245,0.0407674103408928,302.5));
#242=CARTESIAN_POINT('Ctrl Pts',(0.721641489536911,0.0398677787413448,302.5));
#243=CARTESIAN_POINT('Ctrl Pts',(0.733126473064067,0.0388783990328156,302.5));
#244=CARTESIAN_POINT('Ctrl Pts',(0.743263935735134,0.0378073917888511,302.5));
#245=CARTESIAN_POINT('Ctrl Pts',(0.750277207704793,0.0368886244519306,302.5));
#246=CARTESIAN_POINT('Ctrl Pts',(0.754916967911533,0.0361653116248306,302.5));
#247=CARTESIAN_POINT('Ctrl Pts',(0.757734516499228,0.0356678899572438,302.5));
#248=CARTESIAN_POINT('Ctrl Pts',(0.75907438513482,0.0354153757286357,302.5));
#249=CARTESIAN_POINT('Origin',(1.38454462743115,0.935791570445198,-20.));
#250=CARTESIAN_POINT('',(15.3378240486911,10.091617979858,-20.));
#251=CARTESIAN_POINT('',(15.0826802743948,10.469114372304,-20.));
#252=CARTESIAN_POINT('Origin',(0.,0.,-20.));
#253=CARTESIAN_POINT('Origin',(0.,0.,-20.));
#254=CARTESIAN_POINT('Ctrl Pts',(15.3378240486911,10.091617979858,-20.));
#255=CARTESIAN_POINT('Ctrl Pts',(14.769205357981,9.52836923706687,-13.1347645096192));
#256=CARTESIAN_POINT('Ctrl Pts',(14.769205357981,9.52836923706687,-6.46809784295251));
#257=CARTESIAN_POINT('Ctrl Pts',(16.263166108809,11.0082212511335,10.5258639591469));
#258=CARTESIAN_POINT('Ctrl Pts',(19.7399434716578,17.5283261017009,19.6000891915025));
#259=CARTESIAN_POINT('Ctrl Pts',(23.5379839025998,17.2498665752322,33.2606882418408));
#260=CARTESIAN_POINT('Ctrl Pts',(24.8278449758534,16.8169892014528,36.5752101755911));
#261=CARTESIAN_POINT('Ctrl Pts',(26.1426862043052,15.8737217679225,43.2087816499819));
#262=CARTESIAN_POINT('Ctrl Pts',(26.3982028044576,15.1354741761512,46.5634047141993));
#263=CARTESIAN_POINT('Ctrl Pts',(26.7701951175522,13.8474177758937,53.2300840994937));
#264=CARTESIAN_POINT('Ctrl Pts',(26.7184173138735,13.1336968526323,56.5672041060927));
#265=CARTESIAN_POINT('Ctrl Pts',(26.4914072891794,11.8268169461946,63.2338711195924));
#266=CARTESIAN_POINT('Ctrl Pts',(26.1808847975185,11.1614830559319,66.5636986808843));
#267=CARTESIAN_POINT('Ctrl Pts',(25.6258436697679,9.97998669096576,73.2303758807719));
#268=CARTESIAN_POINT('Ctrl Pts',(25.2962776467475,9.44132400227082,76.5651998613498));
#269=CARTESIAN_POINT('Ctrl Pts',(24.5845829950185,8.42989938808429,83.231869105302));
#270=CARTESIAN_POINT('Ctrl Pts',(24.1661566077375,7.96457028637029,86.5639800741167));
#271=CARTESIAN_POINT('Ctrl Pts',(23.3748899330208,7.11185813611569,93.1973752902028));
#272=CARTESIAN_POINT('Ctrl Pts',(22.9656301927965,6.72798431656948,96.4974266069655));
#273=CARTESIAN_POINT('Ctrl Pts',(22.1649228032138,6.01829849092312,103.130715895684));
#274=CARTESIAN_POINT('Ctrl Pts',(21.7511849803728,5.70137565601111,106.463752779355));
#275=CARTESIAN_POINT('Ctrl Pts',(20.9818594978056,5.11594072584566,113.130429599414));
#276=CARTESIAN_POINT('Ctrl Pts',(20.6220720577061,4.86028526056756,116.465193765167));
#277=CARTESIAN_POINT('Ctrl Pts',(19.895926584792,4.37600412355539,123.131863030567));
#278=CARTESIAN_POINT('Ctrl Pts',(19.5371682793925,4.1588343413757,126.465409445198));
#279=CARTESIAN_POINT('Ctrl Pts',(18.8385330423154,3.75221308507043,133.132078005735));
#280=CARTESIAN_POINT('Ctrl Pts',(18.4835608044855,3.56734314118366,136.46473925854));
#281=CARTESIAN_POINT('Ctrl Pts',(17.8426074144692,3.22904233450931,143.131410372804));
#282=CARTESIAN_POINT('Ctrl Pts',(17.5557060914919,3.08187771822203,146.465852363895));
#283=CARTESIAN_POINT('Ctrl Pts',(16.9767714669572,2.80046517595407,153.099202677074));
#284=CARTESIAN_POINT('Ctrl Pts',(16.6936585530578,2.67197054333917,156.399111865984));
#285=CARTESIAN_POINT('Ctrl Pts',(16.1549188471878,2.43321940765347,163.032428145977));
#286=CARTESIAN_POINT('Ctrl Pts',(15.8971018175587,2.32601873044349,166.365951789925));
#287=CARTESIAN_POINT('Ctrl Pts',(15.4013332908459,2.12356272935889,173.032619069325));
#288=CARTESIAN_POINT('Ctrl Pts',(15.1639975156677,2.03185882858796,176.366032481627));
#289=CARTESIAN_POINT('Ctrl Pts',(14.7125603012866,1.85972081831326,183.032699630556));
#290=CARTESIAN_POINT('Ctrl Pts',(14.5100856420256,1.78297807270196,186.366632863604));
#291=CARTESIAN_POINT('Ctrl Pts',(14.079573098903,1.63370189614635,193.033299531642));
#292=CARTESIAN_POINT('Ctrl Pts',(13.8510932451429,1.56290911159403,196.366115646663));
#293=CARTESIAN_POINT('Ctrl Pts',(13.4423711911884,1.4330011090891,203.032782677437));
#294=CARTESIAN_POINT('Ctrl Pts',(13.2495160423725,1.3740023094557,206.366184090684));
#295=CARTESIAN_POINT('Ctrl Pts',(12.8878121773022,1.26322367843293,213.032851036644));
#296=CARTESIAN_POINT('Ctrl Pts',(12.7318276350736,1.21414020242202,216.366685152413));
#297=CARTESIAN_POINT('Ctrl Pts',(12.3930058153301,1.11754640931922,223.00001811828));
#298=CARTESIAN_POINT('Ctrl Pts',(12.2093476222812,1.07079919394088,226.299561796534));
#299=CARTESIAN_POINT('Ctrl Pts',(11.8936003746371,0.986140227587314,232.932886471114));
#300=CARTESIAN_POINT('Ctrl Pts',(11.7610369232223,0.948825536544058,236.266659024058));
#301=CARTESIAN_POINT('Ctrl Pts',(11.4691153256387,0.874839783017201,242.933325690795));
#302=CARTESIAN_POINT('Ctrl Pts',(11.3105448904826,0.839197684493522,246.266319681004));
#303=CARTESIAN_POINT('Ctrl Pts',(11.0424459785445,0.774247994558789,252.932986492089));
#304=CARTESIAN_POINT('Ctrl Pts',(10.932822235553,0.745463879879021,256.266662177822));
#305=CARTESIAN_POINT('Ctrl Pts',(10.6887058976572,0.688496815475948,262.933328844512));
#306=CARTESIAN_POINT('Ctrl Pts',(10.5664697065507,0.661581816317949,266.266663065739));
#307=CARTESIAN_POINT('Ctrl Pts',(10.3217955022095,0.610054726203091,272.933329732421));
#308=CARTESIAN_POINT('Ctrl Pts',(10.1874007808596,0.58518208556485,276.266393612616));
#309=CARTESIAN_POINT('Ctrl Pts',(9.96720624996817,0.539847465467461,282.899732466948));
#310=CARTESIAN_POINT('Ctrl Pts',(9.88039650847655,0.519573265369832,286.199987670909));
#311=CARTESIAN_POINT('Ctrl Pts',(9.68428444925091,0.479650005080531,292.833320754101));
#312=CARTESIAN_POINT('Ctrl Pts',(11.7934169426901,0.556365978715336,297.305425356183));
#313=CARTESIAN_POINT('Ctrl Pts',(7.78455121262636,0.358662953018777,301.122260154463));
#314=CARTESIAN_POINT('Ctrl Pts',(4.87476606960955,0.222904012725672,302.122260154463));
#315=CARTESIAN_POINT('Ctrl Pts',(0.75907438513482,0.0354153757286357,302.5));
#316=CARTESIAN_POINT('Ctrl Pts',(15.2543418943596,10.2184989811898,-20.));
#317=CARTESIAN_POINT('Ctrl Pts',(14.6719055927032,9.66170826596093,-13.1347645096192));
#318=CARTESIAN_POINT('Ctrl Pts',(14.6719055927032,9.66170826596093,-6.46809784295251));
#319=CARTESIAN_POINT('Ctrl Pts',(16.2021700541925,11.124592776385,10.5258639591469));
#320=CARTESIAN_POINT('Ctrl Pts',(19.8119938043909,17.583540235797,19.6000891915025));
#321=CARTESIAN_POINT('Ctrl Pts',(23.6385432655977,17.2904093986156,33.2606882418408));
#322=CARTESIAN_POINT('Ctrl Pts',(24.9290161434605,16.8575651210868,36.5752101755911));
#323=CARTESIAN_POINT('Ctrl Pts',(26.2477999437584,15.9099323161815,43.2087816499819));
#324=CARTESIAN_POINT('Ctrl Pts',(26.5036544403177,15.1688651502546,46.5634047141993));
#325=CARTESIAN_POINT('Ctrl Pts',(26.8759740769757,13.8759462725365,53.2300840994937));
#326=CARTESIAN_POINT('Ctrl Pts',(26.8234615367301,13.1597300519868,56.5672041060927));
#327=CARTESIAN_POINT('Ctrl Pts',(26.5946365515572,11.8483830830268,63.2338711195924));
#328=CARTESIAN_POINT('Ctrl Pts',(26.2824975613124,11.1809254601964,66.5636986808843));
#329=CARTESIAN_POINT('Ctrl Pts',(25.7245730160142,9.99566057366541,73.2303758807719));
#330=CARTESIAN_POINT('Ctrl Pts',(25.3934206069028,9.45533880662902,76.5651998613498));
#331=CARTESIAN_POINT('Ctrl Pts',(24.6784173305976,8.44087069146769,83.231869105302));
#332=CARTESIAN_POINT('Ctrl Pts',(24.2581455053604,7.97421158250352,86.5639800741167));
#333=CARTESIAN_POINT('Ctrl Pts',(23.4634100389785,7.11908111422899,93.1973752902028));
#334=CARTESIAN_POINT('Ctrl Pts',(23.0524002852673,6.73415955594511,96.4974266069655));
#335=CARTESIAN_POINT('Ctrl Pts',(22.2483009493742,6.02257075169242,103.130715895684));
#336=CARTESIAN_POINT('Ctrl Pts',(21.8328488754704,5.70484145515206,106.463752779355));
#337=CARTESIAN_POINT('Ctrl Pts',(21.0603388108543,5.11792068751241,113.130429599414));
#338=CARTESIAN_POINT('Ctrl Pts',(20.6990760435284,4.86163475647453,116.465193765167));
#339=CARTESIAN_POINT('Ctrl Pts',(19.9699774365157,4.37619377316012,123.131863030567));
#340=CARTESIAN_POINT('Ctrl Pts',(19.6097771608202,4.15852943860529,126.465409445198));
#341=CARTESIAN_POINT('Ctrl Pts',(18.90834644453,3.75100296596769,133.132078005735));
#342=CARTESIAN_POINT('Ctrl Pts',(18.5519706125068,3.56575028227048,136.46473925854));
#343=CARTESIAN_POINT('Ctrl Pts',(17.9084793651069,3.22674242910627,143.131410372804));
#344=CARTESIAN_POINT('Ctrl Pts',(17.6204453463047,3.0792764750413,146.465852363895));
#345=CARTESIAN_POINT('Ctrl Pts',(17.0392370689068,2.79731110007106,153.099202677074));
#346=CARTESIAN_POINT('Ctrl Pts',(16.7550193247819,2.66857852490062,156.399111865984));
#347=CARTESIAN_POINT('Ctrl Pts',(16.2141816690381,2.4293950766315,163.032428145977));
#348=CARTESIAN_POINT('Ctrl Pts',(15.9553660979976,2.32201257451373,166.365951789925));
#349=CARTESIAN_POINT('Ctrl Pts',(15.4576802729835,2.11922002432092,173.032619069325));
#350=CARTESIAN_POINT('Ctrl Pts',(15.2194306688686,2.02737353941912,176.366032481627));
#351=CARTESIAN_POINT('Ctrl Pts',(14.7662570263281,1.85497246201077,183.032699630556));
#352=CARTESIAN_POINT('Ctrl Pts',(14.5630039169264,1.77811337279116,186.366632863604));
#353=CARTESIAN_POINT('Ctrl Pts',(14.1308469171827,1.62863918959445,193.033299531642));
#354=CARTESIAN_POINT('Ctrl Pts',(13.9015008303321,1.55777126616767,196.366115646663));
#355=CARTESIAN_POINT('Ctrl Pts',(13.4912266705987,1.42771723925385,203.032782677437));
#356=CARTESIAN_POINT('Ctrl Pts',(13.2976409356257,1.36865770164853,206.366184090684));
#357=CARTESIAN_POINT('Ctrl Pts',(12.9345667443548,1.25776471074104,213.032851036644));
#358=CARTESIAN_POINT('Ctrl Pts',(12.7779902387005,1.20862726281712,216.366685152413));
#359=CARTESIAN_POINT('Ctrl Pts',(12.4378903207575,1.11195183757337,223.00001811828));
#360=CARTESIAN_POINT('Ctrl Pts',(12.2535436658275,1.06518030617307,226.299561796534));
#361=CARTESIAN_POINT('Ctrl Pts',(11.9366094954296,0.98046429442204,232.932886471114));
#362=CARTESIAN_POINT('Ctrl Pts',(11.8035463587848,0.943119360975613,236.266659024058));
#363=CARTESIAN_POINT('Ctrl Pts',(11.5105307081996,0.869096087686632,242.933325690795));
#364=CARTESIAN_POINT('Ctrl Pts',(11.351369497455,0.833449758942165,246.266319681004));
#365=CARTESIAN_POINT('Ctrl Pts',(11.0822681282696,0.768476261739063,252.932986492089));
#366=CARTESIAN_POINT('Ctrl Pts',(10.9722327692101,0.73967450301065,256.266662177822));
#367=CARTESIAN_POINT('Ctrl Pts',(10.7272053247825,0.682693478450191,262.933328844512));
#368=CARTESIAN_POINT('Ctrl Pts',(10.6045141585587,0.65577720829497,266.266663065739));
#369=CARTESIAN_POINT('Ctrl Pts',(10.3589310643427,0.604255912258781,272.933329732421));
#370=CARTESIAN_POINT('Ctrl Pts',(10.2240397549187,0.579398638752534,276.266393612616));
#371=CARTESIAN_POINT('Ctrl Pts',(10.0030280690989,0.534072917275632,282.899732466948));
#372=CARTESIAN_POINT('Ctrl Pts',(9.91589431822321,0.513793695103901,286.199987670909));
#373=CARTESIAN_POINT('Ctrl Pts',(9.71905482526723,0.473879969882004,292.833320754101));
#374=CARTESIAN_POINT('Ctrl Pts',(11.8357385174242,0.549240731570288,297.305425356183));
#375=CARTESIAN_POINT('Ctrl Pts',(7.81248004515485,0.353929267874932,301.122260154463));
#376=CARTESIAN_POINT('Ctrl Pts',(4.89225408425122,0.21993371151956,302.122260154463));
#377=CARTESIAN_POINT('Ctrl Pts',(0.761798076757467,0.0349553625274881,302.5));
#378=CARTESIAN_POINT('Ctrl Pts',(15.1692852393754,10.3443440287463,-20.));
#379=CARTESIAN_POINT('Ctrl Pts',(14.5729085765292,9.79393057669416,-13.1347645096192));
#380=CARTESIAN_POINT('Ctrl Pts',(14.5729085765292,9.79393057669416,-6.46809784295251));
#381=CARTESIAN_POINT('Ctrl Pts',(16.1397992566252,11.2400597798459,10.5258639591469));
#382=CARTESIAN_POINT('Ctrl Pts',(19.8839188630726,17.6386719449501,19.6000891915025));
#383=CARTESIAN_POINT('Ctrl Pts',(23.7391419058195,17.3309780647246,33.2606882418408));
#384=CARTESIAN_POINT('Ctrl Pts',(25.0301873110676,16.8981410407209,36.5752101755911));
#385=CARTESIAN_POINT('Ctrl Pts',(26.3529136832116,15.9461428644405,43.2087816499819));
#386=CARTESIAN_POINT('Ctrl Pts',(26.6091060761777,15.202256124358,46.5634047141993));
#387=CARTESIAN_POINT('Ctrl Pts',(26.9817530363992,13.9044747691793,53.2300840994937));
#388=CARTESIAN_POINT('Ctrl Pts',(26.9285057595867,13.1857632513414,56.5672041060927));
#389=CARTESIAN_POINT('Ctrl Pts',(26.6978658139351,11.869949219859,63.2338711195924));
#390=CARTESIAN_POINT('Ctrl Pts',(26.3841103251063,11.2003678644609,66.5636986808843));
#391=CARTESIAN_POINT('Ctrl Pts',(25.8233023622605,10.0113344563651,73.2303758807719));
#392=CARTESIAN_POINT('Ctrl Pts',(25.4905635670581,9.46935361098723,76.5651998613498));
#393=CARTESIAN_POINT('Ctrl Pts',(24.7722516661766,8.45184199485108,83.231869105302));
#394=CARTESIAN_POINT('Ctrl Pts',(24.3501344029833,7.98385287863674,86.5639800741167));
#395=CARTESIAN_POINT('Ctrl Pts',(23.5519301449362,7.12630409234229,93.1973752902028));
#396=CARTESIAN_POINT('Ctrl Pts',(23.1391703777381,6.74033479532074,96.4974266069655));
#397=CARTESIAN_POINT('Ctrl Pts',(22.3316790955345,6.02684301246172,103.130715895684));
#398=CARTESIAN_POINT('Ctrl Pts',(21.914512770568,5.70830725429301,106.463752779355));
#399=CARTESIAN_POINT('Ctrl Pts',(21.138818123903,5.11990064917916,113.130429599414));
#400=CARTESIAN_POINT('Ctrl Pts',(20.7760800293507,4.86298425238149,116.465193765167));
#401=CARTESIAN_POINT('Ctrl Pts',(20.0440282882395,4.37638342276486,123.131863030567));
#402=CARTESIAN_POINT('Ctrl Pts',(19.6823860422479,4.15822453583487,126.465409445198));
#403=CARTESIAN_POINT('Ctrl Pts',(18.9781598467447,3.74979284686494,133.132078005735));
#404=CARTESIAN_POINT('Ctrl Pts',(18.6203804205281,3.5641574233573,136.46473925854));
#405=CARTESIAN_POINT('Ctrl Pts',(17.9743513157445,3.22444252370322,143.131410372804));
#406=CARTESIAN_POINT('Ctrl Pts',(17.6851846011176,3.07667523186056,146.465852363895));
#407=CARTESIAN_POINT('Ctrl Pts',(17.1017026708563,2.79415702418805,153.099202677074));
#408=CARTESIAN_POINT('Ctrl Pts',(16.8163800965059,2.66518650646206,156.399111865984));
#409=CARTESIAN_POINT('Ctrl Pts',(16.2734444908884,2.42557074560953,163.032428145977));
#410=CARTESIAN_POINT('Ctrl Pts',(16.0136303784365,2.31800641858396,166.365951789925));
#411=CARTESIAN_POINT('Ctrl Pts',(15.514027255121,2.11487731928295,173.032619069325));
#412=CARTESIAN_POINT('Ctrl Pts',(15.2748638220696,2.02288825025028,176.366032481627));
#413=CARTESIAN_POINT('Ctrl Pts',(14.8199537513696,1.85022410570828,183.032699630556));
#414=CARTESIAN_POINT('Ctrl Pts',(14.6159221918272,1.77324867288036,186.366632863604));
#415=CARTESIAN_POINT('Ctrl Pts',(14.1821207354624,1.62357648304255,193.033299531642));
#416=CARTESIAN_POINT('Ctrl Pts',(13.9519084155213,1.55263342074131,196.366115646663));
#417=CARTESIAN_POINT('Ctrl Pts',(13.540082150009,1.42243336941861,203.032782677437));
#418=CARTESIAN_POINT('Ctrl Pts',(13.345765828879,1.36331309384137,206.366184090684));
#419=CARTESIAN_POINT('Ctrl Pts',(12.9813213114075,1.25230574304915,213.032851036644));
#420=CARTESIAN_POINT('Ctrl Pts',(12.8241528423274,1.20311432321223,216.366685152413));
#421=CARTESIAN_POINT('Ctrl Pts',(12.4827748261849,1.10635726582752,223.00001811828));
#422=CARTESIAN_POINT('Ctrl Pts',(12.2977397093738,1.05956141840527,226.299561796534));
#423=CARTESIAN_POINT('Ctrl Pts',(11.979618616222,0.974788361256767,232.932886471114));
#424=CARTESIAN_POINT('Ctrl Pts',(11.8460557943474,0.937413185407167,236.266659024058));
#425=CARTESIAN_POINT('Ctrl Pts',(11.5519460907604,0.863352392356063,242.933325690795));
#426=CARTESIAN_POINT('Ctrl Pts',(11.3921941044274,0.827701833390807,246.266319681004));
#427=CARTESIAN_POINT('Ctrl Pts',(11.1220902779947,0.762704528919337,252.932986492089));
#428=CARTESIAN_POINT('Ctrl Pts',(11.0116433028671,0.733885126142278,256.266662177822));
#429=CARTESIAN_POINT('Ctrl Pts',(10.7657047519078,0.676890141424433,262.933328844512));
#430=CARTESIAN_POINT('Ctrl Pts',(10.6425586105666,0.649972600271991,266.266663065739));
#431=CARTESIAN_POINT('Ctrl Pts',(10.3960666264759,0.59845709831447,272.933329732421));
#432=CARTESIAN_POINT('Ctrl Pts',(10.2606787289779,0.573615191940218,276.266393612616));
#433=CARTESIAN_POINT('Ctrl Pts',(10.0388498882296,0.528298369083803,282.899732466948));
#434=CARTESIAN_POINT('Ctrl Pts',(9.95139212796987,0.508014124837971,286.199987670909));
#435=CARTESIAN_POINT('Ctrl Pts',(9.75382520128355,0.468109934683477,292.833320754101));
#436=CARTESIAN_POINT('Ctrl Pts',(11.8780600921584,0.542115484425241,297.305425356183));
#437=CARTESIAN_POINT('Ctrl Pts',(7.84040887768333,0.349195582731088,301.122260154463));
#438=CARTESIAN_POINT('Ctrl Pts',(4.9097420988929,0.216963410313448,302.122260154463));
#439=CARTESIAN_POINT('Ctrl Pts',(0.764521768380113,0.0344953493263405,302.5));
#440=CARTESIAN_POINT('Ctrl Pts',(15.0826802743948,10.469114372304,-20.));
#441=CARTESIAN_POINT('Ctrl Pts',(14.4722425419754,9.92499439802188,-13.1347645096192));
#442=CARTESIAN_POINT('Ctrl Pts',(14.4722425419754,9.92499439802188,-6.46809784295251));
#443=CARTESIAN_POINT('Ctrl Pts',(16.0760765839418,11.3545884275531,10.5258639591469));
#444=CARTESIAN_POINT('Ctrl Pts',(19.9557207315442,17.6937181460255,19.6000891915025));
#445=CARTESIAN_POINT('Ctrl Pts',(23.8397791699178,17.3715735402159,33.2606882418408));
#446=CARTESIAN_POINT('Ctrl Pts',(25.1313584786746,16.9387169603549,36.5752101755911));
#447=CARTESIAN_POINT('Ctrl Pts',(26.4580274226648,15.9823534126995,43.2087816499819));
#448=CARTESIAN_POINT('Ctrl Pts',(26.7145577120377,15.2356470984613,46.5634047141993));
#449=CARTESIAN_POINT('Ctrl Pts',(27.0875319958227,13.9330032658221,53.2300840994937));
#450=CARTESIAN_POINT('Ctrl Pts',(27.0335499824432,13.211796450696,56.5672041060927));
#451=CARTESIAN_POINT('Ctrl Pts',(26.8010950763129,11.8915153566911,63.2338711195924));
#452=CARTESIAN_POINT('Ctrl Pts',(26.4857230889002,11.2198102687253,66.5636986808843));
#453=CARTESIAN_POINT('Ctrl Pts',(25.9220317085068,10.0270083390647,73.2303758807719));
#454=CARTESIAN_POINT('Ctrl Pts',(25.5877065272134,9.48336841534542,76.5651998613498));
#455=CARTESIAN_POINT('Ctrl Pts',(24.8660860017557,8.46281329823448,83.231869105302));
#456=CARTESIAN_POINT('Ctrl Pts',(24.4421233006061,7.99349417476996,86.5639800741167));
#457=CARTESIAN_POINT('Ctrl Pts',(23.6404502508939,7.13352707045559,93.1973752902028));
#458=CARTESIAN_POINT('Ctrl Pts',(23.2259404702088,6.74651003469637,96.4974266069655));
#459=CARTESIAN_POINT('Ctrl Pts',(22.4150572416949,6.03111527323102,103.130715895684));
#460=CARTESIAN_POINT('Ctrl Pts',(21.9961766656656,5.71177305343396,106.463752779355));
#461=CARTESIAN_POINT('Ctrl Pts',(21.2172974369517,5.12188061084592,113.130429599414));
#462=CARTESIAN_POINT('Ctrl Pts',(20.853084015173,4.86433374828845,116.465193765167));
#463=CARTESIAN_POINT('Ctrl Pts',(20.1180791399632,4.37657307236959,123.131863030567));
#464=CARTESIAN_POINT('Ctrl Pts',(19.7549949236756,4.15791963306445,126.465409445198));
#465=CARTESIAN_POINT('Ctrl Pts',(19.0479732489593,3.74858272776219,133.132078005735));
#466=CARTESIAN_POINT('Ctrl Pts',(18.6887902285493,3.56256456444412,136.46473925854));
#467=CARTESIAN_POINT('Ctrl Pts',(18.0402232663822,3.22214261830017,143.131410372804));
#468=CARTESIAN_POINT('Ctrl Pts',(17.7499238559304,3.07407398867983,146.465852363895));
#469=CARTESIAN_POINT('Ctrl Pts',(17.1641682728059,2.79100294830503,153.099202677074));
#470=CARTESIAN_POINT('Ctrl Pts',(16.8777408682299,2.66179448802351,156.399111865984));
#471=CARTESIAN_POINT('Ctrl Pts',(16.3327073127387,2.42174641458756,163.032428145977));
#472=CARTESIAN_POINT('Ctrl Pts',(16.0718946588754,2.3140002626542,166.365951789925));
#473=CARTESIAN_POINT('Ctrl Pts',(15.5703742372585,2.11053461424498,173.032619069325));
#474=CARTESIAN_POINT('Ctrl Pts',(15.3302969752706,2.01840296108144,176.366032481627));
#475=CARTESIAN_POINT('Ctrl Pts',(14.8736504764111,1.84547574940579,183.032699630556));
#476=CARTESIAN_POINT('Ctrl Pts',(14.668840466728,1.76838397296956,186.366632863604));
#477=CARTESIAN_POINT('Ctrl Pts',(14.233394553742,1.61851377649066,193.033299531642));
#478=CARTESIAN_POINT('Ctrl Pts',(14.0023160007105,1.54749557531495,196.366115646663));
#479=CARTESIAN_POINT('Ctrl Pts',(13.5889376294194,1.41714949958336,203.032782677437));
#480=CARTESIAN_POINT('Ctrl Pts',(13.3938907221322,1.3579684860342,206.366184090684));
#481=CARTESIAN_POINT('Ctrl Pts',(13.0280758784601,1.24684677535725,213.032851036644));
#482=CARTESIAN_POINT('Ctrl Pts',(12.8703154459543,1.19760138360733,216.366685152413));
#483=CARTESIAN_POINT('Ctrl Pts',(12.5276593316123,1.10076269408167,223.00001811828));
#484=CARTESIAN_POINT('Ctrl Pts',(12.3419357529201,1.05394253063747,226.299561796534));
#485=CARTESIAN_POINT('Ctrl Pts',(12.0226277370145,0.969112428091494,232.932886471114));
#486=CARTESIAN_POINT('Ctrl Pts',(11.88856522991,0.931707009838721,236.266659024058));
#487=CARTESIAN_POINT('Ctrl Pts',(11.5933614733212,0.857608697025494,242.933325690795));
#488=CARTESIAN_POINT('Ctrl Pts',(11.4330187113998,0.82195390783945,246.266319681004));
#489=CARTESIAN_POINT('Ctrl Pts',(11.1619124277198,0.756932796099611,252.932986492089));
#490=CARTESIAN_POINT('Ctrl Pts',(11.0510538365242,0.728095749273907,256.266662177822));
#491=CARTESIAN_POINT('Ctrl Pts',(10.8042041790332,0.671086804398676,262.933328844512));
#492=CARTESIAN_POINT('Ctrl Pts',(10.6806030625746,0.644167992249012,266.266663065739));
#493=CARTESIAN_POINT('Ctrl Pts',(10.4332021886091,0.59265828437016,272.933329732421));
#494=CARTESIAN_POINT('Ctrl Pts',(10.2973177030371,0.567831745127902,276.266393612616));
#495=CARTESIAN_POINT('Ctrl Pts',(10.0746717073604,0.522523820891973,282.899732466948));
#496=CARTESIAN_POINT('Ctrl Pts',(9.98688993771653,0.50223455457204,286.199987670909));
#497=CARTESIAN_POINT('Ctrl Pts',(9.78859557729987,0.462339899484951,292.833320754101));
#498=CARTESIAN_POINT('Ctrl Pts',(11.9203816668925,0.534990237280194,297.305425356183));
#499=CARTESIAN_POINT('Ctrl Pts',(7.86833771021182,0.344461897587244,301.122260154463));
#500=CARTESIAN_POINT('Ctrl Pts',(4.92723011353457,0.213993109107337,302.122260154463));
#501=CARTESIAN_POINT('Ctrl Pts',(0.76724546000276,0.0340353361251928,302.5));
#502=CARTESIAN_POINT('',(15.0826802743948,10.469114372304,-1.11022302462516E-15));
#503=CARTESIAN_POINT('Ctrl Pts',(15.0826802743948,10.469114372304,-20.));
#504=CARTESIAN_POINT('Ctrl Pts',(14.4722425419754,9.92499439802188,-13.1347645096192));
#505=CARTESIAN_POINT('Ctrl Pts',(14.4722425419754,9.92499439802188,-6.46809784295251));
#506=CARTESIAN_POINT('Ctrl Pts',(15.0826802743948,10.469114372304,-8.88178419700125E-16));
#507=CARTESIAN_POINT('Ctrl Pts',(15.0826802743948,10.469114372304,-8.88178419700125E-16));
#508=CARTESIAN_POINT('Ctrl Pts',(16.0760765839417,11.3545884275531,10.5258639591469));
#509=CARTESIAN_POINT('Ctrl Pts',(19.9557207315442,17.6937181460255,19.6000891915024));
#510=CARTESIAN_POINT('Ctrl Pts',(23.8397791699177,17.3715735402159,33.2606882418407));
#511=CARTESIAN_POINT('Ctrl Pts',(25.1313584786746,16.9387169603549,36.575210175591));
#512=CARTESIAN_POINT('Ctrl Pts',(26.4580274226648,15.9823534126995,43.2087816499819));
#513=CARTESIAN_POINT('Ctrl Pts',(26.7145577120377,15.2356470984613,46.5634047141992));
#514=CARTESIAN_POINT('Ctrl Pts',(27.0875319958227,13.9330032658221,53.2300840994936));
#515=CARTESIAN_POINT('Ctrl Pts',(27.0335499824432,13.2117964506959,56.5672041060927));
#516=CARTESIAN_POINT('Ctrl Pts',(26.8010950763129,11.8915153566911,63.2338711195924));
#517=CARTESIAN_POINT('Ctrl Pts',(26.4857230889001,11.2198102687253,66.5636986808843));
#518=CARTESIAN_POINT('Ctrl Pts',(25.9220317085068,10.0270083390647,73.2303758807719));
#519=CARTESIAN_POINT('Ctrl Pts',(25.5877065272134,9.48336841534542,76.5651998613498));
#520=CARTESIAN_POINT('Ctrl Pts',(24.8660860017557,8.46281329823448,83.2318691053019));
#521=CARTESIAN_POINT('Ctrl Pts',(24.4421233006061,7.99349417476995,86.5639800741167));
#522=CARTESIAN_POINT('Ctrl Pts',(23.6404502508939,7.13352707045559,93.1973752902029));
#523=CARTESIAN_POINT('Ctrl Pts',(23.2259404702089,6.74651003469637,96.4974266069656));
#524=CARTESIAN_POINT('Ctrl Pts',(22.4150572416949,6.03111527323102,103.130715895684));
#525=CARTESIAN_POINT('Ctrl Pts',(21.9961766656656,5.71177305343397,106.463752779355));
#526=CARTESIAN_POINT('Ctrl Pts',(21.2172974369517,5.12188061084592,113.130429599414));
#527=CARTESIAN_POINT('Ctrl Pts',(20.853084015173,4.86433374828845,116.465193765167));
#528=CARTESIAN_POINT('Ctrl Pts',(20.1180791399632,4.37657307236959,123.131863030568));
#529=CARTESIAN_POINT('Ctrl Pts',(19.7549949236757,4.15791963306445,126.465409445198));
#530=CARTESIAN_POINT('Ctrl Pts',(19.0479732489593,3.7485827277622,133.132078005735));
#531=CARTESIAN_POINT('Ctrl Pts',(18.6887902285493,3.56256456444413,136.46473925854));
#532=CARTESIAN_POINT('Ctrl Pts',(18.0402232663822,3.22214261830017,143.131410372804));
#533=CARTESIAN_POINT('Ctrl Pts',(17.7499238559304,3.07407398867983,146.465852363895));
#534=CARTESIAN_POINT('Ctrl Pts',(17.1641682728059,2.79100294830504,153.099202677074));
#535=CARTESIAN_POINT('Ctrl Pts',(16.8777408682299,2.66179448802351,156.399111865984));
#536=CARTESIAN_POINT('Ctrl Pts',(16.3327073127387,2.42174641458756,163.032428145977));
#537=CARTESIAN_POINT('Ctrl Pts',(16.0718946588755,2.3140002626542,166.365951789925));
#538=CARTESIAN_POINT('Ctrl Pts',(15.5703742372585,2.11053461424498,173.032619069325));
#539=CARTESIAN_POINT('Ctrl Pts',(15.3302969752706,2.01840296108144,176.366032481627));
#540=CARTESIAN_POINT('Ctrl Pts',(14.8736504764111,1.84547574940579,183.032699630556));
#541=CARTESIAN_POINT('Ctrl Pts',(14.668840466728,1.76838397296956,186.366632863604));
#542=CARTESIAN_POINT('Ctrl Pts',(14.233394553742,1.61851377649066,193.033299531642));
#543=CARTESIAN_POINT('Ctrl Pts',(14.0023160007105,1.54749557531495,196.366115646663));
#544=CARTESIAN_POINT('Ctrl Pts',(13.5889376294194,1.41714949958336,203.032782677437));
#545=CARTESIAN_POINT('Ctrl Pts',(13.3938907221322,1.35796848603421,206.366184090684));
#546=CARTESIAN_POINT('Ctrl Pts',(13.0280758784601,1.24684677535726,213.032851036644));
#547=CARTESIAN_POINT('Ctrl Pts',(12.8703154459543,1.19760138360733,216.366685152413));
#548=CARTESIAN_POINT('Ctrl Pts',(12.5276593316123,1.10076269408167,223.00001811828));
#549=CARTESIAN_POINT('Ctrl Pts',(12.3419357529201,1.05394253063746,226.299561796534));
#550=CARTESIAN_POINT('Ctrl Pts',(12.0226277370145,0.969112428091494,232.932886471114));
#551=CARTESIAN_POINT('Ctrl Pts',(11.88856522991,0.93170700983872,236.266659024058));
#552=CARTESIAN_POINT('Ctrl Pts',(11.5933614733212,0.857608697025493,242.933325690795));
#553=CARTESIAN_POINT('Ctrl Pts',(11.4330187113998,0.82195390783945,246.266319681004));
#554=CARTESIAN_POINT('Ctrl Pts',(11.1619124277198,0.756932796099612,252.932986492089));
#555=CARTESIAN_POINT('Ctrl Pts',(11.0510538365242,0.728095749273907,256.266662177822));
#556=CARTESIAN_POINT('Ctrl Pts',(10.8042041790332,0.671086804398676,262.933328844513));
#557=CARTESIAN_POINT('Ctrl Pts',(10.6806030625746,0.644167992249013,266.266663065739));
#558=CARTESIAN_POINT('Ctrl Pts',(10.4332021886091,0.59265828437016,272.933329732421));
#559=CARTESIAN_POINT('Ctrl Pts',(10.2973177030371,0.567831745127901,276.266393612616));
#560=CARTESIAN_POINT('Ctrl Pts',(10.0746717073604,0.522523820891972,282.899732466948));
#561=CARTESIAN_POINT('Ctrl Pts',(9.98688993771653,0.502234554572039,286.199987670909));
#562=CARTESIAN_POINT('Ctrl Pts',(9.78859557729987,0.46233989948495,292.833320754101));
#563=CARTESIAN_POINT('Ctrl Pts',(11.9203816668925,0.534990237280193,297.305425356183));
#564=CARTESIAN_POINT('Ctrl Pts',(7.86833771021182,0.344461897587243,301.122260154463));
#565=CARTESIAN_POINT('Ctrl Pts',(4.92723011353457,0.213993109107337,302.122260154463));
#566=CARTESIAN_POINT('Ctrl Pts',(0.767245460002758,0.0340353361251933,302.5));
#567=CARTESIAN_POINT('',(26.5079316843152,14.7449105846335,48.6043732676365));
#568=CARTESIAN_POINT('Ctrl Pts',(26.5079316843152,14.7449105846335,48.6043732676365));
#569=CARTESIAN_POINT('Ctrl Pts',(26.535052610233,14.6591680456115,49.0364583483609));
#570=CARTESIAN_POINT('Ctrl Pts',(26.5602967672538,14.5742094433244,49.4683800113069));
#571=CARTESIAN_POINT('Ctrl Pts',(26.7701951175522,13.8474177758937,53.2300840994936));
#572=CARTESIAN_POINT('Ctrl Pts',(26.7184173138735,13.1336968526323,56.5672041060927));
#573=CARTESIAN_POINT('Ctrl Pts',(26.4914072891794,11.8268169461946,63.2338711195924));
#574=CARTESIAN_POINT('Ctrl Pts',(26.1808847975185,11.1614830559319,66.5636986808843));
#575=CARTESIAN_POINT('Ctrl Pts',(25.6258436697679,9.97998669096576,73.2303758807719));
#576=CARTESIAN_POINT('Ctrl Pts',(25.2962776467475,9.44132400227082,76.5651998613498));
#577=CARTESIAN_POINT('Ctrl Pts',(24.5845829950185,8.42989938808428,83.2318691053019));
#578=CARTESIAN_POINT('Ctrl Pts',(24.1661566077375,7.96457028637029,86.5639800741167));
#579=CARTESIAN_POINT('Ctrl Pts',(23.3748899330208,7.11185813611569,93.1973752902029));
#580=CARTESIAN_POINT('Ctrl Pts',(22.9656301927965,6.72798431656948,96.4974266069656));
#581=CARTESIAN_POINT('Ctrl Pts',(22.1649228032138,6.01829849092312,103.130715895684));
#582=CARTESIAN_POINT('Ctrl Pts',(21.7511849803729,5.70137565601111,106.463752779355));
#583=CARTESIAN_POINT('Ctrl Pts',(20.9818594978056,5.11594072584566,113.130429599414));
#584=CARTESIAN_POINT('Ctrl Pts',(20.6220720577062,4.86028526056757,116.465193765167));
#585=CARTESIAN_POINT('Ctrl Pts',(19.895926584792,4.37600412355539,123.131863030568));
#586=CARTESIAN_POINT('Ctrl Pts',(19.5371682793926,4.15883434137571,126.465409445198));
#587=CARTESIAN_POINT('Ctrl Pts',(18.8385330423154,3.75221308507043,133.132078005735));
#588=CARTESIAN_POINT('Ctrl Pts',(18.4835608044856,3.56734314118366,136.46473925854));
#589=CARTESIAN_POINT('Ctrl Pts',(17.8426074144692,3.22904233450932,143.131410372804));
#590=CARTESIAN_POINT('Ctrl Pts',(17.5557060914919,3.08187771822203,146.465852363895));
#591=CARTESIAN_POINT('Ctrl Pts',(16.9767714669572,2.80046517595408,153.099202677074));
#592=CARTESIAN_POINT('Ctrl Pts',(16.6936585530578,2.67197054333918,156.399111865984));
#593=CARTESIAN_POINT('Ctrl Pts',(16.1549188471878,2.43321940765348,163.032428145977));
#594=CARTESIAN_POINT('Ctrl Pts',(15.8971018175587,2.32601873044349,166.365951789925));
#595=CARTESIAN_POINT('Ctrl Pts',(15.401333290846,2.12356272935889,173.032619069325));
#596=CARTESIAN_POINT('Ctrl Pts',(15.1639975156677,2.03185882858796,176.366032481627));
#597=CARTESIAN_POINT('Ctrl Pts',(14.7125603012866,1.85972081831326,183.032699630556));
#598=CARTESIAN_POINT('Ctrl Pts',(14.5100856420256,1.78297807270196,186.366632863604));
#599=CARTESIAN_POINT('Ctrl Pts',(14.079573098903,1.63370189614635,193.033299531642));
#600=CARTESIAN_POINT('Ctrl Pts',(13.8510932451429,1.56290911159403,196.366115646663));
#601=CARTESIAN_POINT('Ctrl Pts',(13.4423711911884,1.4330011090891,203.032782677437));
#602=CARTESIAN_POINT('Ctrl Pts',(13.2495160423725,1.3740023094557,206.366184090684));
#603=CARTESIAN_POINT('Ctrl Pts',(12.8878121773022,1.26322367843293,213.032851036644));
#604=CARTESIAN_POINT('Ctrl Pts',(12.7318276350736,1.21414020242202,216.366685152413));
#605=CARTESIAN_POINT('Ctrl Pts',(12.3930058153301,1.11754640931922,223.00001811828));
#606=CARTESIAN_POINT('Ctrl Pts',(12.2093476222812,1.07079919394088,226.299561796534));
#607=CARTESIAN_POINT('Ctrl Pts',(11.8936003746371,0.986140227587313,232.932886471114));
#608=CARTESIAN_POINT('Ctrl Pts',(11.7610369232223,0.948825536544058,236.266659024058));
#609=CARTESIAN_POINT('Ctrl Pts',(11.4691153256387,0.8748397830172,242.933325690795));
#610=CARTESIAN_POINT('Ctrl Pts',(11.3105448904826,0.839197684493522,246.266319681004));
#611=CARTESIAN_POINT('Ctrl Pts',(11.0424459785445,0.774247994558789,252.932986492089));
#612=CARTESIAN_POINT('Ctrl Pts',(10.932822235553,0.745463879879021,256.266662177822));
#613=CARTESIAN_POINT('Ctrl Pts',(10.6887058976572,0.688496815475948,262.933328844513));
#614=CARTESIAN_POINT('Ctrl Pts',(10.5664697065507,0.661581816317949,266.266663065739));
#615=CARTESIAN_POINT('Ctrl Pts',(10.3217955022095,0.610054726203092,272.933329732421));
#616=CARTESIAN_POINT('Ctrl Pts',(10.1874007808596,0.58518208556485,276.266393612616));
#617=CARTESIAN_POINT('Ctrl Pts',(9.96720624996816,0.539847465467461,282.899732466948));
#618=CARTESIAN_POINT('Ctrl Pts',(9.88039650847655,0.519573265369833,286.199987670909));
#619=CARTESIAN_POINT('Ctrl Pts',(9.68428444925091,0.479650005080531,292.833320754101));
#620=CARTESIAN_POINT('Ctrl Pts',(11.7934169426901,0.556365978715336,297.305425356183));
#621=CARTESIAN_POINT('Ctrl Pts',(7.78455121262636,0.358662953018777,301.122260154463));
#622=CARTESIAN_POINT('Ctrl Pts',(4.87476606960955,0.222904012725672,302.122260154463));
#623=CARTESIAN_POINT('Ctrl Pts',(0.75907438513482,0.0354153757286357,302.5));
#624=CARTESIAN_POINT('',(22.6314185514338,17.3163328920049,30.));
#625=CARTESIAN_POINT('Ctrl Pts',(22.6314185514338,17.3163328920049,30.));
#626=CARTESIAN_POINT('Ctrl Pts',(23.5379839025998,17.2498665752322,33.2606882418407));
#627=CARTESIAN_POINT('Ctrl Pts',(24.8278449758534,16.8169892014528,36.575210175591));
#628=CARTESIAN_POINT('Ctrl Pts',(26.0578478908608,15.9345847956828,42.7807596167341));
#629=CARTESIAN_POINT('Ctrl Pts',(26.3253969966509,15.3219921941396,45.6962677149867));
#630=CARTESIAN_POINT('Ctrl Pts',(26.5079316843152,14.7449105846335,48.6043732676365));
#631=CARTESIAN_POINT('',(15.3378240486911,10.091617979858,-1.11022302462516E-15));
#632=CARTESIAN_POINT('Ctrl Pts',(15.3378240486911,10.091617979858,-8.88178419700125E-16));
#633=CARTESIAN_POINT('Ctrl Pts',(16.263166108809,11.0082212511334,10.5258639591469));
#634=CARTESIAN_POINT('Ctrl Pts',(19.7399434716577,17.5283261017009,19.6000891915024));
#635=CARTESIAN_POINT('Ctrl Pts',(22.6314185514338,17.3163328920049,30.));
#636=CARTESIAN_POINT('Ctrl Pts',(15.3378240486911,10.091617979858,-20.));
#637=CARTESIAN_POINT('Ctrl Pts',(14.7692053579811,9.52836923706681,-13.1347645096192));
#638=CARTESIAN_POINT('Ctrl Pts',(14.7692053579811,9.52836923706681,-6.46809784295251));
#639=CARTESIAN_POINT('Ctrl Pts',(15.3378240486911,10.091617979858,-8.88178419700125E-16));
#640=CARTESIAN_POINT('Ctrl Pts',(15.0826802743948,10.469114372304,-20.));
#641=CARTESIAN_POINT('Ctrl Pts',(14.4722425419754,9.92499439802188,-13.1347645096192));
#642=CARTESIAN_POINT('Ctrl Pts',(14.4722425419753,9.92499439802188,-6.46809784295252));
#643=CARTESIAN_POINT('Ctrl Pts',(16.0760765839417,11.3545884275531,10.5258639591469));
#644=CARTESIAN_POINT('Ctrl Pts',(19.9557207315442,17.6937181460255,19.6000891915024));
#645=CARTESIAN_POINT('Ctrl Pts',(23.8397791699177,17.3715735402159,33.2606882418407));
#646=CARTESIAN_POINT('Ctrl Pts',(25.1313584786746,16.9387169603549,36.575210175591));
#647=CARTESIAN_POINT('Ctrl Pts',(26.4580274226648,15.9823534126995,43.2087816499819));
#648=CARTESIAN_POINT('Ctrl Pts',(26.7145577120377,15.2356470984613,46.5634047141992));
#649=CARTESIAN_POINT('Ctrl Pts',(27.0875319958227,13.9330032658221,53.2300840994937));
#650=CARTESIAN_POINT('Ctrl Pts',(27.0335499824432,13.211796450696,56.5672041060927));
#651=CARTESIAN_POINT('Ctrl Pts',(26.8010950763129,11.8915153566911,63.2338711195924));
#652=CARTESIAN_POINT('Ctrl Pts',(26.4857230889001,11.2198102687253,66.5636986808843));
#653=CARTESIAN_POINT('Ctrl Pts',(25.9220317085068,10.0270083390647,73.2303758807719));
#654=CARTESIAN_POINT('Ctrl Pts',(25.5877065272134,9.48336841534542,76.5651998613498));
#655=CARTESIAN_POINT('Ctrl Pts',(24.8660860017557,8.46281329823448,83.2318691053019));
#656=CARTESIAN_POINT('Ctrl Pts',(24.4421233006061,7.99349417476996,86.5639800741167));
#657=CARTESIAN_POINT('Ctrl Pts',(23.6404502508939,7.13352707045559,93.1973752902028));
#658=CARTESIAN_POINT('Ctrl Pts',(23.2259404702088,6.74651003469637,96.4974266069656));
#659=CARTESIAN_POINT('Ctrl Pts',(22.4150572416949,6.03111527323102,103.130715895684));
#660=CARTESIAN_POINT('Ctrl Pts',(21.9961766656656,5.71177305343397,106.463752779355));
#661=CARTESIAN_POINT('Ctrl Pts',(21.2172974369517,5.12188061084592,113.130429599414));
#662=CARTESIAN_POINT('Ctrl Pts',(20.853084015173,4.86433374828845,116.465193765167));
#663=CARTESIAN_POINT('Ctrl Pts',(20.1180791399633,4.37657307236959,123.131863030568));
#664=CARTESIAN_POINT('Ctrl Pts',(19.7549949236757,4.15791963306445,126.465409445198));
#665=CARTESIAN_POINT('Ctrl Pts',(19.0479732489593,3.7485827277622,133.132078005735));
#666=CARTESIAN_POINT('Ctrl Pts',(18.6887902285494,3.56256456444413,136.46473925854));
#667=CARTESIAN_POINT('Ctrl Pts',(18.0402232663822,3.22214261830017,143.131410372804));
#668=CARTESIAN_POINT('Ctrl Pts',(17.7499238559304,3.07407398867984,146.465852363896));
#669=CARTESIAN_POINT('Ctrl Pts',(17.1641682728059,2.79100294830504,153.099202677074));
#670=CARTESIAN_POINT('Ctrl Pts',(16.8777408682299,2.66179448802351,156.399111865984));
#671=CARTESIAN_POINT('Ctrl Pts',(16.3327073127387,2.42174641458756,163.032428145977));
#672=CARTESIAN_POINT('Ctrl Pts',(16.0718946588755,2.3140002626542,166.365951789925));
#673=CARTESIAN_POINT('Ctrl Pts',(15.5703742372585,2.11053461424498,173.032619069325));
#674=CARTESIAN_POINT('Ctrl Pts',(15.3302969752706,2.01840296108144,176.366032481627));
#675=CARTESIAN_POINT('Ctrl Pts',(14.8736504764111,1.84547574940579,183.032699630556));
#676=CARTESIAN_POINT('Ctrl Pts',(14.668840466728,1.76838397296956,186.366632863604));
#677=CARTESIAN_POINT('Ctrl Pts',(14.233394553742,1.61851377649066,193.033299531642));
#678=CARTESIAN_POINT('Ctrl Pts',(14.0023160007105,1.54749557531495,196.366115646663));
#679=CARTESIAN_POINT('Ctrl Pts',(13.5889376294194,1.41714949958336,203.032782677437));
#680=CARTESIAN_POINT('Ctrl Pts',(13.3938907221322,1.3579684860342,206.366184090684));
#681=CARTESIAN_POINT('Ctrl Pts',(13.0280758784601,1.24684677535726,213.032851036644));
#682=CARTESIAN_POINT('Ctrl Pts',(12.8703154459543,1.19760138360733,216.366685152413));
#683=CARTESIAN_POINT('Ctrl Pts',(12.5276593316123,1.10076269408167,223.00001811828));
#684=CARTESIAN_POINT('Ctrl Pts',(12.3419357529201,1.05394253063747,226.299561796534));
#685=CARTESIAN_POINT('Ctrl Pts',(12.0226277370145,0.969112428091494,232.932886471114));
#686=CARTESIAN_POINT('Ctrl Pts',(11.88856522991,0.93170700983872,236.266659024058));
#687=CARTESIAN_POINT('Ctrl Pts',(11.5933614733212,0.857608697025493,242.933325690795));
#688=CARTESIAN_POINT('Ctrl Pts',(11.4330187113998,0.821953907839451,246.266319681004));
#689=CARTESIAN_POINT('Ctrl Pts',(11.1619124277198,0.756932796099612,252.932986492089));
#690=CARTESIAN_POINT('Ctrl Pts',(11.0510538365242,0.728095749273907,256.266662177822));
#691=CARTESIAN_POINT('Ctrl Pts',(10.8042041790332,0.671086804398677,262.933328844513));
#692=CARTESIAN_POINT('Ctrl Pts',(10.6806030625746,0.644167992249013,266.266663065739));
#693=CARTESIAN_POINT('Ctrl Pts',(10.4332021886091,0.59265828437016,272.933329732421));
#694=CARTESIAN_POINT('Ctrl Pts',(10.2973177030371,0.567831745127901,276.266393612616));
#695=CARTESIAN_POINT('Ctrl Pts',(10.0746717073604,0.522523820891972,282.899732466948));
#696=CARTESIAN_POINT('Ctrl Pts',(9.98688993771653,0.502234554572039,286.199987670909));
#697=CARTESIAN_POINT('Ctrl Pts',(9.78859557729987,0.46233989948495,292.833320754101));
#698=CARTESIAN_POINT('Ctrl Pts',(11.9203816668925,0.534990237280193,297.305425356183));
#699=CARTESIAN_POINT('Ctrl Pts',(7.86833771021182,0.344461897587243,301.122260154463));
#700=CARTESIAN_POINT('Ctrl Pts',(4.92723011353457,0.213993109107337,302.122260154463));
#701=CARTESIAN_POINT('Ctrl Pts',(0.767245460002758,0.0340353361251933,302.5));
#702=CARTESIAN_POINT('Ctrl Pts',(15.081133757163,10.4713424141532,-20.));
#703=CARTESIAN_POINT('Ctrl Pts',(14.4808311438298,9.9304576340784,-13.1347645096192));
#704=CARTESIAN_POINT('Ctrl Pts',(14.4808311438298,9.9304576340784,-6.46809784295252));
#705=CARTESIAN_POINT('Ctrl Pts',(16.058036672933,11.3515516736411,10.5258639591469));
#706=CARTESIAN_POINT('Ctrl Pts',(19.8441962334877,17.6503690640218,19.6000891915024));
#707=CARTESIAN_POINT('Ctrl Pts',(23.7019527868497,17.3335833054722,33.2606882418407));
#708=CARTESIAN_POINT('Ctrl Pts',(24.9901375995816,16.9053253908171,36.575210175591));
#709=CARTESIAN_POINT('Ctrl Pts',(26.3122427465867,15.9554301320036,43.2087816499819));
#710=CARTESIAN_POINT('Ctrl Pts',(26.5689417053472,15.2125345425397,46.5634047141992));
#711=CARTESIAN_POINT('Ctrl Pts',(26.9425700207602,13.9163688753124,53.2300840994937));
#712=CARTESIAN_POINT('Ctrl Pts',(26.8901982094255,13.1983203501624,56.5672041060927));
#713=CARTESIAN_POINT('Ctrl Pts',(26.6613335079822,11.8835664092668,63.2338711195924));
#714=CARTESIAN_POINT('Ctrl Pts',(26.3487353735023,11.214335538695,66.5636986808843));
#715=CARTESIAN_POINT('Ctrl Pts',(25.7899810540738,10.0259003669024,73.2303758807719));
#716=CARTESIAN_POINT('Ctrl Pts',(25.4582748618905,9.48410910463592,76.5651998613498));
#717=CARTESIAN_POINT('Ctrl Pts',(24.7420211110831,8.46685192493453,83.2318691053019));
#718=CARTESIAN_POINT('Ctrl Pts',(24.3209677486844,7.99888272372958,86.5639800741167));
#719=CARTESIAN_POINT('Ctrl Pts',(23.5247397500557,7.14133579345159,93.1973752902028));
#720=CARTESIAN_POINT('Ctrl Pts',(23.1129357959351,6.75530660718183,96.4974266069656));
#721=CARTESIAN_POINT('Ctrl Pts',(22.3072654295498,6.0416538789984,103.130715895684));
#722=CARTESIAN_POINT('Ctrl Pts',(21.8909827774104,5.72298338755269,106.463752779355));
#723=CARTESIAN_POINT('Ctrl Pts',(21.1169223712145,5.13431716011009,113.130429599414));
#724=CARTESIAN_POINT('Ctrl Pts',(20.7549254328072,4.87725722712481,116.465193765167));
#725=CARTESIAN_POINT('Ctrl Pts',(20.0243328414271,4.39033652522936,123.131863030568));
#726=CARTESIAN_POINT('Ctrl Pts',(19.6633853246206,4.17199632262878,126.465409445198));
#727=CARTESIAN_POINT('Ctrl Pts',(18.960490986068,3.76319454858172,133.132078005735));
#728=CARTESIAN_POINT('Ctrl Pts',(18.6033628632073,3.5773495155625,136.46473925854));
#729=CARTESIAN_POINT('Ctrl Pts',(17.9585102121733,3.2372561631044,143.131410372804));
#730=CARTESIAN_POINT('Ctrl Pts',(17.669862525748,3.08931234950126,146.465852363896));
#731=CARTESIAN_POINT('Ctrl Pts',(17.0874096168269,2.80642441308205,153.099202677074));
#732=CARTESIAN_POINT('Ctrl Pts',(16.8025786113189,2.677263542367,156.399111865984));
#733=CARTESIAN_POINT('Ctrl Pts',(16.2605695506323,2.43727935023432,163.032428145977));
#734=CARTESIAN_POINT('Ctrl Pts',(16.001189442847,2.32953131125805,166.365951789925));
#735=CARTESIAN_POINT('Ctrl Pts',(15.5024144548948,2.12604476480992,173.032619069325));
#736=CARTESIAN_POINT('Ctrl Pts',(15.2636401323584,2.03387906797327,176.366032481627));
#737=CARTESIAN_POINT('Ctrl Pts',(14.8094654044407,1.86087604255828,183.032699630556));
#738=CARTESIAN_POINT('Ctrl Pts',(14.6057611962135,1.78374661648892,186.366632863604));
#739=CARTESIAN_POINT('Ctrl Pts',(14.1726403254033,1.63373749429405,193.033299531642));
#740=CARTESIAN_POINT('Ctrl Pts',(13.9427796768828,1.56260929539589,196.366115646663));
#741=CARTESIAN_POINT('Ctrl Pts',(13.5315824024079,1.43207864647482,203.032782677437));
#742=CARTESIAN_POINT('Ctrl Pts',(13.3375586627261,1.37279983380999,206.366184090684));
#743=CARTESIAN_POINT('Ctrl Pts',(12.9736610289439,1.26149438174954,213.032851036644));
#744=CARTESIAN_POINT('Ctrl Pts',(12.8167278890295,1.21217409069446,216.366685152413));
#745=CARTESIAN_POINT('Ctrl Pts',(12.4758502571103,1.11513139191615,223.00001811828));
#746=CARTESIAN_POINT('Ctrl Pts',(12.2910800078265,1.06817716187399,226.299561796534));
#747=CARTESIAN_POINT('Ctrl Pts',(11.973415720201,0.98313314425717,232.932886471114));
#748=CARTESIAN_POINT('Ctrl Pts',(11.8400446390478,0.945644305755475,236.266659024058));
#749=CARTESIAN_POINT('Ctrl Pts',(11.5463487267881,0.871329188770822,242.933325690795));
#750=CARTESIAN_POINT('Ctrl Pts',(11.3868163629082,0.835537973102247,246.266319681004));
#751=CARTESIAN_POINT('Ctrl Pts',(11.1170858966309,0.770304322214818,252.932986492089));
#752=CARTESIAN_POINT('Ctrl Pts',(11.0067920838272,0.741388690262534,256.266662177822));
#753=CARTESIAN_POINT('Ctrl Pts',(10.7611876573241,0.684176389103649,262.933328844513));
#754=CARTESIAN_POINT('Ctrl Pts',(10.6382066351303,0.65714904999041,266.266663065739));
#755=CARTESIAN_POINT('Ctrl Pts',(10.392041264332,0.605412658629352,272.933329732421));
#756=CARTESIAN_POINT('Ctrl Pts',(10.256828852405,0.580447933670237,276.266393612616));
#757=CARTESIAN_POINT('Ctrl Pts',(10.035289652347,0.534931123717903,282.899732466948));
#758=CARTESIAN_POINT('Ctrl Pts',(9.94794680943581,0.51456853301986,286.199987670909));
#759=CARTESIAN_POINT('Ctrl Pts',(9.75063423172514,0.474485410888758,292.833320754101));
#760=CARTESIAN_POINT('Ctrl Pts',(11.8738673932619,0.550006756240589,297.305425356183));
#761=CARTESIAN_POINT('Ctrl Pts',(7.83839247265959,0.354137435845465,301.122260154463));
#762=CARTESIAN_POINT('Ctrl Pts',(4.9092657001589,0.219774182993148,302.122260154463));
#763=CARTESIAN_POINT('Ctrl Pts',(0.766200397252256,0.0342975455044356,302.5));
#764=CARTESIAN_POINT('Ctrl Pts',(15.036649680543,10.5358910532631,-20.));
#765=CARTESIAN_POINT('Ctrl Pts',(14.4623057078237,10.0084523590443,-13.1347645096192));
#766=CARTESIAN_POINT('Ctrl Pts',(14.4623057078237,10.0084523590443,-6.46809784295251));
#767=CARTESIAN_POINT('Ctrl Pts',(15.9713087827064,11.3942188146753,10.5258639591469));
#768=CARTESIAN_POINT('Ctrl Pts',(19.5200278217236,17.5346455054826,19.6000891915024));
#769=CARTESIAN_POINT('Ctrl Pts',(23.3077947299106,17.2281067101391,33.2606882418407));
#770=CARTESIAN_POINT('Ctrl Pts',(24.5858848536157,16.8146391681872,36.575210175591));
#771=CARTESIAN_POINT('Ctrl Pts',(25.8954208591524,15.8834110423971,43.2087816499818));
#772=CARTESIAN_POINT('Ctrl Pts',(26.1526682797842,15.151357962826,46.5634047141992));
#773=CARTESIAN_POINT('Ctrl Pts',(26.528249795348,13.8736569166943,53.2300840994936));
#774=CARTESIAN_POINT('Ctrl Pts',(26.4804239062407,13.164558185599,56.5672041060927));
#775=CARTESIAN_POINT('Ctrl Pts',(26.2616638173171,11.8654715926355,63.2338711195924));
#776=CARTESIAN_POINT('Ctrl Pts',(25.9568337246241,11.2032234208369,66.5636986808842));
#777=CARTESIAN_POINT('Ctrl Pts',(25.4119122530776,10.0271318594096,73.2303758807718));
#778=CARTESIAN_POINT('Ctrl Pts',(25.0875369347724,9.49056203525989,76.5651998613498));
#779=CARTESIAN_POINT('Ctrl Pts',(24.3862966330988,8.48261453786608,83.2318691053019));
#780=CARTESIAN_POINT('Ctrl Pts',(23.973373372945,8.01844854375153,86.5639800741167));
#781=CARTESIAN_POINT('Ctrl Pts',(23.1923652608291,7.16772594439982,93.1973752902028));
#782=CARTESIAN_POINT('Ctrl Pts',(22.788122466133,6.78448159003519,96.4974266069655));
#783=CARTESIAN_POINT('Ctrl Pts',(21.9970190468057,6.0757386848258,103.130715895684));
#784=CARTESIAN_POINT('Ctrl Pts',(21.5879937704369,5.75895907233335,106.463752779355));
#785=CARTESIAN_POINT('Ctrl Pts',(20.8273998330626,5.17374903155292,113.130429599414));
#786=CARTESIAN_POINT('Ctrl Pts',(20.4715986749557,4.9180638963602,116.465193765167));
#787=CARTESIAN_POINT('Ctrl Pts',(19.7533390736928,4.43351113993419,123.131863030568));
#788=CARTESIAN_POINT('Ctrl Pts',(19.398363926676,4.21605328718719,126.465409445198));
#789=CARTESIAN_POINT('Ctrl Pts',(18.7070082455407,3.80875784577909,133.132078005735));
#790=CARTESIAN_POINT('Ctrl Pts',(18.355624672104,3.62339772454214,136.46473925854));
#791=CARTESIAN_POINT('Ctrl Pts',(17.721161053726,3.28422942887441,143.131410372804));
#792=CARTESIAN_POINT('Ctrl Pts',(17.437136150325,3.13663919606105,146.465852363895));
#793=CARTESIAN_POINT('Ctrl Pts',(16.8639268559687,2.85426745821069,153.099202677074));
#794=CARTESIAN_POINT('Ctrl Pts',(16.5835649935144,2.72524029304564,156.399111865984));
#795=CARTESIAN_POINT('Ctrl Pts',(16.0500255467496,2.48543503370291,163.032428145977));
#796=CARTESIAN_POINT('Ctrl Pts',(15.7946583979614,2.37768073472875,166.365951789925));
#797=CARTESIAN_POINT('Ctrl Pts',(15.3035766213996,2.1741334068649,173.032619069325));
#798=CARTESIAN_POINT('Ctrl Pts',(15.0684548486282,2.08187055266731,176.366032481627));
#799=CARTESIAN_POINT('Ctrl Pts',(14.6212117276592,1.90865174134883,183.032699630556));
#800=CARTESIAN_POINT('Ctrl Pts',(14.4206106936805,1.83141656266225,186.366632863604));
#801=CARTESIAN_POINT('Ctrl Pts',(13.9940140342072,1.6810110234877,193.033299531642));
#802=CARTESIAN_POINT('Ctrl Pts',(13.7675707601703,1.60956735452919,196.366115646663));
#803=CARTESIAN_POINT('Ctrl Pts',(13.3624979364044,1.47850932988796,203.032782677437));
#804=CARTESIAN_POINT('Ctrl Pts',(13.1713490450713,1.41895137008816,206.366184090684));
#805=CARTESIAN_POINT('Ctrl Pts',(12.8128405754365,1.30712215652155,213.032851036644));
#806=CARTESIAN_POINT('Ctrl Pts',(12.6582351778329,1.25758975441343,216.366685152413));
#807=CARTESIAN_POINT('Ctrl Pts',(12.3223610993973,1.15996471573535,223.00001811828));
#808=CARTESIAN_POINT('Ctrl Pts',(12.1402729993389,1.11262607596559,226.299561796534));
#809=CARTESIAN_POINT('Ctrl Pts',(11.8272371315112,1.02697086150482,232.932886471114));
#810=CARTESIAN_POINT('Ctrl Pts',(11.6958152871189,0.989245036436403,236.266659024058));
#811=CARTESIAN_POINT('Ctrl Pts',(11.4063694830237,0.914309947629187,242.933325690795));
#812=CARTESIAN_POINT('Ctrl Pts',(11.2491214756262,0.878126935901976,246.266319681004));
#813=CARTESIAN_POINT('Ctrl Pts',(10.9832727913183,0.812285214290058,252.932986492089));
#814=CARTESIAN_POINT('Ctrl Pts',(10.8745747116839,0.783146185003121,256.266662177822));
#815=CARTESIAN_POINT('Ctrl Pts',(10.6324875694656,0.725351880963975,262.933328844512));
#816=CARTESIAN_POINT('Ctrl Pts',(10.5112585432193,0.6980134179338,266.266663065739));
#817=CARTESIAN_POINT('Ctrl Pts',(10.2685854697835,0.645626066286454,272.933329732421));
#818=CARTESIAN_POINT('Ctrl Pts',(10.1352729618961,0.620263009612771,276.266393612616));
#819=CARTESIAN_POINT('Ctrl Pts',(9.91686587741007,0.57414633557295,282.899732466948));
#820=CARTESIAN_POINT('Ctrl Pts',(9.83076730475033,0.553574581977293,286.199987670909));
#821=CARTESIAN_POINT('Ctrl Pts',(9.63623665239466,0.512950346756185,292.8333207541));
#822=CARTESIAN_POINT('Ctrl Pts',(11.7338946976884,0.597450629899976,297.305425356183));
#823=CARTESIAN_POINT('Ctrl Pts',(7.74770203658819,0.384964466133795,301.122260154463));
#824=CARTESIAN_POINT('Ctrl Pts',(4.85424789476095,0.238472125654954,302.122260154463));
#825=CARTESIAN_POINT('Ctrl Pts',(0.761581532457084,0.0357999300602535,302.5));
#826=CARTESIAN_POINT('Ctrl Pts',(14.846615002621,10.8040779062968,-20.));
#827=CARTESIAN_POINT('Ctrl Pts',(14.3269287189655,10.3171581159104,-13.1347645096192));
#828=CARTESIAN_POINT('Ctrl Pts',(14.3269287189655,10.3171581159104,-6.46809784295251));
#829=CARTESIAN_POINT('Ctrl Pts',(15.6923268727888,11.5964671986462,10.5258639591469));
#830=CARTESIAN_POINT('Ctrl Pts',(18.7462993967904,17.2732684418809,19.6000891915025));
#831=CARTESIAN_POINT('Ctrl Pts',(22.3798670479305,16.9796461895113,33.2606882418407));
#832=CARTESIAN_POINT('Ctrl Pts',(23.6331354993927,16.6041958911449,36.575210175591));
#833=CARTESIAN_POINT('Ctrl Pts',(24.9137557326269,15.717139257282,43.2087816499819));
#834=CARTESIAN_POINT('Ctrl Pts',(25.1722510807488,15.0105498806469,46.5634047141993));
#835=CARTESIAN_POINT('Ctrl Pts',(25.5522980244488,13.7763032400379,53.2300840994937));
#836=CARTESIAN_POINT('Ctrl Pts',(25.5149089834744,13.0882179807069,56.5672041060926));
#837=CARTESIAN_POINT('Ctrl Pts',(25.3193531933353,11.8259668916423,63.2338711195923));
#838=CARTESIAN_POINT('Ctrl Pts',(25.0323636741409,11.1801275439113,66.5636986808842));
#839=CARTESIAN_POINT('Ctrl Pts',(24.5192288302312,10.0330880178998,73.2303758807718));
#840=CARTESIAN_POINT('Ctrl Pts',(24.2117065868764,9.50882498259159,76.5651998613497));
#841=CARTESIAN_POINT('Ctrl Pts',(23.5449854570361,8.52284412330054,83.2318691053018));
#842=CARTESIAN_POINT('Ctrl Pts',(23.1507573024666,8.06767181644662,86.5639800741167));
#843=CARTESIAN_POINT('Ctrl Pts',(22.4047608387771,7.23311146732353,93.1973752902028));
#844=CARTESIAN_POINT('Ctrl Pts',(22.0179175915039,6.85648552370213,96.4974266069656));
#845=CARTESIAN_POINT('Ctrl Pts',(21.260343414202,6.15943121071783,103.130715895684));
#846=CARTESIAN_POINT('Ctrl Pts',(20.8680271858994,5.84717784044481,106.463752779355));
#847=CARTESIAN_POINT('Ctrl Pts',(20.1384497963565,5.27025438584994,113.130429599414));
#848=CARTESIAN_POINT('Ctrl Pts',(19.7969266049175,5.01788585150386,116.465193765167));
#849=CARTESIAN_POINT('Ctrl Pts',(19.1070925530911,4.53906768493442,123.131863030567));
#850=CARTESIAN_POINT('Ctrl Pts',(18.7658872821056,4.32377010944285,126.465409445198));
#851=CARTESIAN_POINT('Ctrl Pts',(18.1011433118127,3.92018458452704,133.132078005735));
#852=CARTESIAN_POINT('Ctrl Pts',(17.763012402613,3.7360501519771,136.46473925854));
#853=CARTESIAN_POINT('Ctrl Pts',(17.1525277789982,3.39922014354644,143.131410372804));
#854=CARTESIAN_POINT('Ctrl Pts',(16.8791801579887,3.25254028634905,146.465852363895));
#855=CARTESIAN_POINT('Ctrl Pts',(16.327324592834,2.97153725670892,153.099202677074));
#856=CARTESIAN_POINT('Ctrl Pts',(16.0572913407221,2.84290113215908,156.399111865984));
#857=CARTESIAN_POINT('Ctrl Pts',(15.5433327618749,2.60366294757194,163.032428145977));
#858=CARTESIAN_POINT('Ctrl Pts',(15.2972476848087,2.49596454966967,166.365951789925));
#859=CARTESIAN_POINT('Ctrl Pts',(14.8239668395034,2.29241065518519,173.032619069325));
#860=CARTESIAN_POINT('Ctrl Pts',(14.5973009398298,2.19998503042373,176.366032481627));
#861=CARTESIAN_POINT('Ctrl Pts',(14.1661108834671,2.02638458855765,183.032699630556));
#862=CARTESIAN_POINT('Ctrl Pts',(13.9727015446458,1.94896011782211,186.366632863604));
#863=CARTESIAN_POINT('Ctrl Pts',(13.5612267130775,1.79773908314462,193.033299531642));
#864=CARTESIAN_POINT('Ctrl Pts',(13.3427056963109,1.72561092825359,196.366115646663));
#865=CARTESIAN_POINT('Ctrl Pts',(12.9518399276741,1.59342025802674,203.032782677437));
#866=CARTESIAN_POINT('Ctrl Pts',(12.767364472789,1.53325675284616,206.366184090684));
#867=CARTESIAN_POINT('Ctrl Pts',(12.4213710336417,1.42029272469974,213.032851036644));
#868=CARTESIAN_POINT('Ctrl Pts',(12.272176072604,1.37030636387755,216.366685152413));
#869=CARTESIAN_POINT('Ctrl Pts',(11.9479327381722,1.27139992302896,223.00001811828));
#870=CARTESIAN_POINT('Ctrl Pts',(11.772080603507,1.2232004817228,226.299561796534));
#871=CARTESIAN_POINT('Ctrl Pts',(11.4698134883477,1.1361877861952,232.932886471114));
#872=CARTESIAN_POINT('Ctrl Pts',(11.3429316587034,1.09794130794978,236.266659024058));
#873=CARTESIAN_POINT('Ctrl Pts',(11.0633849050078,1.02162000447685,242.933325690794));
#874=CARTESIAN_POINT('Ctrl Pts',(10.9114586524219,0.984550098756222,246.266319681004));
#875=CARTESIAN_POINT('Ctrl Pts',(10.6546602594102,0.917342879764774,252.932986492089));
#876=CARTESIAN_POINT('Ctrl Pts',(10.5496871470528,0.887708299059836,256.266662177822));
#877=CARTESIAN_POINT('Ctrl Pts',(10.3158097026641,0.828602931140856,262.933328844512));
#878=CARTESIAN_POINT('Ctrl Pts',(10.1986714034968,0.800560160488951,266.266663065739));
#879=CARTESIAN_POINT('Ctrl Pts',(9.96415637488866,0.74669362969744,272.933329732421));
#880=CARTESIAN_POINT('Ctrl Pts',(9.83528322010454,0.720417910588068,276.266393612616));
#881=CARTESIAN_POINT('Ctrl Pts',(9.62420106251916,0.672936492457356,282.899732466948));
#882=CARTESIAN_POINT('Ctrl Pts',(9.54101670096313,0.651894592979985,286.199987670908));
#883=CARTESIAN_POINT('Ctrl Pts',(9.3530000498917,0.610038646060065,292.8333207541));
#884=CARTESIAN_POINT('Ctrl Pts',(11.3877396878334,0.716996391150744,297.305425356182));
#885=CARTESIAN_POINT('Ctrl Pts',(7.5222256594484,0.463163191929699,301.122260154463));
#886=CARTESIAN_POINT('Ctrl Pts',(4.71620441142389,0.286458978783513,302.122260154463));
#887=CARTESIAN_POINT('Ctrl Pts',(0.747112086441368,0.0409366693232693,302.5));
#888=CARTESIAN_POINT('Ctrl Pts',(14.5289300647637,11.2310696471004,-20.));
#889=CARTESIAN_POINT('Ctrl Pts',(14.0684686824058,10.8044066217216,-13.1347645096192));
#890=CARTESIAN_POINT('Ctrl Pts',(14.0684686824058,10.8044066217216,-6.46809784295251));
#891=CARTESIAN_POINT('Ctrl Pts',(15.2782622466232,11.9254000469456,10.5258639591469));
#892=CARTESIAN_POINT('Ctrl Pts',(17.8059222553416,16.9289153272374,19.6000891915024));
#893=CARTESIAN_POINT('Ctrl Pts',(21.2595657439933,16.6332433597472,33.2606882418406));
#894=CARTESIAN_POINT('Ctrl Pts',(22.4796909812732,16.3059172032809,36.575210175591));
#895=CARTESIAN_POINT('Ctrl Pts',(23.7234627084674,15.4715629383535,43.2087816499818));
#896=CARTESIAN_POINT('Ctrl Pts',(23.982286168816,14.7960592824228,46.5634047141991));
#897=CARTESIAN_POINT('Ctrl Pts',(24.3657070159244,13.615029118028,53.2300840994936));
#898=CARTESIAN_POINT('Ctrl Pts',(24.3399158067037,12.953029536419,56.5672041060927));
#899=CARTESIAN_POINT('Ctrl Pts',(24.1706004513961,11.7367657955242,63.2338711195924));
#900=CARTESIAN_POINT('Ctrl Pts',(23.9043319629433,11.1117545922996,66.5636986808842));
#901=CARTESIAN_POINT('Ctrl Pts',(23.4281344131304,10.001630870149,73.2303758807718));
#902=CARTESIAN_POINT('Ctrl Pts',(23.1403425871987,9.49317431060035,76.5651998613498));
#903=CARTESIAN_POINT('Ctrl Pts',(22.5141830439228,8.53562897079824,83.2318691053019));
#904=CARTESIAN_POINT('Ctrl Pts',(22.1420561491164,8.09232361064242,86.5639800741167));
#905=CARTESIAN_POINT('Ctrl Pts',(21.4374884366252,7.27917116634769,93.1973752902027));
#906=CARTESIAN_POINT('Ctrl Pts',(21.0713016249796,6.91146906329776,96.4974266069653));
#907=CARTESIAN_POINT('Ctrl Pts',(20.353584794775,6.2303186683358,103.130715895684));
#908=CARTESIAN_POINT('Ctrl Pts',(19.9811923959685,5.92441330077825,106.463752779355));
#909=CARTESIAN_POINT('Ctrl Pts',(19.2886107191666,5.35914083104486,113.130429599414));
#910=CARTESIAN_POINT('Ctrl Pts',(18.9641447698498,5.11153559741017,116.465193765167));
#911=CARTESIAN_POINT('Ctrl Pts',(18.3083102422034,4.64114227667052,123.131863030568));
#912=CARTESIAN_POINT('Ctrl Pts',(17.9836051769834,4.42917629426194,126.465409445198));
#913=CARTESIAN_POINT('Ctrl Pts',(17.350774330682,4.03146493839871,133.132078005735));
#914=CARTESIAN_POINT('Ctrl Pts',(17.0285659037378,3.8494993146756,136.46473925854));
#915=CARTESIAN_POINT('Ctrl Pts',(16.4468919682133,3.51674671590253,143.131410372804));
#916=CARTESIAN_POINT('Ctrl Pts',(16.1863830366924,3.37172755637988,146.465852363895));
#917=CARTESIAN_POINT('Ctrl Pts',(15.6602254613236,3.09349334145777,153.099202677074));
#918=CARTESIAN_POINT('Ctrl Pts',(15.4026364300841,2.96586759968423,156.399111865984));
#919=CARTESIAN_POINT('Ctrl Pts',(14.9122806510411,2.72833371374534,163.032428145977));
#920=CARTESIAN_POINT('Ctrl Pts',(14.677395959096,2.62118486653345,166.365951789925));
#921=CARTESIAN_POINT('Ctrl Pts',(14.2256032568793,2.41854732705267,173.032619069325));
#922=CARTESIAN_POINT('Ctrl Pts',(14.0091540804829,2.32636334170145,176.366032481627));
#923=CARTESIAN_POINT('Ctrl Pts',(13.5973663466028,2.1531343053908,183.032699630556));
#924=CARTESIAN_POINT('Ctrl Pts',(13.4126527638875,2.07585623316778,186.366632863604));
#925=CARTESIAN_POINT('Ctrl Pts',(13.0194809023708,1.92442908761254,193.033299531642));
#926=CARTESIAN_POINT('Ctrl Pts',(12.8105604511426,1.8518770993905,196.366115646663));
#927=CARTESIAN_POINT('Ctrl Pts',(12.4369124491328,1.7190456699149,203.032782677437));
#928=CARTESIAN_POINT('Ctrl Pts',(12.2605302444226,1.65849218879304,206.366184090684));
#929=CARTESIAN_POINT('Ctrl Pts',(11.9297172826133,1.54479910713006,213.032851036644));
#930=CARTESIAN_POINT('Ctrl Pts',(11.7870862349702,1.49454452639168,216.366685152413));
#931=CARTESIAN_POINT('Ctrl Pts',(11.4769664239829,1.3946837288768,223.00001811828));
#932=CARTESIAN_POINT('Ctrl Pts',(11.3086947430504,1.34575830117326,226.299561796534));
#933=CARTESIAN_POINT('Ctrl Pts',(11.0195170924443,1.25765317447128,232.932886471114));
#934=CARTESIAN_POINT('Ctrl Pts',(10.8981542200711,1.21901141869719,236.266659024058));
#935=CARTESIAN_POINT('Ctrl Pts',(10.6306513528342,1.14151697988135,242.933325690795));
#936=CARTESIAN_POINT('Ctrl Pts',(10.4852064047138,1.10364113595849,246.266319681004));
#937=CARTESIAN_POINT('Ctrl Pts',(10.2394283937251,1.03524171036022,252.932986492089));
#938=CARTESIAN_POINT('Ctrl Pts',(10.1389909470131,1.0051999422996,256.266662177822));
#939=CARTESIAN_POINT('Ctrl Pts',(9.91511845157638,0.94492496666885,262.933328844512));
#940=CARTESIAN_POINT('Ctrl Pts',(9.80296829720756,0.916236423539283,266.266663065739));
#941=CARTESIAN_POINT('Ctrl Pts',(9.57840619811477,0.860989467380118,272.933329732421));
#942=CARTESIAN_POINT('Ctrl Pts',(9.45495410981908,0.833828648131686,276.266393612616));
#943=CARTESIAN_POINT('Ctrl Pts',(9.25281464565833,0.785063437034455,282.899732466948));
#944=CARTESIAN_POINT('Ctrl Pts',(9.17318762598921,0.763602149465825,286.199987670908));
#945=CARTESIAN_POINT('Ctrl Pts',(8.99312895814756,0.720583066888984,292.8333207541));
#946=CARTESIAN_POINT('Ctrl Pts',(10.9483552993827,0.852989936067747,297.305425356182));
#947=CARTESIAN_POINT('Ctrl Pts',(7.23488618105442,0.552685978539714,301.122260154463));
#948=CARTESIAN_POINT('Ctrl Pts',(4.53908978482242,0.34196777131466,302.122260154463));
#949=CARTESIAN_POINT('Ctrl Pts',(0.725823879392558,0.0481688288203236,302.5));
#950=CARTESIAN_POINT('Ctrl Pts',(13.9229979442236,11.988473346833,-20.));
#951=CARTESIAN_POINT('Ctrl Pts',(13.5326347394342,11.6664150544867,-13.1347645096192));
#952=CARTESIAN_POINT('Ctrl Pts',(13.5326347394342,11.6664150544867,-6.46809784295251));
#953=CARTESIAN_POINT('Ctrl Pts',(14.55825580334,12.5125751545763,10.5258639591469));
#954=CARTESIAN_POINT('Ctrl Pts',(16.4860006737797,16.3723311463601,19.6000891915024));
#955=CARTESIAN_POINT('Ctrl Pts',(19.6964435934587,16.0401919188123,33.2606882418407));
#956=CARTESIAN_POINT('Ctrl Pts',(20.8627018460578,15.7830926956493,36.575210175591));
#957=CARTESIAN_POINT('Ctrl Pts',(22.0497136301756,15.0207099745872,43.2087816499818));
#958=CARTESIAN_POINT('Ctrl Pts',(22.3063166600804,14.3894665173713,46.5634047141992));
#959=CARTESIAN_POINT('Ctrl Pts',(22.6899158028522,13.2844788556796,53.2300840994936));
#960=CARTESIAN_POINT('Ctrl Pts',(22.6783001792741,12.6605831769631,56.5672041060927));
#961=CARTESIAN_POINT('Ctrl Pts',(22.542176534389,11.5120058216718,63.2338711195925));
#962=CARTESIAN_POINT('Ctrl Pts',(22.3034552805442,10.9183999015457,66.5636986808843));
#963=CARTESIAN_POINT('Ctrl Pts',(21.8763815704273,9.86397475235641,73.2303758807719));
#964=CARTESIAN_POINT('Ctrl Pts',(21.6151684771344,9.37970706146967,76.5651998613497));
#965=CARTESIAN_POINT('Ctrl Pts',(21.0439954756086,8.46611855336832,83.2318691053018));
#966=CARTESIAN_POINT('Ctrl Pts',(20.7021414866918,8.0416057801942,86.5639800741166));
#967=CARTESIAN_POINT('Ctrl Pts',(20.0543918009626,7.26249858839702,93.1973752902027));
#968=CARTESIAN_POINT('Ctrl Pts',(19.7166851137615,6.90928571736586,96.4974266069654));
#969=CARTESIAN_POINT('Ctrl Pts',(19.0540334572139,6.25422614039013,103.130715895684));
#970=CARTESIAN_POINT('Ctrl Pts',(18.7093039221903,5.9590866869603,106.463752779355));
#971=CARTESIAN_POINT('Ctrl Pts',(18.0681003435177,5.41361704257219,113.130429599414));
#972=CARTESIAN_POINT('Ctrl Pts',(17.7673753350431,5.17428087561319,116.465193765167));
#973=CARTESIAN_POINT('Ctrl Pts',(17.1589529696455,4.71884897851762,123.131863030568));
#974=CARTESIAN_POINT('Ctrl Pts',(16.8573219042596,4.51306906718297,126.465409445198));
#975=CARTESIAN_POINT('Ctrl Pts',(16.2691666920939,4.1265146510584,133.132078005735));
#976=CARTESIAN_POINT('Ctrl Pts',(15.9693128459222,3.94903274624222,136.46473925854));
#977=CARTESIAN_POINT('Ctrl Pts',(15.4280759583965,3.62461623245119,143.131410372804));
#978=CARTESIAN_POINT('Ctrl Pts',(15.1856004766406,3.48309302330106,146.465852363895));
#979=CARTESIAN_POINT('Ctrl Pts',(14.6955853269092,3.21106630754791,153.099202677074));
#980=CARTESIAN_POINT('Ctrl Pts',(14.4555262584421,3.08597794476205,156.399111865984));
#981=CARTESIAN_POINT('Ctrl Pts',(13.9984373897386,2.85295686121002,163.032428145977));
#982=CARTESIAN_POINT('Ctrl Pts',(13.7793610377461,2.74758213499452,166.365951789925));
#983=CARTESIAN_POINT('Ctrl Pts',(13.3579087821527,2.54815379271104,173.032619069325));
#984=CARTESIAN_POINT('Ctrl Pts',(13.1559017089743,2.45722086534797,176.366032481627));
#985=CARTESIAN_POINT('Ctrl Pts',(12.7715482968871,2.28624499669296,183.032699630555));
#986=CARTESIAN_POINT('Ctrl Pts',(12.5991324171134,2.20995036045447,186.366632863604));
#987=CARTESIAN_POINT('Ctrl Pts',(12.2318873246419,2.05985928993206,193.033299531642));
#988=CARTESIAN_POINT('Ctrl Pts',(12.0365925144984,1.98755804058512,196.366115646663));
#989=CARTESIAN_POINT('Ctrl Pts',(11.6873717666465,1.85534978216771,203.032782677437));
#990=CARTESIAN_POINT('Ctrl Pts',(11.5224792837166,1.79496409671761,206.366184090684));
#991=CARTESIAN_POINT('Ctrl Pts',(11.213217838942,1.68159091292981,213.032851036644));
#992=CARTESIAN_POINT('Ctrl Pts',(11.0799021079477,1.6315436904656,216.366685152413));
#993=CARTESIAN_POINT('Ctrl Pts',(10.7898567894677,1.53158976046052,223.00001811828));
#994=CARTESIAN_POINT('Ctrl Pts',(10.6323771208111,1.48230917829869,226.299561796533));
#995=CARTESIAN_POINT('Ctrl Pts',(10.3618220719333,1.39382372522768,232.932886471114));
#996=CARTESIAN_POINT('Ctrl Pts',(10.248306276664,1.35511673979478,236.266659024058));
#997=CARTESIAN_POINT('Ctrl Pts',(9.99795305727631,1.27703533986029,242.933325690795));
#998=CARTESIAN_POINT('Ctrl Pts',(9.8617512627907,1.23859404599524,246.266319681003));
#999=CARTESIAN_POINT('Ctrl Pts',(9.63167605045987,1.16949040129339,252.932986492089));
#1000=CARTESIAN_POINT('Ctrl Pts',(9.53769515210779,1.13927983029935,256.266662177822));
#1001=CARTESIAN_POINT('Ctrl Pts',(9.32808657891357,1.07824331608076,262.933328844513));
#1002=CARTESIAN_POINT('Ctrl Pts',(9.2230531725549,1.04908584313073,266.266663065739));
#1003=CARTESIAN_POINT('Ctrl Pts',(9.01269899040436,0.992772347685545,272.933329732421));
#1004=CARTESIAN_POINT('Ctrl Pts',(8.89699631454419,0.964839895135925,276.266393612617));
#1005=CARTESIAN_POINT('Ctrl Pts',(8.70762708189912,0.915056392598507,282.899732466948));
#1006=CARTESIAN_POINT('Ctrl Pts',(8.63307316577212,0.893322229225564,286.199987670908));
#1007=CARTESIAN_POINT('Ctrl Pts',(8.46438116907856,0.849369468952202,292.8333207541));
#1008=CARTESIAN_POINT('Ctrl Pts',(10.3035294343325,1.01134283360239,297.305425356182));
#1009=CARTESIAN_POINT('Ctrl Pts',(6.81160738965768,0.657718987710471,301.122260154462));
#1010=CARTESIAN_POINT('Ctrl Pts',(4.2764820576059,0.407870151031463,302.122260154463));
#1011=CARTESIAN_POINT('Ctrl Pts',(0.690394658341467,0.0584723740999186,
302.499999999999));
#1012=CARTESIAN_POINT('Ctrl Pts',(13.0198621222965,12.9884184986579,-20.));
#1013=CARTESIAN_POINT('Ctrl Pts',(12.6868534309786,12.7998225591046,-13.1347645096192));
#1014=CARTESIAN_POINT('Ctrl Pts',(12.6868534309786,12.7998225591046,-6.46809784295251));
#1015=CARTESIAN_POINT('Ctrl Pts',(13.5617840701601,13.2953302447671,10.5258639591469));
#1016=CARTESIAN_POINT('Ctrl Pts',(15.0346796452224,15.7138917438908,19.6000891915024));
#1017=CARTESIAN_POINT('Ctrl Pts',(17.9988443802122,15.3114538559066,33.2606882418406));
#1018=CARTESIAN_POINT('Ctrl Pts',(19.0975636856829,15.13458796869,36.575210175591));
#1019=CARTESIAN_POINT('Ctrl Pts',(20.2187241343075,14.4494319054285,43.2087816499818));
#1020=CARTESIAN_POINT('Ctrl Pts',(20.4709424603574,13.8669971939366,46.5634047141992));
#1021=CARTESIAN_POINT('Ctrl Pts',(20.8513975579247,12.8460413122261,53.2300840994936));
#1022=CARTESIAN_POINT('Ctrl Pts',(20.8537624991114,12.2648250473908,56.5672041060926));
#1023=CARTESIAN_POINT('Ctrl Pts',(20.7513030125141,11.1923955516966,63.2338711195923));
#1024=CARTESIAN_POINT('Ctrl Pts',(20.5416078244242,10.6346170999882,66.5636986808842));
#1025=CARTESIAN_POINT('Ctrl Pts',(20.1662998761172,9.64375242801116,73.2303758807718));
#1026=CARTESIAN_POINT('Ctrl Pts',(19.9333532885978,9.18730606042472,76.5651998613498));
#1027=CARTESIAN_POINT('Ctrl Pts',(19.4209205391147,8.32455242826052,83.2318691053019));
#1028=CARTESIAN_POINT('Ctrl Pts',(19.1116408916263,7.92205248486376,86.5639800741167));
#1029=CARTESIAN_POINT('Ctrl Pts',(18.5250780032124,7.18291030954046,93.1973752902028));
#1030=CARTESIAN_POINT('Ctrl Pts',(18.218151632901,6.84688584979056,96.4974266069654));
#1031=CARTESIAN_POINT('Ctrl Pts',(17.6150941455896,6.2229359843642,103.130715895684));
#1032=CARTESIAN_POINT('Ctrl Pts',(17.300403176067,5.94083943372979,106.463752779355));
#1033=CARTESIAN_POINT('Ctrl Pts',(16.7149960131359,5.41938484845876,113.130429599414));
#1034=CARTESIAN_POINT('Ctrl Pts',(16.4400900888082,5.19017406332917,116.465193765167));
#1035=CARTESIAN_POINT('Ctrl Pts',(15.8832969802991,4.75324821580713,123.131863030567));
#1036=CARTESIAN_POINT('Ctrl Pts',(15.6068388635607,4.55526562552485,126.465409445198));
#1037=CARTESIAN_POINT('Ctrl Pts',(15.0674577075979,4.18290328302026,133.132078005735));
#1038=CARTESIAN_POINT('Ctrl Pts',(14.7920562752356,4.01130907163178,136.46473925854));
#1039=CARTESIAN_POINT('Ctrl Pts',(14.2950394636552,3.69779522989705,143.131410372804));
#1040=CARTESIAN_POINT('Ctrl Pts',(14.0722927972444,3.56089139403282,146.465852363895));
#1041=CARTESIAN_POINT('Ctrl Pts',(13.6218524943462,3.29723994957871,153.099202677074));
#1042=CARTESIAN_POINT('Ctrl Pts',(13.4010081324103,3.1756915796427,156.399111865984));
#1043=CARTESIAN_POINT('Ctrl Pts',(12.980395699597,2.94905556873301,163.032428145977));
#1044=CARTESIAN_POINT('Ctrl Pts',(12.778668344838,2.84630666795543,166.365951789925));
#1045=CARTESIAN_POINT('Ctrl Pts',(12.3905212712661,2.65170291926301,173.032619069325));
#1046=CARTESIAN_POINT('Ctrl Pts',(12.2043789980862,2.56276181335067,176.366032481627));
#1047=CARTESIAN_POINT('Ctrl Pts',(11.8501671619504,2.39543462685604,183.032699630556));
#1048=CARTESIAN_POINT('Ctrl Pts',(11.6912629405522,2.3207475650449,186.366632863604));
#1049=CARTESIAN_POINT('Ctrl Pts',(11.3525365027831,2.1732299930639,193.033299531642));
#1050=CARTESIAN_POINT('Ctrl Pts',(11.1722492615877,2.10178200350088,196.366115646663));
#1051=CARTESIAN_POINT('Ctrl Pts',(10.8499243947045,1.9712978672785,203.032782677437));
#1052=CARTESIAN_POINT('Ctrl Pts',(10.6976877564068,1.9115855724822,206.366184090684));
#1053=CARTESIAN_POINT('Ctrl Pts',(10.4121643346261,1.79948246956641,213.032851036644));
#1054=CARTESIAN_POINT('Ctrl Pts',(10.2891052917804,1.75006198895128,216.366685152413));
#1055=CARTESIAN_POINT('Ctrl Pts',(10.0211872250525,1.65086080843222,223.00001811828));
#1056=CARTESIAN_POINT('Ctrl Pts',(9.8756166014877,1.601647357556,226.299561796534));
#1057=CARTESIAN_POINT('Ctrl Pts',(9.62560043011281,1.51353717844333,232.932886471114));
#1058=CARTESIAN_POINT('Ctrl Pts',(9.52073434715737,1.47509481277254,236.266659024057));
#1059=CARTESIAN_POINT('Ctrl Pts',(9.28930494026641,1.3970993410297,242.933325690794));
#1060=CARTESIAN_POINT('Ctrl Pts',(9.16331358652855,1.35842866044744,246.266319681004));
#1061=CARTESIAN_POINT('Ctrl Pts',(8.9505721672657,1.28922117027817,252.932986492089));
#1062=CARTESIAN_POINT('Ctrl Pts',(8.8637124920667,1.25910285281544,256.266662177822));
#1063=CARTESIAN_POINT('Ctrl Pts',(8.6698539181613,1.19783922668037,262.933328844512));
#1064=CARTESIAN_POINT('Ctrl Pts',(8.57268257083602,1.16847020103259,266.266663065739));
#1065=CARTESIAN_POINT('Ctrl Pts',(8.37802981583649,1.11159069440683,272.933329732421));
#1066=CARTESIAN_POINT('Ctrl Pts',(8.27089965343037,1.08313923204904,276.266393612616));
#1067=CARTESIAN_POINT('Ctrl Pts',(8.09564492925527,1.03278284897518,282.899732466948));
#1068=CARTESIAN_POINT('Ctrl Pts',(8.02669173949485,1.01096813715795,286.199987670909));
#1069=CARTESIAN_POINT('Ctrl Pts',(7.87056342063255,0.966477131443696,292.8333207541));
#1070=CARTESIAN_POINT('Ctrl Pts',(9.58013857475471,1.15557310086565,297.305425356183));
#1071=CARTESIAN_POINT('Ctrl Pts',(6.33531719814822,0.753534723484023,301.122260154463));
#1072=CARTESIAN_POINT('Ctrl Pts',(3.9794248076585,0.468076583787834,302.122260154463));
#1073=CARTESIAN_POINT('Ctrl Pts',(0.646778686280109,0.068037713206832,302.5));
#1074=CARTESIAN_POINT('Ctrl Pts',(11.7623102179196,14.1193123127662,-20.));
#1075=CARTESIAN_POINT('Ctrl Pts',(11.4692992030826,14.0800467758871,-13.1347645096192));
#1076=CARTESIAN_POINT('Ctrl Pts',(11.4692992030826,14.0800467758871,-6.46809784295251));
#1077=CARTESIAN_POINT('Ctrl Pts',(12.2391419164483,14.1832111141616,10.5258639591469));
#1078=CARTESIAN_POINT('Ctrl Pts',(13.4449747302507,14.9930432787325,19.6000891915024));
#1079=CARTESIAN_POINT('Ctrl Pts',(16.1715326672774,14.5069355297279,33.2606882418407));
#1080=CARTESIAN_POINT('Ctrl Pts',(17.1899127767317,14.4179257640874,36.575210175591));
#1081=CARTESIAN_POINT('Ctrl Pts',(18.2392393007173,13.81598186846,43.2087816499818));
#1082=CARTESIAN_POINT('Ctrl Pts',(18.4862909839743,13.2863822094935,46.5634047141992));
#1083=CARTESIAN_POINT('Ctrl Pts',(18.8626064881815,12.3564482162655,53.2300840994936));
#1084=CARTESIAN_POINT('Ctrl Pts',(18.8796998767245,11.8215729423595,56.5672041060926));
#1085=CARTESIAN_POINT('Ctrl Pts',(18.8129373512849,10.8319060900858,63.2338711195923));
#1086=CARTESIAN_POINT('Ctrl Pts',(18.6342833218009,10.3131699378971,66.5636986808841));
#1087=CARTESIAN_POINT('Ctrl Pts',(18.3143400727887,9.39158300278669,73.2303758807717));
#1088=CARTESIAN_POINT('Ctrl Pts',(18.1116868545767,8.96550949762385,76.5651998613497));
#1089=CARTESIAN_POINT('Ctrl Pts',(17.6622671358386,8.15831479319085,83.2318691053019));
#1090=CARTESIAN_POINT('Ctrl Pts',(17.3879853767889,7.7799344904499,86.5639800741168));
#1091=CARTESIAN_POINT('Ctrl Pts',(16.8671756569828,7.08460464204478,93.1973752902029));
#1092=CARTESIAN_POINT('Ctrl Pts',(16.5933530129245,6.76746396793112,96.4974266069655));
#1093=CARTESIAN_POINT('Ctrl Pts',(16.0544079711921,6.17772742996402,103.130715895684));
#1094=CARTESIAN_POINT('Ctrl Pts',(15.7720564762264,5.91002013794479,106.463752779355));
#1095=CARTESIAN_POINT('Ctrl Pts',(15.2467234718876,5.41506683847409,113.130429599414));
#1096=CARTESIAN_POINT('Ctrl Pts',(14.9996258986507,5.19705226165116,116.465193765167));
#1097=CARTESIAN_POINT('Ctrl Pts',(14.4984554659109,4.78062824292002,123.131863030567));
#1098=CARTESIAN_POINT('Ctrl Pts',(14.2491286229183,4.59131498672033,126.465409445198));
#1099=CARTESIAN_POINT('Ctrl Pts',(13.7623250337894,4.23475860611172,133.132078005735));
#1100=CARTESIAN_POINT('Ctrl Pts',(13.5132939683156,4.06975917130213,136.46473925854));
#1101=CARTESIAN_POINT('Ctrl Pts',(13.0639655093991,3.76845048014906,143.131410372804));
#1102=CARTESIAN_POINT('Ctrl Pts',(12.8624983973374,3.63672844977033,146.465852363895));
#1103=CARTESIAN_POINT('Ctrl Pts',(12.4547517659775,3.38250530400696,153.099202677074));
#1104=CARTESIAN_POINT('Ctrl Pts',(12.2546415957712,3.26496472996304,156.399111865984));
#1105=CARTESIAN_POINT('Ctrl Pts',(11.8733941080011,3.04557424826088,163.032428145977));
#1106=CARTESIAN_POINT('Ctrl Pts',(11.6903938288022,2.94582647928587,166.365951789925));
#1107=CARTESIAN_POINT('Ctrl Pts',(11.338200361188,2.75675010982483,173.032619069325));
#1108=CARTESIAN_POINT('Ctrl Pts',(11.1691877869709,2.67011031119636,176.366032481627));
#1109=CARTESIAN_POINT('Ctrl Pts',(10.8475228760109,2.5070088868074,183.032699630556));
#1110=CARTESIAN_POINT('Ctrl Pts',(10.7032096727057,2.4341866650466,186.366632863604));
#1111=CARTESIAN_POINT('Ctrl Pts',(10.395287168162,2.28971489586998,193.033299531642));
#1112=CARTESIAN_POINT('Ctrl Pts',(10.2312145092994,2.21932582828548,196.366115646663));
#1113=CARTESIAN_POINT('Ctrl Pts',(9.93794864176297,2.09095214759621,203.032782677437));
#1114=CARTESIAN_POINT('Ctrl Pts',(9.79938763369179,2.0320837006629,206.366184090684));
#1115=CARTESIAN_POINT('Ctrl Pts',(9.53951582418616,1.92157150049222,213.032851036644));
#1116=CARTESIAN_POINT('Ctrl Pts',(9.42754048336401,1.87292381988868,216.366685152413));
#1117=CARTESIAN_POINT('Ctrl Pts',(9.1835389012095,1.7747381068207,223.00001811828));
#1118=CARTESIAN_POINT('Ctrl Pts',(9.0508433090788,1.72570385188028,226.299561796534));
#1119=CARTESIAN_POINT('Ctrl Pts',(8.82303120110638,1.63818554309641,232.932886471114));
#1120=CARTESIAN_POINT('Ctrl Pts',(8.72751606133799,1.60010886540193,236.266659024058));
#1121=CARTESIAN_POINT('Ctrl Pts',(8.51654865382518,1.5223769659633,242.933325690794));
#1122=CARTESIAN_POINT('Ctrl Pts',(8.40160013801828,1.48354859051803,246.266319681004));
#1123=CARTESIAN_POINT('Ctrl Pts',(8.20760452477912,1.41438464055136,252.932986492089));
#1124=CARTESIAN_POINT('Ctrl Pts',(8.1284458530239,1.3844314290015,256.266662177822));
#1125=CARTESIAN_POINT('Ctrl Pts',(7.95162294779714,1.32306351220297,262.933328844513));
#1126=CARTESIAN_POINT('Ctrl Pts',(7.86295647776848,1.29353569965565,266.266663065739));
#1127=CARTESIAN_POINT('Ctrl Pts',(7.6852907629812,1.23618286032629,272.933329732421));
#1128=CARTESIAN_POINT('Ctrl Pts',(7.58743692160668,1.20724433726713,276.266393612616));
#1129=CARTESIAN_POINT('Ctrl Pts',(7.42745432727789,1.15639313820712,282.899732466947));
#1130=CARTESIAN_POINT('Ctrl Pts',(7.36456076619774,1.13454221362086,286.199987670909));
#1131=CARTESIAN_POINT('Ctrl Pts',(7.22202816504076,1.08958030379902,292.833320754101));
#1132=CARTESIAN_POINT('Ctrl Pts',(8.79058130593803,1.30729843889976,297.305425356183));
#1133=CARTESIAN_POINT('Ctrl Pts',(5.81456262074485,0.854326496318814,301.122260154463));
#1134=CARTESIAN_POINT('Ctrl Pts',(3.65366368953212,0.531381461700498,302.122260154463));
#1135=CARTESIAN_POINT('Ctrl Pts',(0.59675592245526,0.0780169725256301,302.5));
#1136=CARTESIAN_POINT('Ctrl Pts',(10.0010525022786,15.481628075781,-20.));
#1137=CARTESIAN_POINT('Ctrl Pts',(9.73435862875054,15.6249196648525,-13.1347645096192));
#1138=CARTESIAN_POINT('Ctrl Pts',(9.73435862875053,15.6249196648525,-6.46809784295252));
#1139=CARTESIAN_POINT('Ctrl Pts',(10.4350569808213,15.2484423989904,10.5258639591469));
#1140=CARTESIAN_POINT('Ctrl Pts',(11.5423487670386,14.0972153526638,19.6000891915025));
#1141=CARTESIAN_POINT('Ctrl Pts',(14.0111944822284,13.5014387143982,33.2606882418407));
#1142=CARTESIAN_POINT('Ctrl Pts',(14.9258476768144,13.5166075505502,36.575210175591));
#1143=CARTESIAN_POINT('Ctrl Pts',(15.8874306743129,13.0124892391847,43.2087816499818));
#1144=CARTESIAN_POINT('Ctrl Pts',(16.1270536848988,12.5459293712103,46.5634047141992));
#1145=CARTESIAN_POINT('Ctrl Pts',(16.496256493465,11.7247236978019,53.2300840994937));
#1146=CARTESIAN_POINT('Ctrl Pts',(16.5298288318871,11.2455950513396,56.5672041060927));
#1147=CARTESIAN_POINT('Ctrl Pts',(16.5037096041843,10.3557186198536,63.2338711195923));
#1148=CARTESIAN_POINT('Ctrl Pts',(16.3611825549048,9.88439220999603,66.5636986808841));
#1149=CARTESIAN_POINT('Ctrl Pts',(16.1056848711702,9.0469440346737,73.2303758807716));
#1150=CARTESIAN_POINT('Ctrl Pts',(15.9384740621069,8.65790371593755,76.5651998613496));
#1151=CARTESIAN_POINT('Ctrl Pts',(15.5629583359895,7.91863479239733,83.2318691053018));
#1152=CARTESIAN_POINT('Ctrl Pts',(15.3298837082909,7.56992649382768,86.5639800741167));
#1153=CARTESIAN_POINT('Ctrl Pts',(14.8865292175766,6.92855013166906,93.1973752902029));
#1154=CARTESIAN_POINT('Ctrl Pts',(14.6517775926918,6.63478015097648,96.4974266069655));
#1155=CARTESIAN_POINT('Ctrl Pts',(14.1885578304025,6.08748715105333,103.130715895684));
#1156=CARTESIAN_POINT('Ctrl Pts',(13.9444716714525,5.83776099366422,106.463752779355));
#1157=CARTESIAN_POINT('Ctrl Pts',(13.4902268004285,5.37593877224252,113.130429599414));
#1158=CARTESIAN_POINT('Ctrl Pts',(13.2760618621579,5.17198158400926,116.465193765167));
#1159=CARTESIAN_POINT('Ctrl Pts',(12.8408081766417,4.78141254718932,123.131863030567));
#1160=CARTESIAN_POINT('Ctrl Pts',(12.6236653881287,4.60312039307172,126.465409445198));
#1161=CARTESIAN_POINT('Ctrl Pts',(12.1992546166629,4.26673392409026,133.132078005735));
#1162=CARTESIAN_POINT('Ctrl Pts',(11.9815481526678,4.11025790814838,136.46473925854));
#1163=CARTESIAN_POINT('Ctrl Pts',(11.5888614617956,3.82469850234959,143.131410372804));
#1164=CARTESIAN_POINT('Ctrl Pts',(11.4126757900338,3.69968929588006,146.465852363895));
#1165=CARTESIAN_POINT('Ctrl Pts',(11.0556744427204,3.45777677825602,153.099202677074));
#1166=CARTESIAN_POINT('Ctrl Pts',(10.8802222659478,3.34553264468594,156.399111865983));
#1167=CARTESIAN_POINT('Ctrl Pts',(10.5457979459805,3.13576376515538,163.032428145977));
#1168=CARTESIAN_POINT('Ctrl Pts',(10.3850834132486,3.04006078459984,166.365951789925));
#1169=CARTESIAN_POINT('Ctrl Pts',(10.0756814176485,2.85847019216383,173.032619069325));
#1170=CARTESIAN_POINT('Ctrl Pts',(9.92706426393494,2.77500021609014,176.366032481627));
#1171=CARTESIAN_POINT('Ctrl Pts',(9.64415489082363,2.61774659948887,183.032699630556));
#1172=CARTESIAN_POINT('Ctrl Pts',(9.5172170782023,2.54751132648953,186.366632863604));
#1173=CARTESIAN_POINT('Ctrl Pts',(9.24599703037609,2.40743464565643,193.033299531642));
#1174=CARTESIAN_POINT('Ctrl Pts',(9.10125628672481,2.33870790778318,196.366115646663));
#1175=CARTESIAN_POINT('Ctrl Pts',(8.84263174632719,2.21356888382454,203.032782677436));
#1176=CARTESIAN_POINT('Ctrl Pts',(8.72037711385768,2.15604449277745,206.366184090683));
#1177=CARTESIAN_POINT('Ctrl Pts',(8.49109153215555,2.048063563742,213.032851036644));
#1178=CARTESIAN_POINT('Ctrl Pts',(8.39233042320004,2.00061242119142,216.366685152413));
#1179=CARTESIAN_POINT('Ctrl Pts',(8.17685724465504,1.90422793824595,223.00001811828));
#1180=CARTESIAN_POINT('Ctrl Pts',(8.05952774460982,1.85572357046813,226.299561796533));
#1181=CARTESIAN_POINT('Ctrl Pts',(7.85820978529225,1.76945846748706,232.932886471114));
#1182=CARTESIAN_POINT('Ctrl Pts',(7.77384995602873,1.73204949239276,236.266659024058));
#1183=CARTESIAN_POINT('Ctrl Pts',(7.58730484923665,1.65513597586451,242.933325690794));
#1184=CARTESIAN_POINT('Ctrl Pts',(7.48554317636708,1.61639018227606,246.266319681004));
#1185=CARTESIAN_POINT('Ctrl Pts',(7.31392638067989,1.54773981425607,252.932986492089));
#1186=CARTESIAN_POINT('Ctrl Pts',(7.24395817323662,1.51817436365611,256.266662177821));
#1187=CARTESIAN_POINT('Ctrl Pts',(7.08747616285838,1.45710168940012,262.933328844512));
#1188=CARTESIAN_POINT('Ctrl Pts',(7.00896711282221,1.42759359227903,266.266663065739));
#1189=CARTESIAN_POINT('Ctrl Pts',(6.85159269880883,1.37009324579364,272.933329732421));
#1190=CARTESIAN_POINT('Ctrl Pts',(6.7648246438627,1.34080038515435,276.266393612616));
#1191=CARTESIAN_POINT('Ctrl Pts',(6.62308680367679,1.28973425989975,282.899732466947));
#1192=CARTESIAN_POINT('Ctrl Pts',(6.56742905506859,1.26799028481628,286.199987670909));
#1193=CARTESIAN_POINT('Ctrl Pts',(6.44113956649876,1.22280123706026,292.8333207541));
#1194=CARTESIAN_POINT('Ctrl Pts',(7.84031334553452,1.47154578305086,297.305425356183));
#1195=CARTESIAN_POINT('Ctrl Pts',(5.1870074362715,0.963814154362716,301.122260154463));
#1196=CARTESIAN_POINT('Ctrl Pts',(3.26022996668686,0.600494372894771,302.122260154463));
#1197=CARTESIAN_POINT('Ctrl Pts',(0.534403284485449,0.0896547682784194,
302.499999999999));
#1198=CARTESIAN_POINT('Ctrl Pts',(6.82907857438463,17.2970757269832,-20.));
#1199=CARTESIAN_POINT('Ctrl Pts',(6.54116800198221,17.6978901283347,-13.1347645096192));
#1200=CARTESIAN_POINT('Ctrl Pts',(6.5411680019822,17.6978901283347,-6.46809784295251));
#1201=CARTESIAN_POINT('Ctrl Pts',(7.29761006402652,16.6448101051682,10.5258639591469));
#1202=CARTESIAN_POINT('Ctrl Pts',(8.8642314026863,12.7365348546083,19.6000891915024));
#1203=CARTESIAN_POINT('Ctrl Pts',(11.0418505395644,11.9738322892506,33.2606882418408));
#1204=CARTESIAN_POINT('Ctrl Pts',(11.7897281691365,12.1299026224259,36.5752101755912));
#1205=CARTESIAN_POINT('Ctrl Pts',(12.6228452650849,11.7587501734771,43.208781649982));
#1206=CARTESIAN_POINT('Ctrl Pts',(12.8486849171252,11.3804291363401,46.5634047141992));
#1207=CARTESIAN_POINT('Ctrl Pts',(13.2021191769753,10.71172616935,53.2300840994935));
#1208=CARTESIAN_POINT('Ctrl Pts',(13.2558810018533,10.3118396040421,56.5672041060925));
#1209=CARTESIAN_POINT('Ctrl Pts',(13.2815554741552,9.5644050513696,63.2338711195923));
#1210=CARTESIAN_POINT('Ctrl Pts',(13.1872598406018,9.1616349384249,66.5636986808842));
#1211=CARTESIAN_POINT('Ctrl Pts',(13.0178227551388,8.44587882089877,73.2303758807719));
#1212=CARTESIAN_POINT('Ctrl Pts',(12.8984326315314,8.11077522702366,76.56519986135));
#1213=CARTESIAN_POINT('Ctrl Pts',(12.6231237785188,7.47090761691715,83.2318691053022));
#1214=CARTESIAN_POINT('Ctrl Pts',(12.4463571275272,7.16609259308458,86.5639800741169));
#1215=CARTESIAN_POINT('Ctrl Pts',(12.1089383740769,6.60466553209778,93.1973752902028));
#1216=CARTESIAN_POINT('Ctrl Pts',(11.9278281754527,6.34582009640666,96.4974266069654));
#1217=CARTESIAN_POINT('Ctrl Pts',(11.5687239292956,5.8622073364808,103.130715895683));
#1218=CARTESIAN_POINT('Ctrl Pts',(11.3774327086642,5.63978753491693,106.463752779355));
#1219=CARTESIAN_POINT('Ctrl Pts',(11.0212830694149,5.22831169265367,113.130429599413));
#1220=CARTESIAN_POINT('Ctrl Pts',(10.8526306467274,5.04586474643872,116.465193765167));
#1221=CARTESIAN_POINT('Ctrl Pts',(10.5085935070059,4.695141991185,123.131863030567));
#1222=CARTESIAN_POINT('Ctrl Pts',(10.3360722274214,4.53405244726924,126.465409445198));
#1223=CARTESIAN_POINT('Ctrl Pts',(9.99822884009654,4.22933500666376,133.132078005735));
#1224=CARTESIAN_POINT('Ctrl Pts',(9.82406853643402,4.086505285931,136.46473925854));
#1225=CARTESIAN_POINT('Ctrl Pts',(9.51010517615163,3.82609734373412,143.131410372804));
#1226=CARTESIAN_POINT('Ctrl Pts',(9.36907361702673,3.71187031661202,146.465852363896));
#1227=CARTESIAN_POINT('Ctrl Pts',(9.0826953675675,3.48996410258853,153.099202677074));
#1228=CARTESIAN_POINT('Ctrl Pts',(8.94159631343741,3.38647812200244,156.399111865984));
#1229=CARTESIAN_POINT('Ctrl Pts',(8.67242820665378,3.19272809841442,163.032428145977));
#1230=CARTESIAN_POINT('Ctrl Pts',(8.54280091123188,3.10389817319159,166.365951789925));
#1231=CARTESIAN_POINT('Ctrl Pts',(8.29310513066734,2.93511071578228,173.032619069325));
#1232=CARTESIAN_POINT('Ctrl Pts',(8.17296632591674,2.85718381540747,176.366032481627));
#1233=CARTESIAN_POINT('Ctrl Pts',(7.94418097087729,2.7102171233125,183.032699630555));
#1234=CARTESIAN_POINT('Ctrl Pts',(7.84151065127169,2.64454570372819,186.366632863604));
#1235=CARTESIAN_POINT('Ctrl Pts',(7.62160742928623,2.51260490592398,193.033299531642));
#1236=CARTESIAN_POINT('Ctrl Pts',(7.50393051070193,2.44724550268339,196.366115646664));
#1237=CARTESIAN_POINT('Ctrl Pts',(7.29378890160424,2.32850173720814,203.032782677438));
#1238=CARTESIAN_POINT('Ctrl Pts',(7.19436554126353,2.27373713018193,206.366184090684));
#1239=CARTESIAN_POINT('Ctrl Pts',(7.00790457849873,2.17094781886953,213.032851036644));
#1240=CARTESIAN_POINT('Ctrl Pts',(6.92763974229533,2.12588521834666,216.366685152413));
#1241=CARTESIAN_POINT('Ctrl Pts',(6.75213928835005,2.03355687723348,223.00001811828));
#1242=CARTESIAN_POINT('Ctrl Pts',(6.65636308280589,1.98661776515787,226.299561796534));
#1243=CARTESIAN_POINT('Ctrl Pts',(6.49218951551453,1.90353039038672,232.932886471114));
#1244=CARTESIAN_POINT('Ctrl Pts',(6.42346198751486,1.86765716954345,236.266659024057));
#1245=CARTESIAN_POINT('Ctrl Pts',(6.27117418772525,1.79320012255783,242.933325690794));
#1246=CARTESIAN_POINT('Ctrl Pts',(6.18792851282142,1.75527507002207,246.266319681004));
#1247=CARTESIAN_POINT('Ctrl Pts',(6.04771498768078,1.68854412948131,252.932986492089));
#1248=CARTESIAN_POINT('Ctrl Pts',(5.99063419815433,1.66001649979477,256.266662177822));
#1249=CARTESIAN_POINT('Ctrl Pts',(5.86270469914146,1.60044805325716,262.933328844513));
#1250=CARTESIAN_POINT('Ctrl Pts',(5.79846028337845,1.57151149352676,266.266663065739));
#1251=CARTESIAN_POINT('Ctrl Pts',(5.66959177774647,1.5148901179539,272.933329732421));
#1252=CARTESIAN_POINT('Ctrl Pts',(5.59841163240557,1.48569211765563,276.266393612616));
#1253=CARTESIAN_POINT('Ctrl Pts',(5.48230895641201,1.43530140964091,282.899732466948));
#1254=CARTESIAN_POINT('Ctrl Pts',(5.43680807872545,1.41409646571215,286.199987670909));
#1255=CARTESIAN_POINT('Ctrl Pts',(5.33334319840842,1.36945926070187,292.833320754101));
#1256=CARTESIAN_POINT('Ctrl Pts',(6.49283589210494,1.65280960055779,297.305425356184));
#1257=CARTESIAN_POINT('Ctrl Pts',(4.29592974792191,1.0852772981328,301.122260154464));
#1258=CARTESIAN_POINT('Ctrl Pts',(2.70029890470097,0.677661068357165,302.122260154464));
#1259=CARTESIAN_POINT('Ctrl Pts',(0.44278297597677,0.103645504284222,302.5));
#1260=CARTESIAN_POINT('Ctrl Pts',(2.28672122377828,18.4118019387134,-20.));
#1261=CARTESIAN_POINT('Ctrl Pts',(1.88205403560393,19.0410015365048,-13.1347645096192));
#1262=CARTESIAN_POINT('Ctrl Pts',(1.88205403560393,19.0410015365048,-6.46809784295252));
#1263=CARTESIAN_POINT('Ctrl Pts',(2.94525668116855,17.3878734932405,10.5258639591469));
#1264=CARTESIAN_POINT('Ctrl Pts',(5.97368013908154,11.0241974149481,19.6000891915025));
#1265=CARTESIAN_POINT('Ctrl Pts',(7.94877275059727,10.1269865010104,33.2606882418407));
#1266=CARTESIAN_POINT('Ctrl Pts',(8.4817248160534,10.4086982833324,36.575210175591));
#1267=CARTESIAN_POINT('Ctrl Pts',(9.16630916741024,10.1730542448942,43.2087816499818));
#1268=CARTESIAN_POINT('Ctrl Pts',(9.37109579188922,9.88952904118003,46.5634047141994));
#1269=CARTESIAN_POINT('Ctrl Pts',(9.69686908240705,9.38522426277157,53.2300840994938));
#1270=CARTESIAN_POINT('Ctrl Pts',(9.76703960562305,9.07269929197698,56.5672041060928));
#1271=CARTESIAN_POINT('Ctrl Pts',(9.83901462746497,8.48336979742143,63.2338711195925));
#1272=CARTESIAN_POINT('Ctrl Pts',(9.79227249443828,8.15828966518658,66.5636986808842));
#1273=CARTESIAN_POINT('Ctrl Pts',(9.70772811385704,7.58047568500077,73.2303758807718));
#1274=CARTESIAN_POINT('Ctrl Pts',(9.6364566101014,7.30717666356347,76.5651998613499));
#1275=CARTESIAN_POINT('Ctrl Pts',(9.46292035342637,6.78204015979814,83.2318691053021));
#1276=CARTESIAN_POINT('Ctrl Pts',(9.34416888917369,6.52871592152935,86.5639800741168));
#1277=CARTESIAN_POINT('Ctrl Pts',(9.11607905663618,6.06131127472497,93.1973752902029));
#1278=CARTESIAN_POINT('Ctrl Pts',(8.99071266991103,5.84404529787812,96.4974266069658));
#1279=CARTESIAN_POINT('Ctrl Pts',(8.74008843422409,5.4366815078825,103.130715895684));
#1280=CARTESIAN_POINT('Ctrl Pts',(8.60414987000097,5.24751838163188,106.463752779356));
#1281=CARTESIAN_POINT('Ctrl Pts',(8.35087470867861,4.8974137701921,113.130429599414));
#1282=CARTESIAN_POINT('Ctrl Pts',(8.23007988473833,4.74143656867049,116.465193765167));
#1283=CARTESIAN_POINT('Ctrl Pts',(7.9821852486946,4.44022208754749,123.131863030568));
#1284=CARTESIAN_POINT('Ctrl Pts',(7.85685345557923,4.30086752746746,126.465409445199));
#1285=CARTESIAN_POINT('Ctrl Pts',(7.61067747492133,4.03646766849034,133.132078005735));
#1286=CARTESIAN_POINT('Ctrl Pts',(7.48278681345877,3.91144061377152,136.46473925854));
#1287=CARTESIAN_POINT('Ctrl Pts',(7.25243713029308,3.68374090521982,143.131410372804));
#1288=CARTESIAN_POINT('Ctrl Pts',(7.14877456297026,3.5836335524784,146.465852363896));
#1289=CARTESIAN_POINT('Ctrl Pts',(6.93758368088682,3.38829735481169,153.099202677074));
#1290=CARTESIAN_POINT('Ctrl Pts',(6.83312534719995,3.29667984477531,156.399111865984));
#1291=CARTESIAN_POINT('Ctrl Pts',(6.63360185445405,3.12480483669705,163.032428145977));
#1292=CARTESIAN_POINT('Ctrl Pts',(6.53720491312161,3.04557359603412,166.365951789925));
#1293=CARTESIAN_POINT('Ctrl Pts',(6.35135910569392,2.89479077890051,173.032619069325));
#1294=CARTESIAN_POINT('Ctrl Pts',(6.26171422423973,2.82484028451795,176.366032481627));
#1295=CARTESIAN_POINT('Ctrl Pts',(6.09090088702481,2.6927645360511,183.032699630555));
#1296=CARTESIAN_POINT('Ctrl Pts',(6.01422680676578,2.63371786250585,186.366632863604));
#1297=CARTESIAN_POINT('Ctrl Pts',(5.84940122275988,2.51414079721161,193.033299531642));
#1298=CARTESIAN_POINT('Ctrl Pts',(5.76083558395466,2.4542992839586,196.366115646663));
#1299=CARTESIAN_POINT('Ctrl Pts',(5.6028198738934,2.34583550437871,203.032782677436));
#1300=CARTESIAN_POINT('Ctrl Pts',(5.52796088781001,2.29563891609489,206.366184090684));
#1301=CARTESIAN_POINT('Ctrl Pts',(5.38757443257307,2.20143475523859,213.032851036644));
#1302=CARTESIAN_POINT('Ctrl Pts',(5.32719948375558,2.16023958545324,216.366685152413));
#1303=CARTESIAN_POINT('Ctrl Pts',(5.19476035773737,2.07506803312296,223.00001811828));
#1304=CARTESIAN_POINT('Ctrl Pts',(5.12224602852795,2.03131253844245,226.299561796534));
#1305=CARTESIAN_POINT('Ctrl Pts',(4.9981282868221,1.95423414046693,232.932886471115));
#1306=CARTESIAN_POINT('Ctrl Pts',(4.94624470143737,1.92110587367854,236.266659024058));
#1307=CARTESIAN_POINT('Ctrl Pts',(4.8309326401788,1.85167650371514,242.933325690795));
#1308=CARTESIAN_POINT('Ctrl Pts',(4.76770753662492,1.81591818036265,246.266319681004));
#1309=CARTESIAN_POINT('Ctrl Pts',(4.66141264065134,1.75343578184203,252.93298649209));
#1310=CARTESIAN_POINT('Ctrl Pts',(4.6182342953347,1.72692391726494,256.266662177822));
#1311=CARTESIAN_POINT('Ctrl Pts',(4.52116140423585,1.67095733913055,262.933328844513));
#1312=CARTESIAN_POINT('Ctrl Pts',(4.47234528739856,1.6436248386542,266.266663065739));
#1313=CARTESIAN_POINT('Ctrl Pts',(4.37432659474283,1.5899231907512,272.933329732421));
#1314=CARTESIAN_POINT('Ctrl Pts',(4.32004296605617,1.56190258504884,276.266393612616));
#1315=CARTESIAN_POINT('Ctrl Pts',(4.23169162904768,1.51401324711575,282.899732466948));
#1316=CARTESIAN_POINT('Ctrl Pts',(4.19716733874164,1.49409475600787,286.199987670909));
#1317=CARTESIAN_POINT('Ctrl Pts',(4.11841499500365,1.45163150677274,292.833320754101));
#1318=CARTESIAN_POINT('Ctrl Pts',(5.0152889788927,1.7559745342435,297.305425356182));
#1319=CARTESIAN_POINT('Ctrl Pts',(3.31798676653892,1.15507891257826,301.122260154463));
#1320=CARTESIAN_POINT('Ctrl Pts',(2.08492014052289,0.722271440617932,302.122260154463));
#1321=CARTESIAN_POINT('Ctrl Pts',(0.340187183422184,0.112053723859964,302.5));
#1322=CARTESIAN_POINT('Ctrl Pts',(-1.83515046217108,18.3594572419609,-20.));
#1323=CARTESIAN_POINT('Ctrl Pts',(-2.37634455686589,19.1075048877168,-13.1347645096192));
#1324=CARTESIAN_POINT('Ctrl Pts',(-2.37634455686589,19.1075048877168,-6.46809784295252));
#1325=CARTESIAN_POINT('Ctrl Pts',(-0.954437839300358,17.1421213349653,10.5258639591469));
#1326=CARTESIAN_POINT('Ctrl Pts',(3.68814911951484,9.47465343080652,19.6000891915025));
#1327=CARTESIAN_POINT('Ctrl Pts',(5.551422686292,8.54165086593895,33.2606882418408));
#1328=CARTESIAN_POINT('Ctrl Pts',(5.89615976172394,8.89655183183495,36.5752101755911));
#1329=CARTESIAN_POINT('Ctrl Pts',(6.45621053426595,8.76374748576813,43.2087816499819));
#1330=CARTESIAN_POINT('Ctrl Pts',(6.6403446664911,8.55543161883361,46.5634047141993));
#1331=CARTESIAN_POINT('Ctrl Pts',(6.93739696293529,8.18190868813591,53.2300840994937));
#1332=CARTESIAN_POINT('Ctrl Pts',(7.01725873627844,7.94010888920114,56.5672041060927));
#1333=CARTESIAN_POINT('Ctrl Pts',(7.12008903930678,7.47943265199142,63.2338711195924));
#1334=CARTESIAN_POINT('Ctrl Pts',(7.1084027960483,7.21854937988447,66.5636986808842));
#1335=CARTESIAN_POINT('Ctrl Pts',(7.08646838127467,6.75473934401765,73.2303758807718));
#1336=CARTESIAN_POINT('Ctrl Pts',(7.05133584877936,6.53291806995673,76.56519986135));
#1337=CARTESIAN_POINT('Ctrl Pts',(6.95486914217985,6.10383430394776,83.2318691053021));
#1338=CARTESIAN_POINT('Ctrl Pts',(6.880603367373,5.89410564013237,86.5639800741167));
#1339=CARTESIAN_POINT('Ctrl Pts',(6.73646497215766,5.5064414787868,93.1973752902027));
#1340=CARTESIAN_POINT('Ctrl Pts',(6.65415534099513,5.3247315967647,96.4974266069656));
#1341=CARTESIAN_POINT('Ctrl Pts',(6.48750637404138,4.98281856433731,103.130715895684));
#1342=CARTESIAN_POINT('Ctrl Pts',(6.39464084689552,4.82252020658277,106.463752779355));
#1343=CARTESIAN_POINT('Ctrl Pts',(6.22143493420148,4.52571142873711,113.130429599414));
#1344=CARTESIAN_POINT('Ctrl Pts',(6.13797084792692,4.39285924587547,116.465193765167));
#1345=CARTESIAN_POINT('Ctrl Pts',(5.96521647991435,4.1351593202197,123.131863030568));
#1346=CARTESIAN_POINT('Ctrl Pts',(5.87686731658378,4.01510549429127,126.465409445198));
#1347=CARTESIAN_POINT('Ctrl Pts',(5.70260680404746,3.78667140554978,133.132078005735));
#1348=CARTESIAN_POINT('Ctrl Pts',(5.61111689213647,3.67775454529969,136.46473925854));
#1349=CARTESIAN_POINT('Ctrl Pts',(5.4465250629224,3.47959892453666,143.131410372804));
#1350=CARTESIAN_POINT('Ctrl Pts',(5.37227075993048,3.39229607411316,146.465852363896));
#1351=CARTESIAN_POINT('Ctrl Pts',(5.22032302910761,3.22124755350601,153.099202677075));
#1352=CARTESIAN_POINT('Ctrl Pts',(5.14477811265253,3.14060002267041,156.399111865984));
#1353=CARTESIAN_POINT('Ctrl Pts',(5.00023856467937,2.98902773771073,163.032428145977));
#1354=CARTESIAN_POINT('Ctrl Pts',(4.93010991808244,2.9188110528109,166.365951789925));
#1355=CARTESIAN_POINT('Ctrl Pts',(4.7947541712853,2.78499748881899,173.032619069325));
#1356=CARTESIAN_POINT('Ctrl Pts',(4.72924726798712,2.72265217220998,176.366032481627));
#1357=CARTESIAN_POINT('Ctrl Pts',(4.60433332787721,2.60481584497954,183.032699630556));
#1358=CARTESIAN_POINT('Ctrl Pts',(4.54824370926106,2.55211243174398,186.366632863605));
#1359=CARTESIAN_POINT('Ctrl Pts',(4.42709643079842,2.44463324446152,193.033299531643));
#1360=CARTESIAN_POINT('Ctrl Pts',(4.36165735719107,2.39037018512133,196.366115646663));
#1361=CARTESIAN_POINT('Ctrl Pts',(4.24503529536767,2.29221618292237,203.032782677437));
#1362=CARTESIAN_POINT('Ctrl Pts',(4.189693955088,2.24665647982315,206.366184090684));
#1363=CARTESIAN_POINT('Ctrl Pts',(4.08591522133942,2.16116347318591,213.032851036645));
#1364=CARTESIAN_POINT('Ctrl Pts',(4.04133687397655,2.12385846644566,216.366685152413));
#1365=CARTESIAN_POINT('Ctrl Pts',(3.943145585568,2.04613323164816,223.00001811828));
#1366=CARTESIAN_POINT('Ctrl Pts',(3.88915919132018,2.00585266818719,226.299561796534));
#1367=CARTESIAN_POINT('Ctrl Pts',(3.79692446722379,1.9351810699009,232.932886471114));
#1368=CARTESIAN_POINT('Ctrl Pts',(3.75843923883453,1.90492215805032,236.266659024058));
#1369=CARTESIAN_POINT('Ctrl Pts',(3.67257896117184,1.84099069074884,242.933325690795));
#1370=CARTESIAN_POINT('Ctrl Pts',(3.62532267385599,1.80776348196141,246.266319681004));
#1371=CARTESIAN_POINT('Ctrl Pts',(3.5460587720237,1.75003313148562,252.93298649209));
#1372=CARTESIAN_POINT('Ctrl Pts',(3.51394873749314,1.7256893958536,256.266662177822));
#1373=CARTESIAN_POINT('Ctrl Pts',(3.44147686708776,1.67383506639926,262.933328844513));
#1374=CARTESIAN_POINT('Ctrl Pts',(3.4049690679384,1.64840075834297,266.26666306574));
#1375=CARTESIAN_POINT('Ctrl Pts',(3.33157299339163,1.59826390974923,272.933329732422));
#1376=CARTESIAN_POINT('Ctrl Pts',(3.29079202686452,1.57185732337777,276.266393612616));
#1377=CARTESIAN_POINT('Ctrl Pts',(3.22459508092457,1.52707465483331,282.899732466948));
#1378=CARTESIAN_POINT('Ctrl Pts',(3.19882164741478,1.50862354272173,286.199987670909));
#1379=CARTESIAN_POINT('Ctrl Pts',(3.13979972603057,1.46888413185378,292.833320754101));
#1380=CARTESIAN_POINT('Ctrl Pts',(3.82517308345112,1.77961460498639,297.305425356183));
#1381=CARTESIAN_POINT('Ctrl Pts',(2.52995477079201,1.17183397431347,301.122260154464));
#1382=CARTESIAN_POINT('Ctrl Pts',(1.5887224214328,0.733245306845177,302.122260154464));
#1383=CARTESIAN_POINT('Ctrl Pts',(0.256761260594669,0.114391517962862,302.500000000001));
#1384=CARTESIAN_POINT('Ctrl Pts',(-6.12758626997603,17.558693349462,-20.));
#1385=CARTESIAN_POINT('Ctrl Pts',(-6.82269837481369,18.3727941348949,-13.1347645096192));
#1386=CARTESIAN_POINT('Ctrl Pts',(-6.82269837481369,18.3727941348949,-6.46809784295252));
#1387=CARTESIAN_POINT('Ctrl Pts',(-4.99639505587752,16.2338658152222,10.5258639591469));
#1388=CARTESIAN_POINT('Ctrl Pts',(1.4399881172915,7.80708547384332,19.6000891915025));
#1389=CARTESIAN_POINT('Ctrl Pts',(3.21132841043689,6.89976169008862,33.2606882418407));
#1390=CARTESIAN_POINT('Ctrl Pts',(3.36139142720409,7.30643801407997,36.5752101755911));
#1391=CARTESIAN_POINT('Ctrl Pts',(3.79389281298176,7.27246472454206,43.2087816499819));
#1392=CARTESIAN_POINT('Ctrl Pts',(3.95507508344743,7.13860299246479,46.5634047141993));
#1393=CARTESIAN_POINT('Ctrl Pts',(4.2193959422663,6.89476905905506,53.2300840994936));
#1394=CARTESIAN_POINT('Ctrl Pts',(4.30674582671629,6.72388244291894,56.5672041060925));
#1395=CARTESIAN_POINT('Ctrl Pts',(4.43640417770805,6.39260857540179,63.2338711195923));
#1396=CARTESIAN_POINT('Ctrl Pts',(4.45773692975737,6.19690249450484,66.5636986808842));
#1397=CARTESIAN_POINT('Ctrl Pts',(4.49479359011975,5.84884782330195,73.230375880772));
#1398=CARTESIAN_POINT('Ctrl Pts',(4.49415446099439,5.67953770881095,76.5651998613501));
#1399=CARTESIAN_POINT('Ctrl Pts',(4.47167286225664,5.34873183874942,83.2318691053023));
#1400=CARTESIAN_POINT('Ctrl Pts',(4.44047915185268,5.18390167421458,86.5639800741168));
#1401=CARTESIAN_POINT('Ctrl Pts',(4.37770228153102,4.87844062989821,93.1973752902028));
#1402=CARTESIAN_POINT('Ctrl Pts',(4.33728621597134,4.73355816246504,96.4974266069656));
#1403=CARTESIAN_POINT('Ctrl Pts',(4.25246433881032,4.45958143551642,103.130715895684));
#1404=CARTESIAN_POINT('Ctrl Pts',(4.20171559379339,4.32943006114662,106.463752779355));
#1405=CARTESIAN_POINT('Ctrl Pts',(4.10681213390875,4.08830117361436,113.130429599414));
#1406=CARTESIAN_POINT('Ctrl Pts',(4.05990812413635,3.97968817492366,116.465193765167));
#1407=CARTESIAN_POINT('Ctrl Pts',(3.96083675162615,3.76775018989668,123.131863030567));
#1408=CARTESIAN_POINT('Ctrl Pts',(3.90881840536457,3.66810650882868,126.465409445199));
#1409=CARTESIAN_POINT('Ctrl Pts',(3.80525424268081,3.47779798859641,133.132078005736));
#1410=CARTESIAN_POINT('Ctrl Pts',(3.74961284025132,3.3860878019572,136.46473925854));
#1411=CARTESIAN_POINT('Ctrl Pts',(3.64976722723075,3.21945636268283,143.131410372804));
#1412=CARTESIAN_POINT('Ctrl Pts',(3.60448117882325,3.14584417826938,146.465852363896));
#1413=CARTESIAN_POINT('Ctrl Pts',(3.51093694079236,3.00087092115538,153.099202677074));
#1414=CARTESIAN_POINT('Ctrl Pts',(3.46392294597868,2.93206718534943,156.399111865984));
#1415=CARTESIAN_POINT('Ctrl Pts',(3.37365716525055,2.80246024492765,163.032428145977));
#1416=CARTESIAN_POINT('Ctrl Pts',(3.32947867980687,2.7420535102016,166.365951789925));
#1417=CARTESIAN_POINT('Ctrl Pts',(3.24401248913326,2.62673861281785,173.032619069325));
#1418=CARTESIAN_POINT('Ctrl Pts',(3.20237213147854,2.57273045816639,176.366032481627));
#1419=CARTESIAN_POINT('Ctrl Pts',(3.12284822644953,2.47052583022403,183.032699630556));
#1420=CARTESIAN_POINT('Ctrl Pts',(3.08711581925602,2.42479014369078,186.366632863604));
#1421=CARTESIAN_POINT('Ctrl Pts',(3.00920704940131,2.33073610455777,193.033299531642));
#1422=CARTESIAN_POINT('Ctrl Pts',(2.96668739940155,2.28275558785029,196.366115646663));
#1423=CARTESIAN_POINT('Ctrl Pts',(2.89107790640788,2.19617111136655,203.032782677437));
#1424=CARTESIAN_POINT('Ctrl Pts',(2.85508141210087,2.15584265922064,206.366184090685));
#1425=CARTESIAN_POINT('Ctrl Pts',(2.7875857438597,2.08017561555057,213.032851036645));
#1426=CARTESIAN_POINT('Ctrl Pts',(2.75865969478448,2.04724162614069,216.366685152413));
#1427=CARTESIAN_POINT('Ctrl Pts',(2.69443421348865,1.97800684878928,223.00001811828));
#1428=CARTESIAN_POINT('Ctrl Pts',(2.6588404231875,1.94176700001835,226.299561796534));
#1429=CARTESIAN_POINT('Ctrl Pts',(2.5982423460725,1.87847515215149,232.932886471114));
#1430=CARTESIAN_POINT('Ctrl Pts',(2.57304630633129,1.85149419577206,236.266659024057));
#1431=CARTESIAN_POINT('Ctrl Pts',(2.51642314805471,1.7939601398413,242.933325690794));
#1432=CARTESIAN_POINT('Ctrl Pts',(2.48503332253489,1.76375250815644,246.266319681004));
#1433=CARTESIAN_POINT('Ctrl Pts',(2.43261239861619,1.71160031828625,252.93298649209));
#1434=CARTESIAN_POINT('Ctrl Pts',(2.41148664115642,1.68976263662596,256.266662177823));
#1435=CARTESIAN_POINT('Ctrl Pts',(2.36345114876529,1.64277281655219,262.933328844514));
#1436=CARTESIAN_POINT('Ctrl Pts',(2.33917424457049,1.61961334108378,266.26666306574));
#1437=CARTESIAN_POINT('Ctrl Pts',(2.29025312698859,1.57379517679977,272.933329732422));
#1438=CARTESIAN_POINT('Ctrl Pts',(2.26290450360736,1.54941660593939,276.266393612617));
#1439=CARTESIAN_POINT('Ctrl Pts',(2.21873209312958,1.50841914933543,282.899732466948));
#1440=CARTESIAN_POINT('Ctrl Pts',(2.20165061587656,1.49170306534284,286.199987670909));
#1441=CARTESIAN_POINT('Ctrl Pts',(2.16224466861133,1.4552919283856,292.833320754101));
#1442=CARTESIAN_POINT('Ctrl Pts',(2.63626218168271,1.76579579666569,297.305425356183));
#1443=CARTESIAN_POINT('Ctrl Pts',(1.74269298860206,1.16368320641303,301.122260154463));
#1444=CARTESIAN_POINT('Ctrl Pts',(1.09300315839002,0.728427464049636,302.122260154463));
#1445=CARTESIAN_POINT('Ctrl Pts',(0.173415072346783,0.113830451730093,302.5));
#1446=CARTESIAN_POINT('Ctrl Pts',(-10.4158163370696,15.4669013725361,-20.));
#1447=CARTESIAN_POINT('Ctrl Pts',(-11.2731399691285,16.2538111058075,-13.1347645096192));
#1448=CARTESIAN_POINT('Ctrl Pts',(-11.2731399691285,16.2538111058075,-6.46809784295251));
#1449=CARTESIAN_POINT('Ctrl Pts',(-9.0206500703987,14.1863232177749,10.5258639591469));
#1450=CARTESIAN_POINT('Ctrl Pts',(-0.704526007789275,5.96171859678728,19.6000891915024));
#1451=CARTESIAN_POINT('Ctrl Pts',(0.983995175716647,5.18883573085852,33.2606882418406));
#1452=CARTESIAN_POINT('Ctrl Pts',(0.936999705070739,5.60984552806493,36.575210175591));
#1453=CARTESIAN_POINT('Ctrl Pts',(1.2386085106318,5.66714247707539,43.2087816499818));
#1454=CARTESIAN_POINT('Ctrl Pts',(1.37341859103056,5.60567357819564,46.5634047141992));
#1455=CARTESIAN_POINT('Ctrl Pts',(1.59896005939724,5.48829842495478,53.2300840994937));
#1456=CARTESIAN_POINT('Ctrl Pts',(1.69017776072883,5.38782035789347,56.5672041060929));
#1457=CARTESIAN_POINT('Ctrl Pts',(1.83989516013543,5.18568212238557,63.2338711195926));
#1458=CARTESIAN_POINT('Ctrl Pts',(1.89059663838788,5.05598828172599,66.5636986808845));
#1459=CARTESIAN_POINT('Ctrl Pts',(1.98015715083584,4.82518931223747,73.2303758807719));
#1460=CARTESIAN_POINT('Ctrl Pts',(2.01097304031251,4.7094552839566,76.5651998613496));
#1461=CARTESIAN_POINT('Ctrl Pts',(2.0566737581146,4.47938872684123,83.2318691053017));
#1462=CARTESIAN_POINT('Ctrl Pts',(2.06578663330014,4.36104227125423,86.5639800741166));
#1463=CARTESIAN_POINT('Ctrl Pts',(2.07927731825599,4.1408108268077,93.1973752902028));
#1464=CARTESIAN_POINT('Ctrl Pts',(2.07840553257566,4.03438207720547,96.4974266069655));
#1465=CARTESIAN_POINT('Ctrl Pts',(2.0710210455009,3.8315673745074,103.130715895684));
#1466=CARTESIAN_POINT('Ctrl Pts',(2.06036956571368,3.7332827812849,106.463752779355));
#1467=CARTESIAN_POINT('Ctrl Pts',(2.04003238861309,3.55103559497547,113.130429599414));
#1468=CARTESIAN_POINT('Ctrl Pts',(2.02803153481813,3.46817839690764,116.465193765167));
#1469=CARTESIAN_POINT('Ctrl Pts',(1.99945770767956,3.30509693733831,123.131863030568));
#1470=CARTESIAN_POINT('Ctrl Pts',(1.98230675793276,3.2274157808007,126.465409445198));
#1471=CARTESIAN_POINT('Ctrl Pts',(1.94667059228308,3.07827308464379,133.132078005735));
#1472=CARTESIAN_POINT('Ctrl Pts',(1.92557981846749,3.00533738007382,136.46473925854));
#1473=CARTESIAN_POINT('Ctrl Pts',(1.88811416187537,2.87305609101293,143.131410372804));
#1474=CARTESIAN_POINT('Ctrl Pts',(1.87075832419202,2.81440396735023,146.465852363896));
#1475=CARTESIAN_POINT('Ctrl Pts',(1.83360087424283,2.69808395035091,153.099202677074));
#1476=CARTESIAN_POINT('Ctrl Pts',(1.8141771962385,2.6423943482259,156.399111865984));
#1477=CARTESIAN_POINT('Ctrl Pts',(1.77642412535283,2.53717613171418,163.032428145977));
#1478=CARTESIAN_POINT('Ctrl Pts',(1.7573883197345,2.48774651229106,166.365951789925));
#1479=CARTESIAN_POINT('Ctrl Pts',(1.7202773707845,2.393178511357,173.032619069325));
#1480=CARTESIAN_POINT('Ctrl Pts',(1.70179513995962,2.34858928602321,176.366032481627));
#1481=CARTESIAN_POINT('Ctrl Pts',(1.66632522756124,2.26407635092511,183.032699630556));
#1482=CARTESIAN_POINT('Ctrl Pts',(1.65035300641448,2.22623275178147,186.366632863604));
#1483=CARTESIAN_POINT('Ctrl Pts',(1.61448324981837,2.14758403187934,193.033299531642));
#1484=CARTESIAN_POINT('Ctrl Pts',(1.59428880181422,2.10694590587396,196.366115646663));
#1485=CARTESIAN_POINT('Ctrl Pts',(1.55861235167283,2.03382330531248,203.032782677437));
#1486=CARTESIAN_POINT('Ctrl Pts',(1.54146283363671,1.99962139297337,206.366184090684));
#1487=CARTESIAN_POINT('Ctrl Pts',(1.50931577704916,1.93545925308876,213.032851036645));
#1488=CARTESIAN_POINT('Ctrl Pts',(1.49563236156544,1.9076188716235,216.366685152414));
#1489=CARTESIAN_POINT('Ctrl Pts',(1.46453338215934,1.84845477412593,223.000018118281));
#1490=CARTESIAN_POINT('Ctrl Pts',(1.44690552453591,1.81711814784449,226.299561796534));
#1491=CARTESIAN_POINT('Ctrl Pts',(1.41718884546516,1.7626842339931,232.932886471114));
#1492=CARTESIAN_POINT('Ctrl Pts',(1.40495591013625,1.73959989415864,236.266659024059));
#1493=CARTESIAN_POINT('Ctrl Pts',(1.37689314227408,1.68983433018902,242.933325690795));
#1494=CARTESIAN_POINT('Ctrl Pts',(1.3610251321354,1.66339586249818,246.266319681004));
#1495=CARTESIAN_POINT('Ctrl Pts',(1.33484073752381,1.61808411368173,252.932986492089));
#1496=CARTESIAN_POINT('Ctrl Pts',(1.32443998437305,1.59926620351653,256.266662177822));
#1497=CARTESIAN_POINT('Ctrl Pts',(1.30029957839403,1.55829247055893,262.933328844512));
#1498=CARTESIAN_POINT('Ctrl Pts',(1.28799064818674,1.53798615435086,266.266663065739));
#1499=CARTESIAN_POINT('Ctrl Pts',(1.26303009443722,1.49764674652356,272.933329732422));
#1500=CARTESIAN_POINT('Ctrl Pts',(1.24884863107392,1.4759370377524,276.266393612617));
#1501=CARTESIAN_POINT('Ctrl Pts',(1.22624301990899,1.43976982237503,282.899732466949));
#1502=CARTESIAN_POINT('Ctrl Pts',(1.21766084066275,1.42519815780192,286.199987670909));
#1503=CARTESIAN_POINT('Ctrl Pts',(1.19746544288909,1.39304643633713,292.8333207541));
#1504=CARTESIAN_POINT('Ctrl Pts',(1.46267788920896,1.6928425558007,297.305425356183));
#1505=CARTESIAN_POINT('Ctrl Pts',(0.965642917978131,1.11624962552247,301.122260154464));
#1506=CARTESIAN_POINT('Ctrl Pts',(0.60382277552427,0.69874623445098,302.122260154463));
#1507=CARTESIAN_POINT('Ctrl Pts',(0.091436074231378,0.108807364746072,302.5));
#1508=CARTESIAN_POINT('Ctrl Pts',(-14.0264645235112,12.045905777468,-20.));
#1509=CARTESIAN_POINT('Ctrl Pts',(-15.0054577587787,12.7066264257136,-13.1347645096192));
#1510=CARTESIAN_POINT('Ctrl Pts',(-15.0054577587787,12.7066264257136,-6.46809784295252));
#1511=CARTESIAN_POINT('Ctrl Pts',(-12.4332991352389,10.9706815264912,10.5258639591469));
#1512=CARTESIAN_POINT('Ctrl Pts',(-2.6531800646869,3.97000387988885,19.6000891915024));
#1513=CARTESIAN_POINT('Ctrl Pts',(-1.09779136122785,3.44581084423476,33.2606882418407));
#1514=CARTESIAN_POINT('Ctrl Pts',(-1.32568751867445,3.84129922838077,36.5752101755911));
#1515=CARTESIAN_POINT('Ctrl Pts',(-1.15567650344523,3.98032868016651,43.2087816499819));
#1516=CARTESIAN_POINT('Ctrl Pts',(-1.05012131066869,3.98767726342822,46.5634047141992));
#1517=CARTESIAN_POINT('Ctrl Pts',(-0.868612974468327,3.99087726156587,53.2300840994936));
#1518=CARTESIAN_POINT('Ctrl Pts',(-0.777216291732469,3.9588397026089,56.5672041060926));
#1519=CARTESIAN_POINT('Ctrl Pts',(-0.614593603412229,3.88288455751442,63.2338711195924));
#1520=CARTESIAN_POINT('Ctrl Pts',(-0.538752893700977,3.81867205204088,66.5636986808843));
#1521=CARTESIAN_POINT('Ctrl Pts',(-0.404212692121369,3.70419774302652,73.2303758807719));
#1522=CARTESIAN_POINT('Ctrl Pts',(-0.345604097932431,3.64199421843673,76.5651998613499));
#1523=CARTESIAN_POINT('Ctrl Pts',(-0.238877998004267,3.51304100369329,83.231869105302));
#1524=CARTESIAN_POINT('Ctrl Pts',(-0.193026074760479,3.44180138136805,86.5639800741167));
#1525=CARTESIAN_POINT('Ctrl Pts',(-0.109880785527047,3.30806032992042,93.1973752902028));
#1526=CARTESIAN_POINT('Ctrl Pts',(-0.0743462192588199,3.24091460284128,
96.4974266069655));
#1527=CARTESIAN_POINT('Ctrl Pts',(-0.0102282906767041,3.11101269896141,
103.130715895684));
#1528=CARTESIAN_POINT('Ctrl Pts',(0.016397072895661,3.04565426690986,106.463752779355));
#1529=CARTESIAN_POINT('Ctrl Pts',(0.0653996075489129,2.92426916957158,113.130429599414));
#1530=CARTESIAN_POINT('Ctrl Pts',(0.0859465784156776,2.86814930043485,116.465193765167));
#1531=CARTESIAN_POINT('Ctrl Pts',(0.123273734541898,2.75600467571544,123.131863030568));
#1532=CARTESIAN_POINT('Ctrl Pts',(0.13882835402936,2.70138239206882,126.465409445198));
#1533=CARTESIAN_POINT('Ctrl Pts',(0.166990523009116,2.59559113145675,133.132078005735));
#1534=CARTESIAN_POINT('Ctrl Pts',(0.178459704276178,2.5426082428621,136.46473925854));
#1535=CARTESIAN_POINT('Ctrl Pts',(0.19975599071616,2.44678942258474,143.131410372804));
#1536=CARTESIAN_POINT('Ctrl Pts',(0.208731223601491,2.40405532252646,146.465852363895));
#1537=CARTESIAN_POINT('Ctrl Pts',(0.224810828712719,2.31837072185178,153.099202677074));
#1538=CARTESIAN_POINT('Ctrl Pts',(0.231482107883633,2.27679292017579,156.399111865984));
#1539=CARTESIAN_POINT('Ctrl Pts',(0.243424300444095,2.19787975767434,163.032428145977));
#1540=CARTESIAN_POINT('Ctrl Pts',(0.248217548822006,2.16036623596438,166.365951789925));
#1541=CARTESIAN_POINT('Ctrl Pts',(0.256953607888468,2.08836209934173,173.032619069325));
#1542=CARTESIAN_POINT('Ctrl Pts',(0.260454321651764,2.05407781852535,176.366032481627));
#1543=CARTESIAN_POINT('Ctrl Pts',(0.266813971398299,1.98894883340496,183.032699630556));
#1544=CARTESIAN_POINT('Ctrl Pts',(0.269606023783019,1.95975729570306,186.366632863605));
#1545=CARTESIAN_POINT('Ctrl Pts',(0.273727154270698,1.89817450457849,193.033299531642));
#1546=CARTESIAN_POINT('Ctrl Pts',(0.274812965281583,1.8657870319023,196.366115646663));
#1547=CARTESIAN_POINT('Ctrl Pts',(0.277183078615989,1.80774006568468,203.032782677436));
#1548=CARTESIAN_POINT('Ctrl Pts',(0.278001473593217,1.78043324545407,206.366184090684));
#1549=CARTESIAN_POINT('Ctrl Pts',(0.279553227015287,1.72921677653415,213.032851036645));
#1550=CARTESIAN_POINT('Ctrl Pts',(0.280393918469515,1.70708674329004,216.366685152413));
#1551=CARTESIAN_POINT('Ctrl Pts',(0.280910964615649,1.65936558473851,223.00001811828));
#1552=CARTESIAN_POINT('Ctrl Pts',(0.280458334107561,1.63369416247627,226.299561796534));
#1553=CARTESIAN_POINT('Ctrl Pts',(0.280241412604548,1.58941388005117,232.932886471114));
#1554=CARTESIAN_POINT('Ctrl Pts',(0.280382155314771,1.57076409303381,236.266659024058));
#1555=CARTESIAN_POINT('Ctrl Pts',(0.279622987483312,1.5299784637402,242.933325690794));
#1556=CARTESIAN_POINT('Ctrl Pts',(0.27861688020525,1.50798203473882,246.266319681004));
#1557=CARTESIAN_POINT('Ctrl Pts',(0.277529048356315,1.47063272313691,252.93298649209));
#1558=CARTESIAN_POINT('Ctrl Pts',(0.277375544188288,1.45528583865629,256.266662177822));
#1559=CARTESIAN_POINT('Ctrl Pts',(0.276102359641309,1.42135660862433,262.933328844512));
#1560=CARTESIAN_POINT('Ctrl Pts',(0.275254703167271,1.40442362741558,266.266663065739));
#1561=CARTESIAN_POINT('Ctrl Pts',(0.273252013264271,1.37061189872783,272.933329732422));
#1562=CARTESIAN_POINT('Ctrl Pts',(0.271704165288768,1.35215852295701,276.266393612617));
#1563=CARTESIAN_POINT('Ctrl Pts',(0.269767491738717,1.32176869497451,282.899732466948));
#1564=CARTESIAN_POINT('Ctrl Pts',(0.269318132795596,1.30970674728691,286.199987670909));
#1565=CARTESIAN_POINT('Ctrl Pts',(0.267535217882432,1.28265927807107,292.8333207541));
#1566=CARTESIAN_POINT('Ctrl Pts',(0.331047273193128,1.56127739051513,297.305425356183));
#1567=CARTESIAN_POINT('Ctrl Pts',(0.216828810743602,1.02989821973797,301.122260154464));
#1568=CARTESIAN_POINT('Ctrl Pts',(0.132953631432462,0.644472578727379,302.122260154464));
#1569=CARTESIAN_POINT('Ctrl Pts',(0.0137492723958577,0.0994721132130599,
302.500000000001));
#1570=CARTESIAN_POINT('Ctrl Pts',(-16.2185682422423,8.8934561013669,-20.));
#1571=CARTESIAN_POINT('Ctrl Pts',(-17.2559751923962,9.41528541257152,-13.1347645096192));
#1572=CARTESIAN_POINT('Ctrl Pts',(-17.2559751923962,9.41528541257151,-6.46809784295251));
#1573=CARTESIAN_POINT('Ctrl Pts',(-14.5303432504866,8.04425677368206,10.5258639591469));
#1574=CARTESIAN_POINT('Ctrl Pts',(-3.98952343788609,2.41961724815016,19.6000891915023));
#1575=CARTESIAN_POINT('Ctrl Pts',(-2.57401991713757,2.13117299729662,33.2606882418407));
#1576=CARTESIAN_POINT('Ctrl Pts',(-2.92452669837294,2.48902158106612,36.575210175591));
#1577=CARTESIAN_POINT('Ctrl Pts',(-2.85273517706258,2.68388373880034,43.2087816499819));
#1578=CARTESIAN_POINT('Ctrl Pts',(-2.77042483727949,2.74055621204026,46.5634047141992));
#1579=CARTESIAN_POINT('Ctrl Pts',(-2.62437526288903,2.83037380380465,53.2300840994937));
#1580=CARTESIAN_POINT('Ctrl Pts',(-2.53475246348574,2.84821398592305,56.5672041060927));
#1581=CARTESIAN_POINT('Ctrl Pts',(-2.36623045396859,2.86456855995407,63.2338711195924));
#1582=CARTESIAN_POINT('Ctrl Pts',(-2.27388171765777,2.84877897084881,66.5636986808843));
#1583=CARTESIAN_POINT('Ctrl Pts',(-2.10978189754145,2.82033166879626,73.2303758807719));
#1584=CARTESIAN_POINT('Ctrl Pts',(-2.03239840191778,2.7979147798368,76.5651998613498));
#1585=CARTESIAN_POINT('Ctrl Pts',(-1.88399016784652,2.7443529381203,83.2318691053019));
#1586=CARTESIAN_POINT('Ctrl Pts',(-1.81266124814116,2.70846965650671,86.5639800741167));
#1587=CARTESIAN_POINT('Ctrl Pts',(-1.68113509099797,2.63970484757679,93.1973752902028));
#1588=CARTESIAN_POINT('Ctrl Pts',(-1.62014855925666,2.60220370730927,96.4974266069655));
#1589=CARTESIAN_POINT('Ctrl Pts',(-1.50592474678157,2.52743443027748,103.130715895684));
#1590=CARTESIAN_POINT('Ctrl Pts',(-1.45303576598896,2.48711230872329,106.463752779355));
#1591=CARTESIAN_POINT('Ctrl Pts',(-1.35516910140746,2.41201667798149,113.130429599414));
#1592=CARTESIAN_POINT('Ctrl Pts',(-1.31163466838808,2.37628995395548,116.465193765167));
#1593=CARTESIAN_POINT('Ctrl Pts',(-1.2276746682611,2.30310508071712,123.131863030568));
#1594=CARTESIAN_POINT('Ctrl Pts',(-1.18891516255415,2.26619982415082,126.465409445198));
#1595=CARTESIAN_POINT('Ctrl Pts',(-1.11544225206462,2.19378159790368,133.132078005735));
#1596=CARTESIAN_POINT('Ctrl Pts',(-1.08078790887749,2.15624826394379,136.46473925854));
#1597=CARTESIAN_POINT('Ctrl Pts',(-1.01766160360378,2.08864102914041,143.131410372804));
#1598=CARTESIAN_POINT('Ctrl Pts',(-0.989930920663749,2.05824140000224,146.465852363896));
#1599=CARTESIAN_POINT('Ctrl Pts',(-0.935887765484729,1.99636720624651,153.099202677074));
#1600=CARTESIAN_POINT('Ctrl Pts',(-0.910582937437193,1.96580116597373,156.399111865984));
#1601=CARTESIAN_POINT('Ctrl Pts',(-0.863139259515982,1.90744371750241,163.032428145977));
#1602=CARTESIAN_POINT('Ctrl Pts',(-0.841303571756405,1.87927855984972,166.365951789925));
#1603=CARTESIAN_POINT('Ctrl Pts',(-0.799767953675372,1.82499623425307,173.032619069325));
#1604=CARTESIAN_POINT('Ctrl Pts',(-0.780526103609909,1.79883460654991,176.366032481627));
#1605=CARTESIAN_POINT('Ctrl Pts',(-0.744207804031441,1.74899781264922,183.032699630556));
#1606=CARTESIAN_POINT('Ctrl Pts',(-0.727975567434503,1.72663428947504,186.366632863604));
#1607=CARTESIAN_POINT('Ctrl Pts',(-0.695171992278573,1.67860334360609,193.033299531642));
#1608=CARTESIAN_POINT('Ctrl Pts',(-0.678800261370515,1.65282227337938,196.366115646663));
#1609=CARTESIAN_POINT('Ctrl Pts',(-0.649110066049422,1.60682265517537,203.032782677437));
#1610=CARTESIAN_POINT('Ctrl Pts',(-0.635383295572328,1.58504162495599,206.366184090684));
#1611=CARTESIAN_POINT('Ctrl Pts',(-0.609622419820749,1.5441987155137,213.032851036644));
#1612=CARTESIAN_POINT('Ctrl Pts',(-0.598351450241368,1.52663465131017,216.366685152414));
#1613=CARTESIAN_POINT('Ctrl Pts',(-0.57510217197753,1.48813393064532,223.000018118281));
#1614=CARTESIAN_POINT('Ctrl Pts',(-0.563190242518783,1.46707020469392,226.299561796534));
#1615=CARTESIAN_POINT('Ctrl Pts',(-0.54218215764736,1.43101179703306,232.932886471114));
#1616=CARTESIAN_POINT('Ctrl Pts',(-0.533143635409882,1.41593830807716,236.266659024058));
#1617=CARTESIAN_POINT('Ctrl Pts',(-0.514246497849595,1.38245797969863,242.933325690795));
#1618=CARTESIAN_POINT('Ctrl Pts',(-0.504540808164411,1.36411336575741,246.266319681004));
#1619=CARTESIAN_POINT('Ctrl Pts',(-0.487553287174033,1.33326626848463,252.932986492089));
#1620=CARTESIAN_POINT('Ctrl Pts',(-0.480332683413071,1.32073416959348,256.266662177821));
#1621=CARTESIAN_POINT('Ctrl Pts',(-0.465130498905604,1.29257597088038,262.933328844512));
#1622=CARTESIAN_POINT('Ctrl Pts',(-0.457716162082206,1.27842085121615,266.266663065739));
#1623=CARTESIAN_POINT('Ctrl Pts',(-0.4431630684649,1.25000641326069,272.933329732421));
#1624=CARTESIAN_POINT('Ctrl Pts',(-0.435590940946719,1.23427875087295,276.266393612616));
#1625=CARTESIAN_POINT('Ctrl Pts',(-0.42261989337176,1.20867547164571,282.899732466948));
#1626=CARTESIAN_POINT('Ctrl Pts',(-0.417210112685813,1.19866883667794,286.199987670909));
#1627=CARTESIAN_POINT('Ctrl Pts',(-0.405711829358111,1.17585428416678,292.833320754101));
#1628=CARTESIAN_POINT('Ctrl Pts',(-0.488508772731206,1.43332434995852,297.305425356183));
#1629=CARTESIAN_POINT('Ctrl Pts',(-0.325156982283653,0.945726334206384,
301.122260154463));
#1630=CARTESIAN_POINT('Ctrl Pts',(-0.207484024753061,0.591543773329408,
302.122260154464));
#1631=CARTESIAN_POINT('Ctrl Pts',(-0.0415671300211471,0.0904212686010518,
302.500000000001));
#1632=CARTESIAN_POINT('Ctrl Pts',(-17.7381936801814,5.26287456614166,-20.));
#1633=CARTESIAN_POINT('Ctrl Pts',(-18.7909375593093,5.60932911049132,-13.1347645096192));
#1634=CARTESIAN_POINT('Ctrl Pts',(-18.7909375593093,5.60932911049132,-6.46809784295251));
#1635=CARTESIAN_POINT('Ctrl Pts',(-16.0250101253598,4.69907149908908,10.5258639591469));
#1636=CARTESIAN_POINT('Ctrl Pts',(-5.16691306559685,0.830923785912248,19.6000891915023));
#1637=CARTESIAN_POINT('Ctrl Pts',(-3.94254281345071,0.815194949206468,33.2606882418407));
#1638=CARTESIAN_POINT('Ctrl Pts',(-4.3980230278391,1.11871144898523,36.5752101755911));
#1639=CARTESIAN_POINT('Ctrl Pts',(-4.42303984581019,1.36269696300764,43.208781649982));
#1640=CARTESIAN_POINT('Ctrl Pts',(-4.36527243072264,1.46566894233746,46.5634047141992));
#1641=CARTESIAN_POINT('Ctrl Pts',(-4.2571710352819,1.63703570749154,53.2300840994936));
#1642=CARTESIAN_POINT('Ctrl Pts',(-4.17150144573832,1.70268642318743,56.5672041060926));
#1643=CARTESIAN_POINT('Ctrl Pts',(-4.00147664723954,1.80794270828194,63.2338711195924));
#1644=CARTESIAN_POINT('Ctrl Pts',(-3.89546117529339,1.83940045684558,66.5636986808844));
#1645=CARTESIAN_POINT('Ctrl Pts',(-3.70685640791203,1.89490055814825,73.230375880772));
#1646=CARTESIAN_POINT('Ctrl Pts',(-3.61323845592672,1.91154070377642,76.5651998613499));
#1647=CARTESIAN_POINT('Ctrl Pts',(-3.42820370004445,1.9322655565442,83.2318691053019));
#1648=CARTESIAN_POINT('Ctrl Pts',(-3.33400411135313,1.93149059011448,86.5639800741167));
#1649=CARTESIAN_POINT('Ctrl Pts',(-3.15894758111264,1.92731623443212,93.1973752902028));
#1650=CARTESIAN_POINT('Ctrl Pts',(-3.07485568992662,1.91943710733979,96.4974266069655));
#1651=CARTESIAN_POINT('Ctrl Pts',(-2.91499940882848,1.89988406210094,103.130715895684));
#1652=CARTESIAN_POINT('Ctrl Pts',(-2.83801705242931,1.88479569505339,106.463752779355));
#1653=CARTESIAN_POINT('Ctrl Pts',(-2.6953100936132,1.856367608664,113.130429599414));
#1654=CARTESIAN_POINT('Ctrl Pts',(-2.63061824082963,1.84126645950368,116.465193765167));
#1655=CARTESIAN_POINT('Ctrl Pts',(-2.50362889790844,1.80760872252992,123.131863030568));
#1656=CARTESIAN_POINT('Ctrl Pts',(-2.44338203470785,1.78876910044406,126.465409445199));
#1657=CARTESIAN_POINT('Ctrl Pts',(-2.32789650762308,1.75045283447291,133.132078005735));
#1658=CARTESIAN_POINT('Ctrl Pts',(-2.27167100127332,1.72880671640003,136.46473925854));
#1659=CARTESIAN_POINT('Ctrl Pts',(-2.16964118145909,1.69018635902344,143.131410372804));
#1660=CARTESIAN_POINT('Ctrl Pts',(-2.12445256599692,1.67248084319957,146.465852363896));
#1661=CARTESIAN_POINT('Ctrl Pts',(-2.0350199455495,1.63519100958237,153.099202677074));
#1662=CARTESIAN_POINT('Ctrl Pts',(-1.99231432446179,1.61604326973208,156.399111865984));
#1663=CARTESIAN_POINT('Ctrl Pts',(-1.9116983993345,1.57903261115562,163.032428145977));
#1664=CARTESIAN_POINT('Ctrl Pts',(-1.8739147705369,1.56061602446091,166.365951789925));
#1665=CARTESIAN_POINT('Ctrl Pts',(-1.80167358153123,1.52483611833756,173.032619069325));
#1666=CARTESIAN_POINT('Ctrl Pts',(-1.76767808401693,1.50718676865161,176.366032481627));
#1667=CARTESIAN_POINT('Ctrl Pts',(-1.70327273523065,1.47338998554951,183.032699630556));
#1668=CARTESIAN_POINT('Ctrl Pts',(-1.67443824009677,1.4581908989481,186.366632863604));
#1669=CARTESIAN_POINT('Ctrl Pts',(-1.61469448368739,1.42447058244161,193.033299531642));
#1670=CARTESIAN_POINT('Ctrl Pts',(-1.58393756726841,1.40572491204662,196.366115646663));
#1671=CARTESIAN_POINT('Ctrl Pts',(-1.52854751361187,1.37252913312447,203.032782677436));
#1672=CARTESIAN_POINT('Ctrl Pts',(-1.502670196696,1.35663769921626,206.366184090684));
#1673=CARTESIAN_POINT('Ctrl Pts',(-1.45412171488214,1.32684990032341,213.032851036645));
#1674=CARTESIAN_POINT('Ctrl Pts',(-1.43303703124141,1.31414121861099,216.366685152414));
#1675=CARTESIAN_POINT('Ctrl Pts',(-1.38836643260441,1.28552109048858,223.000018118281));
#1676=CARTESIAN_POINT('Ctrl Pts',(-1.36478460839175,1.26944045697806,226.299561796534));
#1677=CARTESIAN_POINT('Ctrl Pts',(-1.32375768196973,1.24223523425554,232.932886471113));
#1678=CARTESIAN_POINT('Ctrl Pts',(-1.30633262843675,1.23099714217072,236.266659024058));
#1679=CARTESIAN_POINT('Ctrl Pts',(-1.26888189167754,1.20541853577036,242.933325690795));
#1680=CARTESIAN_POINT('Ctrl Pts',(-1.24905049956528,1.19106397633343,246.266319681004));
#1681=CARTESIAN_POINT('Ctrl Pts',(-1.21499159572476,1.16727564448564,252.932986492089));
#1682=CARTESIAN_POINT('Ctrl Pts',(-1.20081355588372,1.15777852682496,256.266662177822));
#1683=CARTESIAN_POINT('Ctrl Pts',(-1.17004375564264,1.13590433971802,262.933328844513));
#1684=CARTESIAN_POINT('Ctrl Pts',(-1.15481737465942,1.1247889320029,266.266663065739));
#1685=CARTESIAN_POINT('Ctrl Pts',(-1.1246024024814,1.10230311993383,272.933329732422));
#1686=CARTESIAN_POINT('Ctrl Pts',(-1.10839157714248,1.08960382696394,276.266393612617));
#1687=CARTESIAN_POINT('Ctrl Pts',(-1.08131413060178,1.06926798878817,282.899732466948));
#1688=CARTESIAN_POINT('Ctrl Pts',(-1.07036780028678,1.061498328176,286.199987670909));
#1689=CARTESIAN_POINT('Ctrl Pts',(-1.04630051071411,1.04334588306368,292.833320754101));
#1690=CARTESIAN_POINT('Ctrl Pts',(-1.26865268153033,1.27397799110775,297.305425356183));
#1691=CARTESIAN_POINT('Ctrl Pts',(-0.840699425601621,0.840818228902033,
301.122260154464));
#1692=CARTESIAN_POINT('Ctrl Pts',(-0.530871817992988,0.525637628191299,
302.122260154464));
#1693=CARTESIAN_POINT('Ctrl Pts',(-0.0931085503598122,0.0793812832492554,
302.500000000001));
#1694=CARTESIAN_POINT('Ctrl Pts',(-18.4602119217061,1.31799579377374,-20.));
#1695=CARTESIAN_POINT('Ctrl Pts',(-19.4767899431345,1.46428320417814,-13.1347645096192));
#1696=CARTESIAN_POINT('Ctrl Pts',(-19.4767899431345,1.46428320417814,-6.46809784295251));
#1697=CARTESIAN_POINT('Ctrl Pts',(-16.8058829030019,1.07993486485158,10.5258639591469));
#1698=CARTESIAN_POINT('Ctrl Pts',(-6.16139895396995,-0.769691757566698,
19.6000891915024));
#1699=CARTESIAN_POINT('Ctrl Pts',(-5.18847373451758,-0.49217054892336,33.2606882418407));
#1700=CARTESIAN_POINT('Ctrl Pts',(-5.72752559661418,-0.256117826160213,
36.575210175591));
#1701=CARTESIAN_POINT('Ctrl Pts',(-5.84694609911339,0.0295774949268448,
43.2087816499818));
#1702=CARTESIAN_POINT('Ctrl Pts',(-5.81479671298728,0.175269907137514,46.5634047141992));
#1703=CARTESIAN_POINT('Ctrl Pts',(-5.74679586649361,0.42214079639718,53.2300840994936));
#1704=CARTESIAN_POINT('Ctrl Pts',(-5.66725670541597,0.532990108797116,56.5672041060926));
#1705=CARTESIAN_POINT('Ctrl Pts',(-5.50021575721069,0.722735314914806,63.2338711195924));
#1706=CARTESIAN_POINT('Ctrl Pts',(-5.38355970545747,0.79974842228908,66.5636986808843));
#1707=CARTESIAN_POINT('Ctrl Pts',(-5.17583633589679,0.936195983774688,73.2303758807719));
#1708=CARTESIAN_POINT('Ctrl Pts',(-5.06873058467596,0.990740619729467,76.5651998613498));
#1709=CARTESIAN_POINT('Ctrl Pts',(-4.85257841547223,1.08384941827183,83.2318691053019));
#1710=CARTESIAN_POINT('Ctrl Pts',(-4.73838812467986,1.11756396077925,86.5639800741166));
#1711=CARTESIAN_POINT('Ctrl Pts',(-4.52517130440419,1.17691263270946,93.1973752902027));
#1712=CARTESIAN_POINT('Ctrl Pts',(-4.42059274069455,1.1983233663704,96.4974266069654));
#1713=CARTESIAN_POINT('Ctrl Pts',(-4.22011226247457,1.23349574247026,103.130715895684));
#1714=CARTESIAN_POINT('Ctrl Pts',(-4.12148595598946,1.24357946207895,106.463752779355));
#1715=CARTESIAN_POINT('Ctrl Pts',(-3.9384824951559,1.26171741766446,113.130429599414));
#1716=CARTESIAN_POINT('Ctrl Pts',(-3.85470777309995,1.26726321695874,116.465193765167));
#1717=CARTESIAN_POINT('Ctrl Pts',(-3.68878787708921,1.27329857551553,123.131863030568));
#1718=CARTESIAN_POINT('Ctrl Pts',(-3.60901723707514,1.27269157543353,126.465409445198));
#1719=CARTESIAN_POINT('Ctrl Pts',(-3.45529759923646,1.26886496287231,133.132078005735));
#1720=CARTESIAN_POINT('Ctrl Pts',(-3.37936028464321,1.26338702020744,136.46473925854));
#1721=CARTESIAN_POINT('Ctrl Pts',(-3.24179687536024,1.25424183519961,143.131410372804));
#1722=CARTESIAN_POINT('Ctrl Pts',(-3.18064693330702,1.24946446608966,146.465852363896));
#1723=CARTESIAN_POINT('Ctrl Pts',(-3.05880159804904,1.23729176892368,153.099202677074));
#1724=CARTESIAN_POINT('Ctrl Pts',(-3.00012552201393,1.22985788130419,156.399111865984));
#1725=CARTESIAN_POINT('Ctrl Pts',(-2.88904319759858,1.21477831297669,163.032428145977));
#1726=CARTESIAN_POINT('Ctrl Pts',(-2.83658692538352,1.20641694310094,166.365951789925));
#1727=CARTESIAN_POINT('Ctrl Pts',(-2.73608232588544,1.18974296944255,173.032619069325));
#1728=CARTESIAN_POINT('Ctrl Pts',(-2.68848782237687,1.18091473855846,176.366032481627));
#1729=CARTESIAN_POINT('Ctrl Pts',(-2.59818538689884,1.163753847099,183.032699630556));
#1730=CARTESIAN_POINT('Ctrl Pts',(-2.55772963401198,1.15598761837064,186.366632863604));
#1731=CARTESIAN_POINT('Ctrl Pts',(-2.47309288575981,1.13720356258399,193.033299531641));
#1732=CARTESIAN_POINT('Ctrl Pts',(-2.42901379907464,1.12585846403769,196.366115646663));
#1733=CARTESIAN_POINT('Ctrl Pts',(-2.34983475318974,1.10610598518975,203.032782677436));
#1734=CARTESIAN_POINT('Ctrl Pts',(-2.3127022012031,1.09641450827556,206.366184090683));
#1735=CARTESIAN_POINT('Ctrl Pts',(-2.24304574461193,1.07826293935536,213.032851036644));
#1736=CARTESIAN_POINT('Ctrl Pts',(-2.21287542122792,1.07065451114002,216.366685152414));
#1737=CARTESIAN_POINT('Ctrl Pts',(-2.14833710477761,1.0524868208425,223.000018118281));
#1738=CARTESIAN_POINT('Ctrl Pts',(-2.11391191029913,1.04172148454596,226.299561796534));
#1739=CARTESIAN_POINT('Ctrl Pts',(-2.05429923015225,1.02392278426485,232.932886471114));
#1740=CARTESIAN_POINT('Ctrl Pts',(-2.02909434478382,1.01674485581514,236.266659024058));
#1741=CARTESIAN_POINT('Ctrl Pts',(-1.97440325450297,0.999595791572988,242.933325690794));
#1742=CARTESIAN_POINT('Ctrl Pts',(-1.94514687120422,0.989536119378692,246.266319681004));
#1743=CARTESIAN_POINT('Ctrl Pts',(-1.895214523326,0.973302538326118,252.932986492089));
#1744=CARTESIAN_POINT('Ctrl Pts',(-1.87457518151756,0.967033856406823,256.266662177821));
#1745=CARTESIAN_POINT('Ctrl Pts',(-1.82932271853735,0.951903288820874,262.933328844512));
#1746=CARTESIAN_POINT('Ctrl Pts',(-1.80682311040948,0.944064077159778,266.266663065739));
#1747=CARTESIAN_POINT('Ctrl Pts',(-1.7620183542053,0.927989510936398,272.933329732422));
#1748=CARTESIAN_POINT('Ctrl Pts',(-1.73774818867721,0.918597470589904,276.266393612617));
#1749=CARTESIAN_POINT('Ctrl Pts',(-1.69752650715864,0.903966975049143,282.899732466948));
#1750=CARTESIAN_POINT('Ctrl Pts',(-1.68142975067311,0.898596868047193,286.199987670909));
#1751=CARTESIAN_POINT('Ctrl Pts',(-1.64564935119644,0.88549779433071,292.8333207541));
#1752=CARTESIAN_POINT('Ctrl Pts',(-1.99900159423336,1.08362340441217,297.305425356182));
#1753=CARTESIAN_POINT('Ctrl Pts',(-1.32279884457196,0.715460379308884,301.122260154463));
#1754=CARTESIAN_POINT('Ctrl Pts',(-0.832671615037391,0.446977627887809,
302.122260154463));
#1755=CARTESIAN_POINT('Ctrl Pts',(-0.139821991411575,0.0664915739965956,
302.5));
#1756=CARTESIAN_POINT('Ctrl Pts',(-18.3056409013633,-2.74648109199465,-20.));
#1757=CARTESIAN_POINT('Ctrl Pts',(-19.2295490309634,-2.81140771711596,-13.1347645096192));
#1758=CARTESIAN_POINT('Ctrl Pts',(-19.2295490309634,-2.81140771711596,-6.46809784295251));
#1759=CARTESIAN_POINT('Ctrl Pts',(-16.8021183018224,-2.64082269907189,10.5258639591469));
#1760=CARTESIAN_POINT('Ctrl Pts',(-6.95478305965261,-2.34963396442008,19.6000891915023));
#1761=CARTESIAN_POINT('Ctrl Pts',(-6.29803637158589,-1.77699007316068,33.2606882418407));
#1762=CARTESIAN_POINT('Ctrl Pts',(-6.89662222680316,-1.61705279127025,36.575210175591));
#1763=CARTESIAN_POINT('Ctrl Pts',(-7.10691131974942,-1.29755447560808,43.2087816499818));
#1764=CARTESIAN_POINT('Ctrl Pts',(-7.10107587230627,-1.11324866098157,46.5634047141992));
#1765=CARTESIAN_POINT('Ctrl Pts',(-7.07471744439905,-0.797875996657746,
53.2300840994936));
#1766=CARTESIAN_POINT('Ctrl Pts',(-7.00331677980832,-0.645024139756021,
56.5672041060925));
#1767=CARTESIAN_POINT('Ctrl Pts',(-6.84352609719519,-0.376314526155522,
63.2338711195923));
#1768=CARTESIAN_POINT('Ctrl Pts',(-6.71927151377874,-0.256050595774365,
66.5636986808842));
#1769=CARTESIAN_POINT('Ctrl Pts',(-6.49785170774053,-0.0427517911220067,
73.2303758807718));
#1770=CARTESIAN_POINT('Ctrl Pts',(-6.38007375502902,0.0480232978445393,
76.5651998613498));
#1771=CARTESIAN_POINT('Ctrl Pts',(-6.13850614892504,0.210608137002972,83.2318691053019));
#1772=CARTESIAN_POINT('Ctrl Pts',(-6.00735534802401,0.277705916822629,86.5639800741166));
#1773=CARTESIAN_POINT('Ctrl Pts',(-5.76164357924997,0.398607814988301,93.1973752902027));
#1774=CARTESIAN_POINT('Ctrl Pts',(-5.63936725563133,0.448554139827604,96.4974266069654));
#1775=CARTESIAN_POINT('Ctrl Pts',(-5.40361735095004,0.53716835369114,103.130715895684));
#1776=CARTESIAN_POINT('Ctrl Pts',(-5.28599051809209,0.57199239949461,106.463752779355));
#1777=CARTESIAN_POINT('Ctrl Pts',(-5.06759899937924,0.63590872104069,113.130429599414));
#1778=CARTESIAN_POINT('Ctrl Pts',(-4.96699337139732,0.661815378311244,116.465193765167));
#1779=CARTESIAN_POINT('Ctrl Pts',(-4.76660938704322,0.707116041962562,123.131863030567));
#1780=CARTESIAN_POINT('Ctrl Pts',(-4.66946731844511,0.724632965322044,126.465409445198));
#1781=CARTESIAN_POINT('Ctrl Pts',(-4.48166591131092,0.755160574357926,133.132078005735));
#1782=CARTESIAN_POINT('Ctrl Pts',(-4.38807287297248,0.765883959138152,136.46473925854));
#1783=CARTESIAN_POINT('Ctrl Pts',(-4.21870242443683,0.78625032941932,143.131410372804));
#1784=CARTESIAN_POINT('Ctrl Pts',(-4.14325025808962,0.794435728016567,146.465852363895));
#1785=CARTESIAN_POINT('Ctrl Pts',(-3.992301683059,0.807524446215345,153.099202677074));
#1786=CARTESIAN_POINT('Ctrl Pts',(-3.91925159922035,0.811917593996847,156.399111865983));
#1787=CARTESIAN_POINT('Ctrl Pts',(-3.78072776849495,0.819011567489918,163.032428145977));
#1788=CARTESIAN_POINT('Ctrl Pts',(-3.71502967070175,0.820854472028642,166.365951789925));
#1789=CARTESIAN_POINT('Ctrl Pts',(-3.58900516627599,0.82359033582501,173.032619069325));
#1790=CARTESIAN_POINT('Ctrl Pts',(-3.52911286440808,0.823753171709059,176.366032481627));
#1791=CARTESIAN_POINT('Ctrl Pts',(-3.41538392173617,0.823562056092415,183.032699630556));
#1792=CARTESIAN_POINT('Ctrl Pts',(-3.36441497723662,0.82337977600079,186.366632863604));
#1793=CARTESIAN_POINT('Ctrl Pts',(-3.25720637324497,0.819921578110589,193.033299531641));
#1794=CARTESIAN_POINT('Ctrl Pts',(-3.20101591632411,0.816224886894676,196.366115646663));
#1795=CARTESIAN_POINT('Ctrl Pts',(-3.10022422278495,0.810342347324407,203.032782677436));
#1796=CARTESIAN_POINT('Ctrl Pts',(-3.05285854028032,0.807062984601366,206.366184090684));
#1797=CARTESIAN_POINT('Ctrl Pts',(-2.96401254506668,0.800944587476997,213.032851036644));
#1798=CARTESIAN_POINT('Ctrl Pts',(-2.92558833544211,0.798600547763152,216.366685152413));
#1799=CARTESIAN_POINT('Ctrl Pts',(-2.84296362473957,0.791291901398516,223.00001811828));
#1800=CARTESIAN_POINT('Ctrl Pts',(-2.79864661709383,0.786090100129371,226.299561796533));
#1801=CARTESIAN_POINT('Ctrl Pts',(-2.72209678480637,0.778102865987982,232.932886471113));
#1802=CARTESIAN_POINT('Ctrl Pts',(-2.68980981820681,0.77514585899326,236.266659024057));
#1803=CARTESIAN_POINT('Ctrl Pts',(-2.61939398619908,0.766821674983008,242.933325690794));
#1804=CARTESIAN_POINT('Ctrl Pts',(-2.58152453024992,0.761294464234706,246.266319681004));
#1805=CARTESIAN_POINT('Ctrl Pts',(-2.5171050370896,0.752993357780144,252.932986492089));
#1806=CARTESIAN_POINT('Ctrl Pts',(-2.49057795328867,0.750096043095923,256.266662177822));
#1807=CARTESIAN_POINT('Ctrl Pts',(-2.43210160812029,0.742063689050412,262.933328844513));
#1808=CARTESIAN_POINT('Ctrl Pts',(-2.40295526451481,0.73768628712089,266.266663065739));
#1809=CARTESIAN_POINT('Ctrl Pts',(-2.34480958746199,0.728406567326726,272.933329732421));
#1810=CARTESIAN_POINT('Ctrl Pts',(-2.31315752265816,0.722550011384903,276.266393612616));
#1811=CARTESIAN_POINT('Ctrl Pts',(-2.2609146798088,0.713975187180382,282.899732466948));
#1812=CARTESIAN_POINT('Ctrl Pts',(-2.24011735202705,0.711130313566804,286.199987670909));
#1813=CARTESIAN_POINT('Ctrl Pts',(-2.19362470802203,0.703398826928831,292.8333207541));
#1814=CARTESIAN_POINT('Ctrl Pts',(-2.66724205001874,0.863509354255808,297.305425356183));
#1815=CARTESIAN_POINT('Ctrl Pts',(-1.76318717287318,0.57049542140963,301.122260154464));
#1816=CARTESIAN_POINT('Ctrl Pts',(-1.10756586787198,0.356126643005431,302.122260154464));
#1817=CARTESIAN_POINT('Ctrl Pts',(-0.180571537439355,0.0519280964190793,
302.5));
#1818=CARTESIAN_POINT('Ctrl Pts',(-17.2524896270657,-6.71406760681695,-20.));
#1819=CARTESIAN_POINT('Ctrl Pts',(-18.0322123242551,-6.98540615596296,-13.1347645096192));
#1820=CARTESIAN_POINT('Ctrl Pts',(-18.0322123242551,-6.98540615596295,-6.4680978429525));
#1821=CARTESIAN_POINT('Ctrl Pts',(-15.9836073009552,-6.27250461186397,10.5258639591469));
#1822=CARTESIAN_POINT('Ctrl Pts',(-7.47181693043406,-3.87386757750095,19.6000891915024));
#1823=CARTESIAN_POINT('Ctrl Pts',(-7.18188905377193,-3.03291574565995,33.2606882418406));
#1824=CARTESIAN_POINT('Ctrl Pts',(-7.81356188581819,-2.95562153664837,36.5752101755909));
#1825=CARTESIAN_POINT('Ctrl Pts',(-8.10880488744742,-2.61476742674005,43.2087816499818));
#1826=CARTESIAN_POINT('Ctrl Pts',(-8.13044915276131,-2.39832500148478,46.5634047141991));
#1827=CARTESIAN_POINT('Ctrl Pts',(-8.14829746874127,-2.02542747964669,53.2300840994936));
#1828=CARTESIAN_POINT('Ctrl Pts',(-8.08838238694077,-1.835563684902,56.5672041060926));
#1829=CARTESIAN_POINT('Ctrl Pts',(-7.94294117191423,-1.49645999593332,63.2338711195923));
#1830=CARTESIAN_POINT('Ctrl Pts',(-7.81615223449316,-1.3364789298351,66.5636986808842));
#1831=CARTESIAN_POINT('Ctrl Pts',(-7.59004363319988,-1.05258740481248,73.2303758807717));
#1832=CARTESIAN_POINT('Ctrl Pts',(-7.46626413964602,-0.928109316203342,
76.5651998613496));
#1833=CARTESIAN_POINT('Ctrl Pts',(-7.20873463328671,-0.700397660248532,
83.2318691053017));
#1834=CARTESIAN_POINT('Ctrl Pts',(-7.06564431890858,-0.601529343410195,
86.5639800741165));
#1835=CARTESIAN_POINT('Ctrl Pts',(-6.79681316933709,-0.421925812326614,
93.1973752902027));
#1836=CARTESIAN_POINT('Ctrl Pts',(-6.66144857669369,-0.344501511567225,
96.4974266069653));
#1837=CARTESIAN_POINT('Ctrl Pts',(-6.39927321691591,-0.204213689551807,
103.130715895684));
#1838=CARTESIAN_POINT('Ctrl Pts',(-6.26700748839433,-0.145199705071547,
106.463752779355));
#1839=CARTESIAN_POINT('Ctrl Pts',(-6.02131768032902,-0.0365016264807868,
113.130429599414));
#1840=CARTESIAN_POINT('Ctrl Pts',(-5.90758622265462,0.00943161600678475,
116.465193765167));
#1841=CARTESIAN_POINT('Ctrl Pts',(-5.68008399113866,0.0935533255631021,
123.131863030567));
#1842=CARTESIAN_POINT('Ctrl Pts',(-5.56910674663959,0.129135504774876,126.465409445198));
#1843=CARTESIAN_POINT('Ctrl Pts',(-5.35404040103144,0.19402054932672,133.132078005735));
#1844=CARTESIAN_POINT('Ctrl Pts',(-5.24616429748644,0.221104942365066,136.46473925854));
#1845=CARTESIAN_POINT('Ctrl Pts',(-5.05109135611251,0.27123675821215,143.131410372804));
#1846=CARTESIAN_POINT('Ctrl Pts',(-4.96404925873497,0.292528762318541,146.465852363895));
#1847=CARTESIAN_POINT('Ctrl Pts',(-4.78940607132063,0.331281657226943,153.099202677074));
#1848=CARTESIAN_POINT('Ctrl Pts',(-4.70458806669503,0.347764678399365,156.399111865983));
#1849=CARTESIAN_POINT('Ctrl Pts',(-4.54355649927421,0.377573120285644,163.032428145977));
#1850=CARTESIAN_POINT('Ctrl Pts',(-4.46694739445474,0.389929880496862,166.365951789925));
#1851=CARTESIAN_POINT('Ctrl Pts',(-4.31986834341378,0.41269656460724,173.032619069324));
#1852=CARTESIAN_POINT('Ctrl Pts',(-4.24979332192457,0.422185028350717,176.366032481627));
#1853=CARTESIAN_POINT('Ctrl Pts',(-4.11665010721003,0.439615644558899,183.032699630555));
#1854=CARTESIAN_POINT('Ctrl Pts',(-4.05696407908707,0.447312319409964,186.366632863604));
#1855=CARTESIAN_POINT('Ctrl Pts',(-3.93094625568533,0.459907800641457,193.033299531641));
#1856=CARTESIAN_POINT('Ctrl Pts',(-3.86460686765519,0.46430680961688,196.366115646662));
#1857=CARTESIAN_POINT('Ctrl Pts',(-3.74572392671767,0.47306892720465,203.032782677436));
#1858=CARTESIAN_POINT('Ctrl Pts',(-3.68977620403889,0.476583121363152,206.366184090683));
#1859=CARTESIAN_POINT('Ctrl Pts',(-3.58483659126133,0.483211427383136,213.032851036644));
#1860=CARTESIAN_POINT('Ctrl Pts',(-3.53949754941541,0.486429126370383,216.366685152413));
#1861=CARTESIAN_POINT('Ctrl Pts',(-3.44165498743591,0.490697931354561,223.00001811828));
#1862=CARTESIAN_POINT('Ctrl Pts',(-3.38897832711794,0.491489560958692,226.299561796533));
#1863=CARTESIAN_POINT('Ctrl Pts',(-3.29814072558576,0.49402025682196,232.932886471113));
#1864=CARTESIAN_POINT('Ctrl Pts',(-3.25988983883435,0.495567028111652,236.266659024057));
#1865=CARTESIAN_POINT('Ctrl Pts',(-3.17617924672952,0.496749940563181,242.933325690794));
#1866=CARTESIAN_POINT('Ctrl Pts',(-3.13099838017269,0.496158515852142,246.266319681004));
#1867=CARTESIAN_POINT('Ctrl Pts',(-3.05430944865907,0.496436398296204,252.932986492089));
#1868=CARTESIAN_POINT('Ctrl Pts',(-3.02280915772312,0.497157781199362,256.266662177821));
#1869=CARTESIAN_POINT('Ctrl Pts',(-2.95311763417175,0.49682625398485,262.933328844512));
#1870=CARTESIAN_POINT('Ctrl Pts',(-2.91832369710982,0.496223816656443,266.266663065739));
#1871=CARTESIAN_POINT('Ctrl Pts',(-2.84882708255601,0.494381977954736,272.933329732421));
#1872=CARTESIAN_POINT('Ctrl Pts',(-2.81087248320077,0.492438746162079,276.266393612616));
#1873=CARTESIAN_POINT('Ctrl Pts',(-2.7483935820992,0.490504144911518,282.899732466948));
#1874=CARTESIAN_POINT('Ctrl Pts',(-2.72360795816131,0.490396688154003,286.199987670908));
#1875=CARTESIAN_POINT('Ctrl Pts',(-2.66798951554824,0.488555059061687,292.8333207541));
#1876=CARTESIAN_POINT('Ctrl Pts',(-3.24623032654044,0.603108010396764,297.305425356183));
#1877=CARTESIAN_POINT('Ctrl Pts',(-2.14426182180231,0.399303681150717,301.122260154463));
#1878=CARTESIAN_POINT('Ctrl Pts',(-1.34484582382734,0.24929609106403,302.122260154464));
#1879=CARTESIAN_POINT('Ctrl Pts',(-0.214380862655911,0.0359033769171934,
302.5));
#1880=CARTESIAN_POINT('Ctrl Pts',(-15.6573491638897,-9.75812530024134,-20.));
#1881=CARTESIAN_POINT('Ctrl Pts',(-16.2789589757792,-10.1856374893322,-13.1347645096191));
#1882=CARTESIAN_POINT('Ctrl Pts',(-16.2789589757792,-10.1856374893322,-6.4680978429525));
#1883=CARTESIAN_POINT('Ctrl Pts',(-14.6457719622942,-9.0624130131815,10.5258639591469));
#1884=CARTESIAN_POINT('Ctrl Pts',(-7.64831695587444,-5.05491011011726,19.6000891915024));
#1885=CARTESIAN_POINT('Ctrl Pts',(-7.69524652194201,-4.02979757371682,33.2606882418406));
#1886=CARTESIAN_POINT('Ctrl Pts',(-8.33198991496494,-4.02324191645951,36.5752101755909));
#1887=CARTESIAN_POINT('Ctrl Pts',(-8.69108872073542,-3.67623929842864,43.2087816499817));
#1888=CARTESIAN_POINT('Ctrl Pts',(-8.73607738271678,-3.43949095439543,46.5634047141991));
#1889=CARTESIAN_POINT('Ctrl Pts',(-8.79208318582014,-3.02971880790902,53.2300840994936));
#1890=CARTESIAN_POINT('Ctrl Pts',(-8.74442419999604,-2.8142661835975,56.5672041060925));
#1891=CARTESIAN_POINT('Ctrl Pts',(-8.61684569494095,-2.42568475398267,63.2338711195922));
#1892=CARTESIAN_POINT('Ctrl Pts',(-8.49242241787428,-2.23662374212594,66.563698680884));
#1893=CARTESIAN_POINT('Ctrl Pts',(-8.27037994218476,-1.90103631406404,73.2303758807715));
#1894=CARTESIAN_POINT('Ctrl Pts',(-8.14580998441992,-1.75146964060651,76.5651998613495));
#1895=CARTESIAN_POINT('Ctrl Pts',(-7.88358237144118,-1.47480390681857,83.2318691053017));
#1896=CARTESIAN_POINT('Ctrl Pts',(-7.73518471774313,-1.35160317814872,86.5639800741165));
#1897=CARTESIAN_POINT('Ctrl Pts',(-7.45577673281969,-1.12693103317194,93.1973752902026));
#1898=CARTESIAN_POINT('Ctrl Pts',(-7.31381492910585,-1.02816624946907,96.4974266069654));
#1899=CARTESIAN_POINT('Ctrl Pts',(-7.03791657303689,-0.847551483649323,
103.130715895684));
#1900=CARTESIAN_POINT('Ctrl Pts',(-6.89757896936109,-0.769414110311003,
106.463752779355));
#1901=CARTESIAN_POINT('Ctrl Pts',(-6.63680177544016,-0.62529577212408,113.130429599413));
#1902=CARTESIAN_POINT('Ctrl Pts',(-6.51565599905383,-0.563425412689838,
116.465193765167));
#1903=CARTESIAN_POINT('Ctrl Pts',(-6.27256567357797,-0.448228104214183,
123.131863030567));
#1904=CARTESIAN_POINT('Ctrl Pts',(-6.15345138416543,-0.39805412148441,126.465409445198));
#1905=CARTESIAN_POINT('Ctrl Pts',(-5.92221797392174,-0.305315398439456,
133.132078005734));
#1906=CARTESIAN_POINT('Ctrl Pts',(-5.80569934281974,-0.264826472181666,
136.464739258539));
#1907=CARTESIAN_POINT('Ctrl Pts',(-5.59510820223711,-0.190341756042227,
143.131410372803));
#1908=CARTESIAN_POINT('Ctrl Pts',(-5.50103497874169,-0.158299003493972,
146.465852363895));
#1909=CARTESIAN_POINT('Ctrl Pts',(-5.31189810816456,-0.0983860674380529,
153.099202677074));
#1910=CARTESIAN_POINT('Ctrl Pts',(-5.21981247449088,-0.0718700053487789,
156.399111865983));
#1911=CARTESIAN_POINT('Ctrl Pts',(-5.04483762814566,-0.0231692282880215,
163.032428145976));
#1912=CARTESIAN_POINT('Ctrl Pts',(-4.96141679547003,-0.00201501875139871,
166.365951789925));
#1913=CARTESIAN_POINT('Ctrl Pts',(-4.80116651064748,0.0375404683223403,
173.032619069324));
#1914=CARTESIAN_POINT('Ctrl Pts',(-4.72468328747193,0.0548857931637194,
176.366032481627));
#1915=CARTESIAN_POINT('Ctrl Pts',(-4.57930579840297,0.0871805739593701,
183.032699630555));
#1916=CARTESIAN_POINT('Ctrl Pts',(-4.51412303863978,0.101525970190389,186.366632863604));
#1917=CARTESIAN_POINT('Ctrl Pts',(-4.37614536650982,0.127783704924371,193.033299531641));
#1918=CARTESIAN_POINT('Ctrl Pts',(-4.30329326121798,0.139145107726595,196.366115646662));
#1919=CARTESIAN_POINT('Ctrl Pts',(-4.17282371364709,0.16047062894596,203.032782677436));
#1920=CARTESIAN_POINT('Ctrl Pts',(-4.11136360948928,0.169832847470068,206.366184090683));
#1921=CARTESIAN_POINT('Ctrl Pts',(-3.99608779629219,0.187431851730662,213.032851036644));
#1922=CARTESIAN_POINT('Ctrl Pts',(-3.94631671857415,0.195423490985013,216.366685152413));
#1923=CARTESIAN_POINT('Ctrl Pts',(-3.83865107023944,0.209720831390005,223.00001811828));
#1924=CARTESIAN_POINT('Ctrl Pts',(-3.78053994295901,0.215756991631535,226.299561796533));
#1925=CARTESIAN_POINT('Ctrl Pts',(-3.68044326730629,0.227447726269558,232.932886471113));
#1926=CARTESIAN_POINT('Ctrl Pts',(-3.6383395954089,0.23289885655736,236.266659024057));
#1927=CARTESIAN_POINT('Ctrl Pts',(-3.54598477977985,0.242401731311337,242.933325690794));
#1928=CARTESIAN_POINT('Ctrl Pts',(-3.49601953693585,0.246174875729339,246.266319681004));
#1929=CARTESIAN_POINT('Ctrl Pts',(-3.41133323584466,0.253989123232843,252.932986492089));
#1930=CARTESIAN_POINT('Ctrl Pts',(-3.37660636862317,0.257866205922792,256.266662177821));
#1931=CARTESIAN_POINT('Ctrl Pts',(-3.29959056292501,0.264320470672945,262.933328844512));
#1932=CARTESIAN_POINT('Ctrl Pts',(-3.26109769296572,0.267060794398362,266.266663065739));
#1933=CARTESIAN_POINT('Ctrl Pts',(-3.18415151456858,0.271829615496574,272.933329732421));
#1934=CARTESIAN_POINT('Ctrl Pts',(-3.14203813983422,0.273401038221542,276.266393612615));
#1935=CARTESIAN_POINT('Ctrl Pts',(-3.07283501101573,0.277378273795366,282.899732466947));
#1936=CARTESIAN_POINT('Ctrl Pts',(-3.04544535405421,0.279681553173591,286.199987670908));
#1937=CARTESIAN_POINT('Ctrl Pts',(-2.98382956505216,0.283087691890169,292.8333207541));
#1938=CARTESIAN_POINT('Ctrl Pts',(-3.63222843761047,0.353454018302552,297.305425356182));
#1939=CARTESIAN_POINT('Ctrl Pts',(-2.39772461892305,0.235441564913788,301.122260154462));
#1940=CARTESIAN_POINT('Ctrl Pts',(-1.5019868771487,0.147435723305765,302.122260154462));
#1941=CARTESIAN_POINT('Ctrl Pts',(-0.235209595495341,0.0215825905591511,
302.499999999999));
#1942=CARTESIAN_POINT('Ctrl Pts',(-14.0006970687382,-11.9361011909679,-20.));
#1943=CARTESIAN_POINT('Ctrl Pts',(-14.4807893056033,-12.4742221818423,-13.1347645096191));
#1944=CARTESIAN_POINT('Ctrl Pts',(-14.4807893056033,-12.4742221818423,-6.4680978429525));
#1945=CARTESIAN_POINT('Ctrl Pts',(-13.2194186008204,-11.0603895859437,10.5258639591469));
#1946=CARTESIAN_POINT('Ctrl Pts',(-7.60031260250655,-5.9015568056229,19.6000891915024));
#1947=CARTESIAN_POINT('Ctrl Pts',(-7.91858985969386,-4.76159594729816,33.2606882418406));
#1948=CARTESIAN_POINT('Ctrl Pts',(-8.54524853399547,-4.81181236922161,36.575210175591));
#1949=CARTESIAN_POINT('Ctrl Pts',(-8.94844898103772,-4.46896462283616,43.2087816499818));
#1950=CARTESIAN_POINT('Ctrl Pts',(-9.01180784450396,-4.22145289303212,46.5634047141991));
#1951=CARTESIAN_POINT('Ctrl Pts',(-9.09828321727088,-3.79161344930995,53.2300840994936));
#1952=CARTESIAN_POINT('Ctrl Pts',(-9.06211331814651,-3.56038284640755,56.5672041060926));
#1953=CARTESIAN_POINT('Ctrl Pts',(-8.9527791990487,-3.14055393918501,63.2338711195923));
#1954=CARTESIAN_POINT('Ctrl Pts',(-8.83355364799201,-2.93207431425794,66.5636986808841));
#1955=CARTESIAN_POINT('Ctrl Pts',(-8.62065622274118,-2.56196152158824,73.2303758807716));
#1956=CARTESIAN_POINT('Ctrl Pts',(-8.49864682716229,-2.39528713816895,76.5651998613496));
#1957=CARTESIAN_POINT('Ctrl Pts',(-8.23927094069531,-2.08483649343953,83.2318691053017));
#1958=CARTESIAN_POINT('Ctrl Pts',(-8.09027075569591,-1.94446239622214,86.5639800741165));
#1959=CARTESIAN_POINT('Ctrl Pts',(-7.80924116660452,-1.68789132691571,93.1973752902026));
#1960=CARTESIAN_POINT('Ctrl Pts',(-7.66543213000053,-1.57382107023261,96.4974266069653));
#1961=CARTESIAN_POINT('Ctrl Pts',(-7.38519102754345,-1.36412404131446,103.130715895684));
#1962=CARTESIAN_POINT('Ctrl Pts',(-7.2417316359274,-1.27199649654829,106.463752779355));
#1963=CARTESIAN_POINT('Ctrl Pts',(-6.97508158012023,-1.10195152313025,113.130429599414));
#1964=CARTESIAN_POINT('Ctrl Pts',(-6.85086914357714,-1.02833832328471,116.465193765167));
#1965=CARTESIAN_POINT('Ctrl Pts',(-6.60103242757591,-0.890097894533477,
123.131863030567));
#1966=CARTESIAN_POINT('Ctrl Pts',(-6.47819577944302,-0.82900005334096,126.465409445198));
#1967=CARTESIAN_POINT('Ctrl Pts',(-6.23942806383237,-0.715328354182473,
133.132078005734));
#1968=CARTESIAN_POINT('Ctrl Pts',(-6.11869903072908,-0.664655012947195,
136.46473925854));
#1969=CARTESIAN_POINT('Ctrl Pts',(-5.90058528187289,-0.571694039901896,
143.131410372804));
#1970=CARTESIAN_POINT('Ctrl Pts',(-5.80306993429305,-0.531473675482556,
146.465852363895));
#1971=CARTESIAN_POINT('Ctrl Pts',(-5.60671510033357,-0.45538012420192,153.099202677074));
#1972=CARTESIAN_POINT('Ctrl Pts',(-5.51093968257006,-0.421141729309846,
156.399111865983));
#1973=CARTESIAN_POINT('Ctrl Pts',(-5.3288434846366,-0.357866937923751,163.032428145977));
#1974=CARTESIAN_POINT('Ctrl Pts',(-5.2418912354526,-0.329885600097334,166.365951789925));
#1975=CARTESIAN_POINT('Ctrl Pts',(-5.07478673683812,-0.27727974105454,173.032619069325));
#1976=CARTESIAN_POINT('Ctrl Pts',(-4.9949312477807,-0.253796020356157,176.366032481627));
#1977=CARTESIAN_POINT('Ctrl Pts',(-4.84310027349025,-0.209874443732391,
183.032699630555));
#1978=CARTESIAN_POINT('Ctrl Pts',(-4.77501536966211,-0.19032633203016,186.366632863604));
#1979=CARTESIAN_POINT('Ctrl Pts',(-4.63062486294544,-0.153289748948278,
193.033299531641));
#1980=CARTESIAN_POINT('Ctrl Pts',(-4.55422222201671,-0.136380451532562,
196.366115646662));
#1981=CARTESIAN_POINT('Ctrl Pts',(-4.41746001634042,-0.105066973072698,
203.032782677436));
#1982=CARTESIAN_POINT('Ctrl Pts',(-4.35299134511494,-0.0910404864066804,
206.366184090683));
#1983=CARTESIAN_POINT('Ctrl Pts',(-4.23207607848168,-0.0646927315538906,
213.032851036644));
#1984=CARTESIAN_POINT('Ctrl Pts',(-4.17989653717219,-0.0529035795007497,
216.366685152413));
#1985=CARTESIAN_POINT('Ctrl Pts',(-4.06682529352939,-0.0305604417397568,
223.00001811828));
#1986=CARTESIAN_POINT('Ctrl Pts',(-4.00568663644639,-0.0202771945732837,
226.299561796533));
#1987=CARTESIAN_POINT('Ctrl Pts',(-3.90046126353422,-0.00120044197472256,
232.932886471113));
#1988=CARTESIAN_POINT('Ctrl Pts',(-3.85623602924746,0.0073857202615459,
236.266659024057));
#1989=CARTESIAN_POINT('Ctrl Pts',(-3.75906731266887,0.023627439429631,242.933325690794));
#1990=CARTESIAN_POINT('Ctrl Pts',(-3.70640851484915,0.0309690440968624,
246.266319681003));
#1991=CARTESIAN_POINT('Ctrl Pts',(-3.61725109746843,0.0449089011299201,
252.932986492089));
#1992=CARTESIAN_POINT('Ctrl Pts',(-3.58073557958601,0.0513340442304967,
256.266662177821));
#1993=CARTESIAN_POINT('Ctrl Pts',(-3.49961309192209,0.0633195449813335,
262.933328844512));
#1994=CARTESIAN_POINT('Ctrl Pts',(-3.45903625083945,0.0687966620704832,
266.266663065739));
#1995=CARTESIAN_POINT('Ctrl Pts',(-3.3778792445501,0.0789957425982085,272.933329732421));
#1996=CARTESIAN_POINT('Ctrl Pts',(-3.33339395616967,0.0834809030482391,
276.266393612616));
#1997=CARTESIAN_POINT('Ctrl Pts',(-3.26038539527591,0.0923220481114474,
282.899732466947));
#1998=CARTESIAN_POINT('Ctrl Pts',(-3.23153797184376,0.0965897103736613,
286.199987670908));
#1999=CARTESIAN_POINT('Ctrl Pts',(-3.1665272059203,0.104316617939145,292.8333207541));
#2000=CARTESIAN_POINT('Ctrl Pts',(-3.85573339724407,0.135800211259489,297.305425356182));
#2001=CARTESIAN_POINT('Ctrl Pts',(-2.54427447937718,0.092815065635755,301.122260154463));
#2002=CARTESIAN_POINT('Ctrl Pts',(-1.59258773271687,0.0590997808753902,
302.122260154463));
#2003=CARTESIAN_POINT('Ctrl Pts',(-0.246620482817972,0.00993908486624067,
302.499999999999));
#2004=CARTESIAN_POINT('Ctrl Pts',(-12.5858552097336,-13.4196240652074,-20.));
#2005=CARTESIAN_POINT('Ctrl Pts',(-12.9586375471297,-14.0332285334451,-13.1347645096191));
#2006=CARTESIAN_POINT('Ctrl Pts',(-12.9586375471297,-14.0332285334451,-6.4680978429525));
#2007=CARTESIAN_POINT('Ctrl Pts',(-11.9792075885818,-12.4210743657109,10.5258639591469));
#2008=CARTESIAN_POINT('Ctrl Pts',(-7.41773940034727,-6.46600142714821,19.6000891915024));
#2009=CARTESIAN_POINT('Ctrl Pts',(-7.92540253333592,-5.26149627114885,33.2606882418406));
#2010=CARTESIAN_POINT('Ctrl Pts',(-8.53600330353516,-5.35614193459698,36.575210175591));
#2011=CARTESIAN_POINT('Ctrl Pts',(-8.96649935222959,-5.0241562943937,43.2087816499818));
#2012=CARTESIAN_POINT('Ctrl Pts',(-9.04365712702975,-4.77314967024262,46.5634047141991));
#2013=CARTESIAN_POINT('Ctrl Pts',(-9.15343430732295,-4.33605799106633,53.2300840994935));
#2014=CARTESIAN_POINT('Ctrl Pts',(-9.12764011449683,-4.09680688805479,56.5672041060925));
#2015=CARTESIAN_POINT('Ctrl Pts',(-9.03596899561349,-3.66023283920282,63.2338711195922));
#2016=CARTESIAN_POINT('Ctrl Pts',(-8.92380503751044,-3.44019813757305,66.563698680884));
#2017=CARTESIAN_POINT('Ctrl Pts',(-8.72338925050163,-3.04951278787844,73.2303758807716));
#2018=CARTESIAN_POINT('Ctrl Pts',(-8.60630301387885,-2.87227172610055,76.5651998613496));
#2019=CARTESIAN_POINT('Ctrl Pts',(-8.35523881881827,-2.54053626141768,83.2318691053017));
#2020=CARTESIAN_POINT('Ctrl Pts',(-8.20915198210716,-2.38895517501853,86.5639800741165));
#2021=CARTESIAN_POINT('Ctrl Pts',(-7.93320597501258,-2.11146985706946,93.1973752902026));
#2022=CARTESIAN_POINT('Ctrl Pts',(-7.79114993533764,-1.98716126638895,96.4974266069653));
#2023=CARTESIAN_POINT('Ctrl Pts',(-7.51370431781356,-1.75785289600611,103.130715895684));
#2024=CARTESIAN_POINT('Ctrl Pts',(-7.37092770841681,-1.65609560990944,106.463752779355));
#2025=CARTESIAN_POINT('Ctrl Pts',(-7.10548179564643,-1.46818728953788,113.130429599413));
#2026=CARTESIAN_POINT('Ctrl Pts',(-6.98155115848443,-1.38640524527465,116.465193765167));
#2027=CARTESIAN_POINT('Ctrl Pts',(-6.73180060976306,-1.23199914494383,123.131863030567));
#2028=CARTESIAN_POINT('Ctrl Pts',(-6.6086678585493,-1.1631387337518,126.465409445198));
#2029=CARTESIAN_POINT('Ctrl Pts',(-6.36907345166208,-1.03451732390895,133.132078005735));
#2030=CARTESIAN_POINT('Ctrl Pts',(-6.24759261537358,-0.976468461298601,
136.46473925854));
#2031=CARTESIAN_POINT('Ctrl Pts',(-6.02818426164222,-0.870148407806401,
143.131410372803));
#2032=CARTESIAN_POINT('Ctrl Pts',(-5.93002077942793,-0.82399364375952,146.465852363895));
#2033=CARTESIAN_POINT('Ctrl Pts',(-5.73212251384866,-0.736083107929515,
153.099202677074));
#2034=CARTESIAN_POINT('Ctrl Pts',(-5.63545228697197,-0.696159279104174,
156.399111865983));
#2035=CARTESIAN_POINT('Ctrl Pts',(-5.45156428462402,-0.62212594775287,163.032428145977));
#2036=CARTESIAN_POINT('Ctrl Pts',(-5.36364613752224,-0.589068601836503,
166.365951789925));
#2037=CARTESIAN_POINT('Ctrl Pts',(-5.19462690647891,-0.526741133012764,
173.032619069324));
#2038=CARTESIAN_POINT('Ctrl Pts',(-5.1137744794677,-0.498657454905158,176.366032481627));
#2039=CARTESIAN_POINT('Ctrl Pts',(-4.96001102293464,-0.446011425988835,
183.032699630555));
#2040=CARTESIAN_POINT('Ctrl Pts',(-4.89105027108396,-0.422556641088405,
186.366632863604));
#2041=CARTESIAN_POINT('Ctrl Pts',(-4.74458971798924,-0.377354002873793,
193.033299531641));
#2042=CARTESIAN_POINT('Ctrl Pts',(-4.66696184913608,-0.356196185778907,
196.366115646663));
#2043=CARTESIAN_POINT('Ctrl Pts',(-4.52805409762239,-0.317252918155563,
203.032782677436));
#2044=CARTESIAN_POINT('Ctrl Pts',(-4.46253729045083,-0.299651006346758,
206.366184090683));
#2045=CARTESIAN_POINT('Ctrl Pts',(-4.33965672692538,-0.266598001559534,
213.032851036644));
#2046=CARTESIAN_POINT('Ctrl Pts',(-4.28664751624863,-0.251905704457006,
216.366685152413));
#2047=CARTESIAN_POINT('Ctrl Pts',(-4.17162549947432,-0.223357591092818,
223.00001811828));
#2048=CARTESIAN_POINT('Ctrl Pts',(-4.10934578986098,-0.209767808334736,
226.299561796533));
#2049=CARTESIAN_POINT('Ctrl Pts',(-4.00222038576682,-0.184966027087551,
232.932886471113));
#2050=CARTESIAN_POINT('Ctrl Pts',(-3.95722228671248,-0.173960150913605,
236.266659024057));
#2051=CARTESIAN_POINT('Ctrl Pts',(-3.85823099131084,-0.152472179610308,
242.933325690794));
#2052=CARTESIAN_POINT('Ctrl Pts',(-3.80451478167857,-0.142326926333966,
246.266319681003));
#2053=CARTESIAN_POINT('Ctrl Pts',(-3.71363710851751,-0.123602316705684,
252.932986492089));
#2054=CARTESIAN_POINT('Ctrl Pts',(-3.67644985489892,-0.115199981185991,
256.266662177821));
#2055=CARTESIAN_POINT('Ctrl Pts',(-3.59372700935057,-0.0988828640387792,
262.933328844512));
#2056=CARTESIAN_POINT('Ctrl Pts',(-3.55232476931231,-0.0912534380680668,
266.266663065739));
#2057=CARTESIAN_POINT('Ctrl Pts',(-3.46948068017657,-0.0767711534038403,
272.933329732421));
#2058=CARTESIAN_POINT('Ctrl Pts',(-3.42401826204151,-0.0699681405702297,
276.266393612615));
#2059=CARTESIAN_POINT('Ctrl Pts',(-3.34947462250219,-0.0572857276363518,
282.899732466947));
#2060=CARTESIAN_POINT('Ctrl Pts',(-3.3200562733784,-0.0514811489166986,
286.199987670908));
#2061=CARTESIAN_POINT('Ctrl Pts',(-3.25367024709741,-0.0403405602729768,
292.8333207541));
#2062=CARTESIAN_POINT('Ctrl Pts',(-3.96242687086451,-0.0405904650528267,
297.305425356182));
#2063=CARTESIAN_POINT('Ctrl Pts',(-2.61450169163474,-0.0225081937078334,
301.122260154463));
#2064=CARTESIAN_POINT('Ctrl Pts',(-1.63624249311873,-0.0120094419625289,
302.122260154463));
#2065=CARTESIAN_POINT('Ctrl Pts',(-0.252629507252883,0.00130259703839599,
302.499999999999));
#2066=CARTESIAN_POINT('Ctrl Pts',(-11.0183144254241,-14.7334409829251,-20.));
#2067=CARTESIAN_POINT('Ctrl Pts',(-11.2867076435199,-15.4189759094642,-13.1347645096192));
#2068=CARTESIAN_POINT('Ctrl Pts',(-11.2867076435199,-15.4189759094642,-6.4680978429525));
#2069=CARTESIAN_POINT('Ctrl Pts',(-10.5815445172025,-13.617835197237,10.5258639591469));
#2070=CARTESIAN_POINT('Ctrl Pts',(-7.06678072630255,-6.89522641004808,19.6000891915024));
#2071=CARTESIAN_POINT('Ctrl Pts',(-7.73522379755594,-5.64074108425517,33.2606882418406));
#2072=CARTESIAN_POINT('Ctrl Pts',(-8.31851318228664,-5.7814300430856,36.575210175591));
#2073=CARTESIAN_POINT('Ctrl Pts',(-8.76604524550056,-5.46854361038276,43.2087816499818));
#2074=CARTESIAN_POINT('Ctrl Pts',(-8.85549327593472,-5.22013197779521,46.5634047141992));
#2075=CARTESIAN_POINT('Ctrl Pts',(-8.98656641226699,-4.78630477041615,53.2300840994935));
#2076=CARTESIAN_POINT('Ctrl Pts',(-8.9722117485461,-4.54472100239996,56.5672041060925));
#2077=CARTESIAN_POINT('Ctrl Pts',(-8.90126919881039,-4.10169507398442,63.2338711195922));
#2078=CARTESIAN_POINT('Ctrl Pts',(-8.79937579104245,-3.87522042830136,66.5636986808841));
#2079=CARTESIAN_POINT('Ctrl Pts',(-8.61716104275497,-3.47301431490071,73.2303758807717));
#2080=CARTESIAN_POINT('Ctrl Pts',(-8.50824761306203,-3.28927152931067,76.5651998613497));
#2081=CARTESIAN_POINT('Ctrl Pts',(-8.27237943688436,-2.9438085357811,83.2318691053018));
#2082=CARTESIAN_POINT('Ctrl Pts',(-8.13314035344744,-2.78442648079735,86.5639800741165));
#2083=CARTESIAN_POINT('Ctrl Pts',(-7.86968690936186,-2.49223780344809,93.1973752902026));
#2084=CARTESIAN_POINT('Ctrl Pts',(-7.73316331421355,-2.36043988556178,96.4974266069653));
#2085=CARTESIAN_POINT('Ctrl Pts',(-7.46586775106497,-2.11656422374961,103.130715895684));
#2086=CARTESIAN_POINT('Ctrl Pts',(-7.32752909268584,-2.00738216982967,106.463752779355));
#2087=CARTESIAN_POINT('Ctrl Pts',(-7.07025970781648,-1.80567263731727,113.130429599414));
#2088=CARTESIAN_POINT('Ctrl Pts',(-6.94985181203286,-1.7174706822192,116.465193765167));
#2089=CARTESIAN_POINT('Ctrl Pts',(-6.70669937402727,-1.55017742125287,123.131863030567));
#2090=CARTESIAN_POINT('Ctrl Pts',(-6.58646662828255,-1.47499571162917,126.465409445198));
#2091=CARTESIAN_POINT('Ctrl Pts',(-6.35225130192394,-1.33410038435384,133.132078005735));
#2092=CARTESIAN_POINT('Ctrl Pts',(-6.23315143013506,-1.26986197238515,136.46473925854));
#2093=CARTESIAN_POINT('Ctrl Pts',(-6.01810220309694,-1.15235442068884,143.131410372804));
#2094=CARTESIAN_POINT('Ctrl Pts',(-5.9218134670956,-1.10119936981399,146.465852363895));
#2095=CARTESIAN_POINT('Ctrl Pts',(-5.72744788995133,-1.00323555040272,153.099202677074));
#2096=CARTESIAN_POINT('Ctrl Pts',(-5.63235520112709,-0.958415377997259,
156.399111865983));
#2097=CARTESIAN_POINT('Ctrl Pts',(-5.45137150937514,-0.875078766718862,
163.032428145977));
#2098=CARTESIAN_POINT('Ctrl Pts',(-5.36472650452507,-0.837585137061097,
166.365951789925));
#2099=CARTESIAN_POINT('Ctrl Pts',(-5.19809151248452,-0.766736432184106,
173.032619069325));
#2100=CARTESIAN_POINT('Ctrl Pts',(-5.11829344426366,-0.734585541478363,
176.366032481627));
#2101=CARTESIAN_POINT('Ctrl Pts',(-4.96649404376452,-0.674209539970259,
183.032699630555));
#2102=CARTESIAN_POINT('Ctrl Pts',(-4.89840184314945,-0.647288454939923,
186.366632863604));
#2103=CARTESIAN_POINT('Ctrl Pts',(-4.75356837832325,-0.59475152988637,193.033299531642));
#2104=CARTESIAN_POINT('Ctrl Pts',(-4.6766699640969,-0.569722377061636,196.366115646662));
#2105=CARTESIAN_POINT('Ctrl Pts',(-4.53911066670907,-0.52384688215238,203.032782677436));
#2106=CARTESIAN_POINT('Ctrl Pts',(-4.4741899671026,-0.502980246455895,206.366184090683));
#2107=CARTESIAN_POINT('Ctrl Pts',(-4.35242511924937,-0.463804750693993,
213.032851036644));
#2108=CARTESIAN_POINT('Ctrl Pts',(-4.2999131731706,-0.446469022904185,216.366685152413));
#2109=CARTESIAN_POINT('Ctrl Pts',(-4.18581458686577,-0.412206319039754,
223.00001811828));
#2110=CARTESIAN_POINT('Ctrl Pts',(-4.12394677184605,-0.395534056267224,
226.299561796533));
#2111=CARTESIAN_POINT('Ctrl Pts',(-4.01759002524836,-0.365422919681099,
232.932886471113));
#2112=CARTESIAN_POINT('Ctrl Pts',(-3.97293807825173,-0.352183864141296,
236.266659024057));
#2113=CARTESIAN_POINT('Ctrl Pts',(-3.87458231821639,-0.325801080317361,
242.933325690794));
#2114=CARTESIAN_POINT('Ctrl Pts',(-3.82113987260862,-0.313009800561401,
246.266319681003));
#2115=CARTESIAN_POINT('Ctrl Pts',(-3.73079203783967,-0.289800146346926,
252.932986492089));
#2116=CARTESIAN_POINT('Ctrl Pts',(-3.69385214953615,-0.279558597374679,
256.266662177821));
#2117=CARTESIAN_POINT('Ctrl Pts',(-3.61157091568142,-0.25916608249249,262.933328844512));
#2118=CARTESIAN_POINT('Ctrl Pts',(-3.57036378718372,-0.249500782879347,
266.266663065739));
#2119=CARTESIAN_POINT('Ctrl Pts',(-3.48787140824269,-0.230951663602283,
272.933329732421));
#2120=CARTESIAN_POINT('Ctrl Pts',(-3.44254858552431,-0.22192515419581,276.266393612616));
#2121=CARTESIAN_POINT('Ctrl Pts',(-3.36829925935962,-0.205588197783407,
282.899732466947));
#2122=CARTESIAN_POINT('Ctrl Pts',(-3.33903053345225,-0.19833699210155,286.199987670908));
#2123=CARTESIAN_POINT('Ctrl Pts',(-3.27289365864764,-0.183945377823689,
292.8333207541));
#2124=CARTESIAN_POINT('Ctrl Pts',(-3.98597233416532,-0.215919542578263,
297.305425356182));
#2125=CARTESIAN_POINT('Ctrl Pts',(-2.63088028271028,-0.137032373306688,
301.122260154463));
#2126=CARTESIAN_POINT('Ctrl Pts',(-1.64726376192009,-0.0824729442940307,
302.122260154463));
#2127=CARTESIAN_POINT('Ctrl Pts',(-0.255982250045864,-0.00688331091981415,
302.499999999999));
#2128=CARTESIAN_POINT('Ctrl Pts',(-8.75482645465158,-16.23804371457,-20.));
#2129=CARTESIAN_POINT('Ctrl Pts',(-8.88736333802215,-17.0304958644523,-13.1347645096192));
#2130=CARTESIAN_POINT('Ctrl Pts',(-8.88736333802215,-17.0304958644523,-6.4680978429525));
#2131=CARTESIAN_POINT('Ctrl Pts',(-8.53914245638803,-14.9484461039088,10.5258639591469));
#2132=CARTESIAN_POINT('Ctrl Pts',(-6.42453689193469,-7.09556101897032,19.6000891915024));
#2133=CARTESIAN_POINT('Ctrl Pts',(-7.25239863793379,-5.75287929903356,33.2606882418406));
#2134=CARTESIAN_POINT('Ctrl Pts',(-7.77739408820826,-5.95146018115925,36.575210175591));
#2135=CARTESIAN_POINT('Ctrl Pts',(-8.22270891776624,-5.66853114584978,43.2087816499818));
#2136=CARTESIAN_POINT('Ctrl Pts',(-8.32022715995911,-5.43279353317553,46.5634047141991));
#2137=CARTESIAN_POINT('Ctrl Pts',(-8.46641362886768,-5.0198781605997,53.2300840994935));
#2138=CARTESIAN_POINT('Ctrl Pts',(-8.46372825716918,-4.78624357404193,56.5672041060926));
#2139=CARTESIAN_POINT('Ctrl Pts',(-8.41591198021528,-4.35578763080927,63.2338711195923));
#2140=CARTESIAN_POINT('Ctrl Pts',(-8.32831699486462,-4.13291884211954,66.5636986808841));
#2141=CARTESIAN_POINT('Ctrl Pts',(-8.17155575243509,-3.73697809234575,73.2303758807717));
#2142=CARTESIAN_POINT('Ctrl Pts',(-8.07524267405424,-3.55495799047226,76.5651998613496));
#2143=CARTESIAN_POINT('Ctrl Pts',(-7.86425278228984,-3.21135224194066,83.2318691053017));
#2144=CARTESIAN_POINT('Ctrl Pts',(-7.73764955339948,-3.05148584890981,86.5639800741165));
#2145=CARTESIAN_POINT('Ctrl Pts',(-7.49767069432785,-2.7580077006777,93.1973752902026));
#2146=CARTESIAN_POINT('Ctrl Pts',(-7.37240896971265,-2.6248297920709,96.4974266069653));
#2147=CARTESIAN_POINT('Ctrl Pts',(-7.12650688969038,-2.37773501596134,103.130715895684));
#2148=CARTESIAN_POINT('Ctrl Pts',(-6.99845614256267,-2.26627408582729,106.463752779355));
#2149=CARTESIAN_POINT('Ctrl Pts',(-6.76025093301571,-2.06025100700169,113.130429599414));
#2150=CARTESIAN_POINT('Ctrl Pts',(-6.64847762849005,-1.9697909057365,116.465193765167));
#2151=CARTESIAN_POINT('Ctrl Pts',(-6.42225874752305,-1.79755539919082,123.131863030567));
#2152=CARTESIAN_POINT('Ctrl Pts',(-6.31005013760123,-1.71965524905962,126.465409445198));
#2153=CARTESIAN_POINT('Ctrl Pts',(-6.09120254990062,-1.57325784371519,133.132078005735));
#2154=CARTESIAN_POINT('Ctrl Pts',(-5.97957348308092,-1.50595665836807,136.46473925854));
#2155=CARTESIAN_POINT('Ctrl Pts',(-5.77807477689448,-1.38294741444563,143.131410372804));
#2156=CARTESIAN_POINT('Ctrl Pts',(-5.68778141047275,-1.32926135581417,146.465852363895));
#2157=CARTESIAN_POINT('Ctrl Pts',(-5.50526853379838,-1.22600479571625,153.099202677074));
#2158=CARTESIAN_POINT('Ctrl Pts',(-5.41582792160965,-1.17848004978338,156.399111865983));
#2159=CARTESIAN_POINT('Ctrl Pts',(-5.24550364198544,-1.08991899499766,163.032428145977));
#2160=CARTESIAN_POINT('Ctrl Pts',(-5.16384694349948,-1.0498341854323,166.365951789925));
#2161=CARTESIAN_POINT('Ctrl Pts',(-5.00674049171831,-0.97395042744929,173.032619069325));
#2162=CARTESIAN_POINT('Ctrl Pts',(-4.93141926483658,-0.939320753502026,
176.366032481627));
#2163=CARTESIAN_POINT('Ctrl Pts',(-4.78809341634975,-0.87419434591316,183.032699630555));
#2164=CARTESIAN_POINT('Ctrl Pts',(-4.72379046518038,-0.845127176943235,
186.366632863604));
#2165=CARTESIAN_POINT('Ctrl Pts',(-4.58679361311589,-0.787872011714506,
193.033299531642));
#2166=CARTESIAN_POINT('Ctrl Pts',(-4.51392101297797,-0.760242494888339,
196.366115646663));
#2167=CARTESIAN_POINT('Ctrl Pts',(-4.38360491742828,-0.709737218889819,
203.032782677436));
#2168=CARTESIAN_POINT('Ctrl Pts',(-4.32206139886674,-0.686653111702784,
206.366184090683));
#2169=CARTESIAN_POINT('Ctrl Pts',(-4.20662684329917,-0.643312523030023,
213.032851036644));
#2170=CARTESIAN_POINT('Ctrl Pts',(-4.15686071276091,-0.62418646031611,216.366685152413));
#2171=CARTESIAN_POINT('Ctrl Pts',(-4.04856693172507,-0.585927648565199,
223.00001811828));
#2172=CARTESIAN_POINT('Ctrl Pts',(-3.98975578243878,-0.56702727642671,226.299561796533));
#2173=CARTESIAN_POINT('Ctrl Pts',(-3.88871295619772,-0.53312022702477,232.932886471113));
#2174=CARTESIAN_POINT('Ctrl Pts',(-3.84631481312497,-0.518298766009392,
236.266659024057));
#2175=CARTESIAN_POINT('Ctrl Pts',(-3.75279216936401,-0.488346758448808,
242.933325690794));
#2176=CARTESIAN_POINT('Ctrl Pts',(-3.70190170437813,-0.473567691585742,
246.266319681003));
#2177=CARTESIAN_POINT('Ctrl Pts',(-3.61593439689086,-0.447036356052192,
252.932986492089));
#2178=CARTESIAN_POINT('Ctrl Pts',(-3.58081574669374,-0.435453098745788,
256.266662177821));
#2179=CARTESIAN_POINT('Ctrl Pts',(-3.50247756309389,-0.412001694247549,
262.933328844512));
#2180=CARTESIAN_POINT('Ctrl Pts',(-3.46321769879588,-0.400786214612417,
266.266663065739));
#2181=CARTESIAN_POINT('Ctrl Pts',(-3.38458044144995,-0.379106653192367,
272.933329732421));
#2182=CARTESIAN_POINT('Ctrl Pts',(-3.34131903900923,-0.368324972591677,
276.266393612616));
#2183=CARTESIAN_POINT('Ctrl Pts',(-3.27051220637965,-0.349150326967504,
282.899732466947));
#2184=CARTESIAN_POINT('Ctrl Pts',(-3.24263364357015,-0.340798888630765,
286.199987670908));
#2185=CARTESIAN_POINT('Ctrl Pts',(-3.17954515415682,-0.323866069736663,
292.8333207541));
#2186=CARTESIAN_POINT('Ctrl Pts',(-3.87141254162695,-0.386919645176619,
297.305425356182));
#2187=CARTESIAN_POINT('Ctrl Pts',(-2.55841647256116,-0.249507361456059,
301.122260154463));
#2188=CARTESIAN_POINT('Ctrl Pts',(-1.60509375439968,-0.152386230461415,
302.122260154463));
#2189=CARTESIAN_POINT('Ctrl Pts',(-0.256507893191626,-0.0165479823723569,
302.499999999999));
#2190=CARTESIAN_POINT('Ctrl Pts',(-6.27916198859472,-17.3438669452663,-20.));
#2191=CARTESIAN_POINT('Ctrl Pts',(-6.27484656389609,-18.2654993045397,-13.1347645096192));
#2192=CARTESIAN_POINT('Ctrl Pts',(-6.27484656389609,-18.2654993045397,-6.46809784295251));
#2193=CARTESIAN_POINT('Ctrl Pts',(-6.28618469827022,-15.8440478223027,10.5258639591469));
#2194=CARTESIAN_POINT('Ctrl Pts',(-5.63936793891244,-6.65393237481032,19.6000891915024));
#2195=CARTESIAN_POINT('Ctrl Pts',(-6.55246520348927,-5.16738613577744,33.2606882418406));
#2196=CARTESIAN_POINT('Ctrl Pts',(-6.98599499489422,-5.41336660070021,36.575210175591));
#2197=CARTESIAN_POINT('Ctrl Pts',(-7.38888337022566,-5.15937806384718,43.2087816499818));
#2198=CARTESIAN_POINT('Ctrl Pts',(-7.47823085036634,-4.94748953247729,46.5634047141992));
#2199=CARTESIAN_POINT('Ctrl Pts',(-7.61275617722851,-4.57617063475667,53.2300840994936));
#2200=CARTESIAN_POINT('Ctrl Pts',(-7.61200972274617,-4.36594780780208,56.5672041060926));
#2201=CARTESIAN_POINT('Ctrl Pts',(-7.57220021136024,-3.97846620932613,63.2338711195923));
#2202=CARTESIAN_POINT('Ctrl Pts',(-7.49509456947159,-3.77772605249073,66.5636986808841));
#2203=CARTESIAN_POINT('Ctrl Pts',(-7.35715224244264,-3.42100960956067,73.2303758807717));
#2204=CARTESIAN_POINT('Ctrl Pts',(-7.27196451180399,-3.25693552818006,76.5651998613498));
#2205=CARTESIAN_POINT('Ctrl Pts',(-7.08497147100968,-2.9471125212755,83.2318691053019));
#2206=CARTESIAN_POINT('Ctrl Pts',(-6.97243781038148,-2.80287855753321,86.5639800741165));
#2207=CARTESIAN_POINT('Ctrl Pts',(-6.75908697296445,-2.5380313889989,93.1973752902026));
#2208=CARTESIAN_POINT('Ctrl Pts',(-6.64759234073679,-2.41777676195586,96.4974266069654));
#2209=CARTESIAN_POINT('Ctrl Pts',(-6.42862380536166,-2.19459937405326,103.130715895684));
#2210=CARTESIAN_POINT('Ctrl Pts',(-6.31448254678818,-2.09386136082064,106.463752779355));
#2211=CARTESIAN_POINT('Ctrl Pts',(-6.10215657026143,-1.90761968144081,113.130429599414));
#2212=CARTESIAN_POINT('Ctrl Pts',(-6.002493303784,-1.82579745599504,116.465193765167));
#2213=CARTESIAN_POINT('Ctrl Pts',(-5.80070437651964,-1.66996030648095,123.131863030567));
#2214=CARTESIAN_POINT('Ctrl Pts',(-5.70056394622656,-1.59943211079241,126.465409445198));
#2215=CARTESIAN_POINT('Ctrl Pts',(-5.50521634038982,-1.46684659118413,133.132078005735));
#2216=CARTESIAN_POINT('Ctrl Pts',(-5.40552238609984,-1.40585036640443,136.46473925854));
#2217=CARTESIAN_POINT('Ctrl Pts',(-5.22558771688879,-1.29434234898732,143.131410372804));
#2218=CARTESIAN_POINT('Ctrl Pts',(-5.14495398697892,-1.24564681347514,146.465852363895));
#2219=CARTESIAN_POINT('Ctrl Pts',(-4.98192371030176,-1.15195497180337,153.099202677074));
#2220=CARTESIAN_POINT('Ctrl Pts',(-4.90200973695222,-1.10880322177165,156.399111865983));
#2221=CARTESIAN_POINT('Ctrl Pts',(-4.74981337487642,-1.02836486189405,163.032428145977));
#2222=CARTESIAN_POINT('Ctrl Pts',(-4.67683121978298,-0.991930258691676,
166.365951789925));
#2223=CARTESIAN_POINT('Ctrl Pts',(-4.53640541443824,-0.922934895796281,
173.032619069325));
#2224=CARTESIAN_POINT('Ctrl Pts',(-4.4690690808612,-0.891426004468927,176.366032481627));
#2225=CARTESIAN_POINT('Ctrl Pts',(-4.34093182532052,-0.832150211635162,
183.032699630555));
#2226=CARTESIAN_POINT('Ctrl Pts',(-4.28344497417543,-0.805680001520748,
186.366632863604));
#2227=CARTESIAN_POINT('Ctrl Pts',(-4.16092501140678,-0.753505926074535,
193.033299531642));
#2228=CARTESIAN_POINT('Ctrl Pts',(-4.09572763635369,-0.728303568436959,
196.366115646663));
#2229=CARTESIAN_POINT('Ctrl Pts',(-3.97914846786824,-0.682224217764055,
203.032782677436));
#2230=CARTESIAN_POINT('Ctrl Pts',(-3.92408635061123,-0.661146339633136,
206.366184090683));
#2231=CARTESIAN_POINT('Ctrl Pts',(-3.82080930052109,-0.621561808899339,
213.032851036644));
#2232=CARTESIAN_POINT('Ctrl Pts',(-3.77629028219845,-0.604085668631266,
216.366685152413));
#2233=CARTESIAN_POINT('Ctrl Pts',(-3.67937907975442,-0.569097708336141,
223.00001811828));
#2234=CARTESIAN_POINT('Ctrl Pts',(-3.62673051406986,-0.551792800402898,
226.299561796534));
#2235=CARTESIAN_POINT('Ctrl Pts',(-3.53629016758383,-0.52074642065949,232.932886471114));
#2236=CARTESIAN_POINT('Ctrl Pts',(-3.49834762112445,-0.507170679541,236.266659024057));
#2237=CARTESIAN_POINT('Ctrl Pts',(-3.41462269611161,-0.479709684183871,
242.933325690794));
#2238=CARTESIAN_POINT('Ctrl Pts',(-3.36904715990525,-0.4661410668547,246.266319681004));
#2239=CARTESIAN_POINT('Ctrl Pts',(-3.29207439629304,-0.441786555034198,
252.932986492089));
#2240=CARTESIAN_POINT('Ctrl Pts',(-3.26063818725779,-0.431152499362989,
256.266662177822));
#2241=CARTESIAN_POINT('Ctrl Pts',(-3.19048674610011,-0.409598310495496,
262.933328844513));
#2242=CARTESIAN_POINT('Ctrl Pts',(-3.15532367649946,-0.399280485430354,
266.266663065739));
#2243=CARTESIAN_POINT('Ctrl Pts',(-3.08488130049356,-0.379319476615464,
272.933329732421));
#2244=CARTESIAN_POINT('Ctrl Pts',(-3.04611441993472,-0.369375269482854,
276.266393612616));
#2245=CARTESIAN_POINT('Ctrl Pts',(-2.98268009945313,-0.351699710967396,
282.899732466948));
#2246=CARTESIAN_POINT('Ctrl Pts',(-2.95771276918249,-0.344003760034687,
286.199987670909));
#2247=CARTESIAN_POINT('Ctrl Pts',(-2.90118869997001,-0.328377059232613,
292.833320754101));
#2248=CARTESIAN_POINT('Ctrl Pts',(-3.52960357346192,-0.392295153920173,
297.305425356183));
#2249=CARTESIAN_POINT('Ctrl Pts',(-2.33835549257875,-0.255481944852823,
301.122260154463));
#2250=CARTESIAN_POINT('Ctrl Pts',(-1.47323682878935,-0.15846390010102,302.122260154463));
#2251=CARTESIAN_POINT('Ctrl Pts',(-0.249312820447775,-0.0225772012323444,
302.5));
#2252=CARTESIAN_POINT('Ctrl Pts',(-3.69519731114939,-18.0211045962078,-20.));
#2253=CARTESIAN_POINT('Ctrl Pts',(-3.55078336125568,-19.0450482538196,-13.1347645096192));
#2254=CARTESIAN_POINT('Ctrl Pts',(-3.55078336125568,-19.0450482538196,-6.46809784295251));
#2255=CARTESIAN_POINT('Ctrl Pts',(-3.93020946268024,-16.3547891038414,10.5258639591469));
#2256=CARTESIAN_POINT('Ctrl Pts',(-4.79264713973705,-6.09780598538748,19.6000891915024));
#2257=CARTESIAN_POINT('Ctrl Pts',(-5.78426833383993,-4.50753149929989,33.2606882418407));
#2258=CARTESIAN_POINT('Ctrl Pts',(-6.12018154232894,-4.79360640158493,36.575210175591));
#2259=CARTESIAN_POINT('Ctrl Pts',(-6.47535008511292,-4.57174623349237,43.2087816499818));
#2260=CARTESIAN_POINT('Ctrl Pts',(-6.55498434303482,-4.38587687864793,46.5634047141992));
#2261=CARTESIAN_POINT('Ctrl Pts',(-6.67522135690976,-4.05999411486849,53.2300840994936));
#2262=CARTESIAN_POINT('Ctrl Pts',(-6.67577583560978,-3.87522551245888,56.5672041060926));
#2263=CARTESIAN_POINT('Ctrl Pts',(-6.64309364614339,-3.53447155378231,63.2338711195923));
#2264=CARTESIAN_POINT('Ctrl Pts',(-6.5765934770402,-3.35772155741664,66.5636986808842));
#2265=CARTESIAN_POINT('Ctrl Pts',(-6.45762185268007,-3.04359544551912,73.2303758807718));
#2266=CARTESIAN_POINT('Ctrl Pts',(-6.38382347421979,-2.89901051152904,76.5651998613497));
#2267=CARTESIAN_POINT('Ctrl Pts',(-6.22155005801175,-2.62587247801922,83.2318691053019));
#2268=CARTESIAN_POINT('Ctrl Pts',(-6.12365100867958,-2.49860482882772,86.5639800741166));
#2269=CARTESIAN_POINT('Ctrl Pts',(-5.93800193785804,-2.26486719932435,93.1973752902027));
#2270=CARTESIAN_POINT('Ctrl Pts',(-5.84088153322611,-2.15866626633343,96.4974266069655));
#2271=CARTESIAN_POINT('Ctrl Pts',(-5.65007283062279,-1.96151331460127,103.130715895684));
#2272=CARTESIAN_POINT('Ctrl Pts',(-5.55052335415763,-1.87245073858975,106.463752779355));
#2273=CARTESIAN_POINT('Ctrl Pts',(-5.36533706164835,-1.70777805576735,113.130429599414));
#2274=CARTESIAN_POINT('Ctrl Pts',(-5.27838252779843,-1.6353949491749,116.465193765167));
#2275=CARTESIAN_POINT('Ctrl Pts',(-5.10227159446261,-1.49748389923266,123.131863030567));
#2276=CARTESIAN_POINT('Ctrl Pts',(-5.01483696104217,-1.43502605188585,126.465409445198));
#2277=CARTESIAN_POINT('Ctrl Pts',(-4.84424897716083,-1.31757816270011,133.132078005735));
#2278=CARTESIAN_POINT('Ctrl Pts',(-4.75715465674203,-1.26350158356797,136.46473925854));
#2279=CARTESIAN_POINT('Ctrl Pts',(-4.5999701371732,-1.16464429025931,143.131410372804));
#2280=CARTESIAN_POINT('Ctrl Pts',(-4.52952535130515,-1.12145773477604,146.465852363895));
#2281=CARTESIAN_POINT('Ctrl Pts',(-4.38707004275164,-1.03833238232001,153.099202677074));
#2282=CARTESIAN_POINT('Ctrl Pts',(-4.31722681081776,-1.00002375791322,156.399111865983));
#2283=CARTESIAN_POINT('Ctrl Pts',(-4.18420154773314,-0.92859697484558,163.032428145977));
#2284=CARTESIAN_POINT('Ctrl Pts',(-4.12040130116981,-0.896224378281911,
166.365951789925));
#2285=CARTESIAN_POINT('Ctrl Pts',(-3.99763721988887,-0.834909199850591,
173.032619069325));
#2286=CARTESIAN_POINT('Ctrl Pts',(-3.93876188441019,-0.806891821046954,
176.366032481627));
#2287=CARTESIAN_POINT('Ctrl Pts',(-3.82672236397517,-0.754175610751715,
183.032699630555));
#2288=CARTESIAN_POINT('Ctrl Pts',(-3.77645740697937,-0.730629675602592,
186.366632863604));
#2289=CARTESIAN_POINT('Ctrl Pts',(-3.66930631497956,-0.684184930187439,
193.033299531642));
#2290=CARTESIAN_POINT('Ctrl Pts',(-3.61227348995287,-0.661726355201174,
196.366115646663));
#2291=CARTESIAN_POINT('Ctrl Pts',(-3.51029982092914,-0.620669082954746,
203.032782677437));
#2292=CARTESIAN_POINT('Ctrl Pts',(-3.46213286898452,-0.601879410713385,
206.366184090684));
#2293=CARTESIAN_POINT('Ctrl Pts',(-3.37178943931791,-0.566590096816889,
213.032851036644));
#2294=CARTESIAN_POINT('Ctrl Pts',(-3.3328483849603,-0.551011213368366,216.366685152413));
#2295=CARTESIAN_POINT('Ctrl Pts',(-3.24806291323407,-0.51979360302436,223.00001811828));
#2296=CARTESIAN_POINT('Ctrl Pts',(-3.20199267950803,-0.504335725442452,
226.299561796534));
#2297=CARTESIAN_POINT('Ctrl Pts',(-3.12286055638254,-0.476613988196032,
232.932886471114));
#2298=CARTESIAN_POINT('Ctrl Pts',(-3.08966562235337,-0.464495211813864,
236.266659024057));
#2299=CARTESIAN_POINT('Ctrl Pts',(-3.01640315210452,-0.439956989940856,
242.933325690794));
#2300=CARTESIAN_POINT('Ctrl Pts',(-2.97651538061907,-0.427817163604467,
246.266319681004));
#2301=CARTESIAN_POINT('Ctrl Pts',(-2.90915714067768,-0.40604106400256,252.932986492089));
#2302=CARTESIAN_POINT('Ctrl Pts',(-2.88165171806617,-0.396538283913332,
256.266662177821));
#2303=CARTESIAN_POINT('Ctrl Pts',(-2.82025991175166,-0.377255100222945,
262.933328844512));
#2304=CARTESIAN_POINT('Ctrl Pts',(-2.78948500174556,-0.368018068076499,
266.266663065739));
#2305=CARTESIAN_POINT('Ctrl Pts',(-2.72782974029662,-0.35013879845585,272.933329732421));
#2306=CARTESIAN_POINT('Ctrl Pts',(-2.69389304572377,-0.341218814248905,
276.266393612616));
#2307=CARTESIAN_POINT('Ctrl Pts',(-2.63837046686278,-0.325379801330832,
282.899732466948));
#2308=CARTESIAN_POINT('Ctrl Pts',(-2.61652147514288,-0.318490758882784,
286.199987670909));
#2309=CARTESIAN_POINT('Ctrl Pts',(-2.56704703894648,-0.304483234063605,
292.8333207541));
#2310=CARTESIAN_POINT('Ctrl Pts',(-3.12021936640614,-0.363299312813889,
297.305425356183));
#2311=CARTESIAN_POINT('Ctrl Pts',(-2.07208597698651,-0.237995622149032,
301.122260154463));
#2312=CARTESIAN_POINT('Ctrl Pts',(-1.31083131623308,-0.149061303017588,
302.122260154463));
#2313=CARTESIAN_POINT('Ctrl Pts',(-0.233807619355297,-0.0244501923438835,
302.5));
#2314=CARTESIAN_POINT('Ctrl Pts',(-1.72972905536753,-18.31404939366,-20.));
#2315=CARTESIAN_POINT('Ctrl Pts',(-1.48061863732232,-19.3984800279302,-13.1347645096192));
#2316=CARTESIAN_POINT('Ctrl Pts',(-1.48061863732232,-19.3984800279302,-6.46809784295251));
#2317=CARTESIAN_POINT('Ctrl Pts',(-2.13511908421614,-16.5493003736839,10.5258639591469));
#2318=CARTESIAN_POINT('Ctrl Pts',(-4.12757216513118,-5.65528693351216,19.6000891915024));
#2319=CARTESIAN_POINT('Ctrl Pts',(-5.17506313589772,-4.01195322444369,33.2606882418407));
#2320=CARTESIAN_POINT('Ctrl Pts',(-5.43654223102635,-4.32409821080931,36.5752101755909));
#2321=CARTESIAN_POINT('Ctrl Pts',(-5.75507416907556,-4.12808690368607,43.2087816499818));
#2322=CARTESIAN_POINT('Ctrl Pts',(-5.82753680785291,-3.96259756289433,46.5634047141992));
#2323=CARTESIAN_POINT('Ctrl Pts',(-5.93730936720911,-3.67226477170454,53.2300840994936));
#2324=CARTESIAN_POINT('Ctrl Pts',(-5.93923272918119,-3.50723786684552,56.5672041060926));
#2325=CARTESIAN_POINT('Ctrl Pts',(-5.91273063649444,-3.20264169966075,63.2338711195924));
#2326=CARTESIAN_POINT('Ctrl Pts',(-5.85479502850974,-3.04432691900407,66.5636986808842));
#2327=CARTESIAN_POINT('Ctrl Pts',(-5.7511304865258,-2.76293206373761,73.2303758807718));
#2328=CARTESIAN_POINT('Ctrl Pts',(-5.68643575780185,-2.6332775659984,76.5651998613498));
#2329=CARTESIAN_POINT('Ctrl Pts',(-5.54383848725945,-2.38818396656116,83.2318691053019));
#2330=CARTESIAN_POINT('Ctrl Pts',(-5.45752071912175,-2.27382885877198,86.5639800741166));
#2331=CARTESIAN_POINT('Ctrl Pts',(-5.29377497618221,-2.06375432215721,93.1973752902027));
#2332=CARTESIAN_POINT('Ctrl Pts',(-5.20798882606379,-1.96821085552489,96.4974266069655));
#2333=CARTESIAN_POINT('Ctrl Pts',(-5.03936059855236,-1.79076585272505,103.130715895684));
#2334=CARTESIAN_POINT('Ctrl Pts',(-4.95127754359662,-1.7105100963381,106.463752779355));
#2335=CARTESIAN_POINT('Ctrl Pts',(-4.78741282253751,-1.56210550325779,113.130429599414));
#2336=CARTESIAN_POINT('Ctrl Pts',(-4.71043120186948,-1.49682819712857,116.465193765167));
#2337=CARTESIAN_POINT('Ctrl Pts',(-4.5544532238238,-1.37238362568306,123.131863030568));
#2338=CARTESIAN_POINT('Ctrl Pts',(-4.4769681344072,-1.31596823694021,126.465409445198));
#2339=CARTESIAN_POINT('Ctrl Pts',(-4.32575849140306,-1.20983779643717,133.132078005735));
#2340=CARTESIAN_POINT('Ctrl Pts',(-4.24851334458858,-1.16091142744627,136.46473925854));
#2341=CARTESIAN_POINT('Ctrl Pts',(-4.10911230119798,-1.07147698744061,143.131410372804));
#2342=CARTESIAN_POINT('Ctrl Pts',(-4.04662811099576,-1.03238990477271,146.465852363895));
#2343=CARTESIAN_POINT('Ctrl Pts',(-3.92023952510633,-0.95710845599224,153.099202677074));
#2344=CARTESIAN_POINT('Ctrl Pts',(-3.85825481713672,-0.922383847336233,
156.399111865983));
#2345=CARTESIAN_POINT('Ctrl Pts',(-3.74018512990418,-0.857618455068711,
163.032428145977));
#2346=CARTESIAN_POINT('Ctrl Pts',(-3.68354328214843,-0.828239077624939,
166.365951789925));
#2347=CARTESIAN_POINT('Ctrl Pts',(-3.5745455632251,-0.77257834219563,173.032619069325));
#2348=CARTESIAN_POINT('Ctrl Pts',(-3.52226161137617,-0.747124075662081,
176.366032481627));
#2349=CARTESIAN_POINT('Ctrl Pts',(-3.42276045144225,-0.699220167776187,
183.032699630555));
#2350=CARTESIAN_POINT('Ctrl Pts',(-3.37811922762818,-0.67781957254445,186.366632863604));
#2351=CARTESIAN_POINT('Ctrl Pts',(-3.2829292294582,-0.635554735958092,193.033299531642));
#2352=CARTESIAN_POINT('Ctrl Pts',(-3.23224635828087,-0.615082766972153,
196.366115646663));
#2353=CARTESIAN_POINT('Ctrl Pts',(-3.14163183184665,-0.577669278978347,
203.032782677437));
#2354=CARTESIAN_POINT('Ctrl Pts',(-3.09882549078231,-0.560535816229876,
206.366184090684));
#2355=CARTESIAN_POINT('Ctrl Pts',(-3.01853635547263,-0.528356262959482,
213.032851036644));
#2356=CARTESIAN_POINT('Ctrl Pts',(-2.9839310949737,-0.51415433140529,216.366685152413));
#2357=CARTESIAN_POINT('Ctrl Pts',(-2.90856657464764,-0.485653049266664,
223.00001811828));
#2358=CARTESIAN_POINT('Ctrl Pts',(-2.86760459242227,-0.471513727640958,
226.299561796534));
#2359=CARTESIAN_POINT('Ctrl Pts',(-2.79725408676702,-0.446176658770807,
232.932886471114));
#2360=CARTESIAN_POINT('Ctrl Pts',(-2.76774585373345,-0.435107614471739,
236.266659024058));
#2361=CARTESIAN_POINT('Ctrl Pts',(-2.70260451874251,-0.412657058673336,
242.933325690794));
#2362=CARTESIAN_POINT('Ctrl Pts',(-2.66712958104126,-0.401526839433726,
246.266319681004));
#2363=CARTESIAN_POINT('Ctrl Pts',(-2.60723146120803,-0.381586204214669,
252.932986492089));
#2364=CARTESIAN_POINT('Ctrl Pts',(-2.58277612144522,-0.372894917189247,
256.266662177822));
#2365=CARTESIAN_POINT('Ctrl Pts',(-2.52817867933053,-0.355223908536149,
262.933328844513));
#2366=CARTESIAN_POINT('Ctrl Pts',(-2.5008065255111,-0.346750114601385,266.266663065739));
#2367=CARTESIAN_POINT('Ctrl Pts',(-2.44596369157054,-0.33033480889871,272.933329732421));
#2368=CARTESIAN_POINT('Ctrl Pts',(-2.41577021538059,-0.322125381744971,
276.266393612616));
#2369=CARTESIAN_POINT('Ctrl Pts',(-2.3663797280136,-0.30757587698909,282.899732466948));
#2370=CARTESIAN_POINT('Ctrl Pts',(-2.34694789372644,-0.301260889222,286.199987670909));
#2371=CARTESIAN_POINT('Ctrl Pts',(-2.30293595459274,-0.288389839983678,
292.833320754101));
#2372=CARTESIAN_POINT('Ctrl Pts',(-2.79721308399272,-0.344109195739176,
297.305425356183));
#2373=CARTESIAN_POINT('Ctrl Pts',(-1.86100156732288,-0.226027483955367,
301.122260154463));
#2374=CARTESIAN_POINT('Ctrl Pts',(-1.18098720006277,-0.142135436333117,
302.122260154463));
#2375=CARTESIAN_POINT('Ctrl Pts',(-0.218874204606574,-0.0245393282878489,
302.5));
#2376=CARTESIAN_POINT('Ctrl Pts',(0.237187112156648,-18.3932182340699,-20.));
#2377=CARTESIAN_POINT('Ctrl Pts',(0.588505424819475,-19.5240171536934,-13.1347645096192));
#2378=CARTESIAN_POINT('Ctrl Pts',(0.588505424819471,-19.5240171536934,-6.46809784295251));
#2379=CARTESIAN_POINT('Ctrl Pts',(-0.33453101197086,-16.5530117495505,10.5258639591469));
#2380=CARTESIAN_POINT('Ctrl Pts',(-3.4355455953882,-5.16490651287618,19.6000891915025));
#2381=CARTESIAN_POINT('Ctrl Pts',(-4.53047753591451,-3.48845815055796,33.2606882418407));
#2382=CARTESIAN_POINT('Ctrl Pts',(-4.71590301794261,-3.82224194301274,36.575210175591));
#2383=CARTESIAN_POINT('Ctrl Pts',(-4.99548627251457,-3.65333270041275,43.2087816499818));
#2384=CARTESIAN_POINT('Ctrl Pts',(-5.06020783877096,-3.50937563944862,46.5634047141992));
#2385=CARTESIAN_POINT('Ctrl Pts',(-5.15864493798885,-3.25662261403989,53.2300840994937));
#2386=CARTESIAN_POINT('Ctrl Pts',(-5.1618693686516,-3.11252049626434,56.5672041060926));
#2387=CARTESIAN_POINT('Ctrl Pts',(-5.14163776493489,-2.84627877367877,63.2338711195924));
#2388=CARTESIAN_POINT('Ctrl Pts',(-5.09262711500019,-2.70756210668303,66.5636986808842));
#2389=CARTESIAN_POINT('Ctrl Pts',(-5.00491640526788,-2.46096349847511,73.2303758807718));
#2390=CARTESIAN_POINT('Ctrl Pts',(-4.94974421833028,-2.3471981606425,76.5651998613498));
#2391=CARTESIAN_POINT('Ctrl Pts',(-4.82775898102194,-2.13196928715835,83.231869105302));
#2392=CARTESIAN_POINT('Ctrl Pts',(-4.75360001732526,-2.03138455993095,86.5639800741167));
#2393=CARTESIAN_POINT('Ctrl Pts',(-4.61285507044865,-1.84654941453583,93.1973752902027));
#2394=CARTESIAN_POINT('Ctrl Pts',(-4.53898290248666,-1.76238451818682,96.4974266069655));
#2395=CARTESIAN_POINT('Ctrl Pts',(-4.39367719055333,-1.60598936216546,103.130715895684));
#2396=CARTESIAN_POINT('Ctrl Pts',(-4.31766085896095,-1.53515161473904,106.463752779355));
#2397=CARTESIAN_POINT('Ctrl Pts',(-4.17623417183134,-1.40414424934455,113.130429599414));
#2398=CARTESIAN_POINT('Ctrl Pts',(-4.10975125138545,-1.34647051151121,116.465193765167));
#2399=CARTESIAN_POINT('Ctrl Pts',(-3.97497293651049,-1.23644412406174,123.131863030568));
#2400=CARTESIAN_POINT('Ctrl Pts',(-3.90796865443312,-1.18650464564344,126.465409445198));
#2401=CARTESIAN_POINT('Ctrl Pts',(-3.77717426177993,-1.09250796361705,133.132078005735));
#2402=CARTESIAN_POINT('Ctrl Pts',(-3.71030906294582,-1.04911028783454,136.46473925854));
#2403=CARTESIAN_POINT('Ctrl Pts',(-3.58964835021057,-0.969788665513201,
143.131410372804));
#2404=CARTESIAN_POINT('Ctrl Pts',(-3.53555357128608,-0.935102332576503,
146.465852363895));
#2405=CARTESIAN_POINT('Ctrl Pts',(-3.42609927974993,-0.868246501986288,
153.099202677074));
#2406=CARTESIAN_POINT('Ctrl Pts',(-3.37239875237466,-0.837374908241773,
156.399111865983));
#2407=CARTESIAN_POINT('Ctrl Pts',(-3.27009498676593,-0.779772587834465,
163.032428145977));
#2408=CARTESIAN_POINT('Ctrl Pts',(-3.22100026531013,-0.753614424876168,
166.365951789925));
#2409=CARTESIAN_POINT('Ctrl Pts',(-3.1265164164319,-0.704039858236612,173.032619069325));
#2410=CARTESIAN_POINT('Ctrl Pts',(-3.08118225261954,-0.68134633551897,176.366032481627));
#2411=CARTESIAN_POINT('Ctrl Pts',(-2.99490097428619,-0.638626324896037,
183.032699630555));
#2412=CARTESIAN_POINT('Ctrl Pts',(-2.95618890778429,-0.619536635755327,
186.366632863604));
#2413=CARTESIAN_POINT('Ctrl Pts',(-2.87361115341523,-0.581780118951439,
193.033299531642));
#2414=CARTESIAN_POINT('Ctrl Pts',(-2.82962493884198,-0.563454743742197,
196.366115646663));
#2415=CARTESIAN_POINT('Ctrl Pts',(-2.75098840695087,-0.529976005509584,
203.032782677437));
#2416=CARTESIAN_POINT('Ctrl Pts',(-2.71383460521121,-0.514631803644603,
206.366184090684));
#2417=CARTESIAN_POINT('Ctrl Pts',(-2.64414675760644,-0.48581139483094,213.032851036644));
#2418=CARTESIAN_POINT('Ctrl Pts',(-2.61411259461727,-0.47309584852498,216.366685152413));
#2419=CARTESIAN_POINT('Ctrl Pts',(-2.54868127667876,-0.447531469472001,
223.00001811828));
#2420=CARTESIAN_POINT('Ctrl Pts',(-2.51310580796402,-0.434820622792078,
226.299561796534));
#2421=CARTESIAN_POINT('Ctrl Pts',(-2.45201397083112,-0.412063920677051,
232.932886471114));
#2422=CARTESIAN_POINT('Ctrl Pts',(-2.42639204413294,-0.402129450184538,
236.266659024058));
#2423=CARTESIAN_POINT('Ctrl Pts',(-2.36981232589846,-0.381939379977336,
242.933325690794));
#2424=CARTESIAN_POINT('Ctrl Pts',(-2.33898990200563,-0.37190476598062,246.266319681004));
#2425=CARTESIAN_POINT('Ctrl Pts',(-2.28695583084133,-0.353952522068163,
252.932986492089));
#2426=CARTESIAN_POINT('Ctrl Pts',(-2.26571501397106,-0.346138760193268,
256.266662177822));
#2427=CARTESIAN_POINT('Ctrl Pts',(-2.21827897575379,-0.330214770707761,
262.933328844512));
#2428=CARTESIAN_POINT('Ctrl Pts',(-2.19449340704286,-0.32256888340042,266.266663065739));
#2429=CARTESIAN_POINT('Ctrl Pts',(-2.14683073454309,-0.307742606071216,
272.933329732421));
#2430=CARTESIAN_POINT('Ctrl Pts',(-2.12058268781288,-0.300306404253858,
276.266393612616));
#2431=CARTESIAN_POINT('Ctrl Pts',(-2.07765442261461,-0.287156585560016,
282.899732466948));
#2432=CARTESIAN_POINT('Ctrl Pts',(-2.06076918758517,-0.281462952941397,
286.199987670909));
#2433=CARTESIAN_POINT('Ctrl Pts',(-2.02251289515362,-0.26982515977458,292.833320754101));
#2434=CARTESIAN_POINT('Ctrl Pts',(-2.45468463626019,-0.322121299791761,
297.305425356183));
#2435=CARTESIAN_POINT('Ctrl Pts',(-1.63648708476535,-0.21198825860385,301.122260154463));
#2436=CARTESIAN_POINT('Ctrl Pts',(-1.04213624367545,-0.133650168526204,
302.122260154463));
#2437=CARTESIAN_POINT('Ctrl Pts',(-0.201191107539364,-0.0237835711407765,
302.5));
#2438=CARTESIAN_POINT('Ctrl Pts',(2.82841623896618,-18.2215013110703,-20.));
#2439=CARTESIAN_POINT('Ctrl Pts',(3.30975429509481,-19.3986028570399,-13.1347645096192));
#2440=CARTESIAN_POINT('Ctrl Pts',(3.30975429509481,-19.3986028570399,-6.46809784295251));
#2441=CARTESIAN_POINT('Ctrl Pts',(2.04511038611942,-16.3059442122429,10.5258639591469));
#2442=CARTESIAN_POINT('Ctrl Pts',(-2.47814834677127,-4.41756878973497,19.6000891915024));
#2443=CARTESIAN_POINT('Ctrl Pts',(-3.61762691505039,-2.71708717955073,33.2606882418407));
#2444=CARTESIAN_POINT('Ctrl Pts',(-3.69893625946839,-3.07364743320178,36.575210175591));
#2445=CARTESIAN_POINT('Ctrl Pts',(-3.92154053752306,-2.94212299789378,43.2087816499818));
#2446=CARTESIAN_POINT('Ctrl Pts',(-3.97430674315306,-2.82884988919834,46.5634047141992));
#2447=CARTESIAN_POINT('Ctrl Pts',(-4.05502360433514,-2.62974338665162,53.2300840994936));
#2448=CARTESIAN_POINT('Ctrl Pts',(-4.05931734329556,-2.51583522407565,56.5672041060926));
#2449=CARTESIAN_POINT('Ctrl Pts',(-4.0466430462206,-2.30510408107631,63.2338711195924));
#2450=CARTESIAN_POINT('Ctrl Pts',(-4.00971830914082,-2.19499602863728,66.5636986808843));
#2451=CARTESIAN_POINT('Ctrl Pts',(-3.94362989344262,-1.99919340113958,73.2303758807719));
#2452=CARTESIAN_POINT('Ctrl Pts',(-3.90155175387932,-1.90871736843158,76.5651998613498));
#2453=CARTESIAN_POINT('Ctrl Pts',(-3.80808370920211,-1.7373769819302,83.2318691053019));
#2454=CARTESIAN_POINT('Ctrl Pts',(-3.75089408473351,-1.65714146331834,86.5639800741166));
#2455=CARTESIAN_POINT('Ctrl Pts',(-3.64228456069001,-1.50963167350477,93.1973752902027));
#2456=CARTESIAN_POINT('Ctrl Pts',(-3.5851243983573,-1.4423584984702,96.4974266069655));
#2457=CARTESIAN_POINT('Ctrl Pts',(-3.47258131309941,-1.31726492191281,103.130715895684));
#2458=CARTESIAN_POINT('Ctrl Pts',(-3.41357292237846,-1.2605001612915,106.463752779355));
#2459=CARTESIAN_POINT('Ctrl Pts',(-3.30377889688209,-1.15549270082447,113.130429599414));
#2460=CARTESIAN_POINT('Ctrl Pts',(-3.2521190018521,-1.10921012783959,116.465193765167));
#2461=CARTESIAN_POINT('Ctrl Pts',(-3.14730707902697,-1.0208373732377,123.131863030568));
#2462=CARTESIAN_POINT('Ctrl Pts',(-3.0951430856266,-0.980662992524674,126.465409445198));
#2463=CARTESIAN_POINT('Ctrl Pts',(-2.99327395324095,-0.90499377923313,133.132078005735));
#2464=CARTESIAN_POINT('Ctrl Pts',(-2.94113977768932,-0.869991213801933,
136.46473925854));
#2465=CARTESIAN_POINT('Ctrl Pts',(-2.84707161436062,-0.8060129025905,143.131410372804));
#2466=CARTESIAN_POINT('Ctrl Pts',(-2.80488732764677,-0.778011741131485,
146.465852363895));
#2467=CARTESIAN_POINT('Ctrl Pts',(-2.71949101310969,-0.723990584005418,
153.099202677074));
#2468=CARTESIAN_POINT('Ctrl Pts',(-2.67756981515081,-0.699009738740305,
156.399111865983));
#2469=CARTESIAN_POINT('Ctrl Pts',(-2.59769004825006,-0.652372434447328,
163.032428145977));
#2470=CARTESIAN_POINT('Ctrl Pts',(-2.55933755310156,-0.631163135420764,
166.365951789925));
#2471=CARTESIAN_POINT('Ctrl Pts',(-2.48551609783715,-0.590948061238523,
173.032619069325));
#2472=CARTESIAN_POINT('Ctrl Pts',(-2.45008165384505,-0.572514198945744,
176.366032481627));
#2473=CARTESIAN_POINT('Ctrl Pts',(-2.38263415407462,-0.537798313448337,
183.032699630556));
#2474=CARTESIAN_POINT('Ctrl Pts',(-2.35237013095,-0.522277205901734,186.366632863604));
#2475=CARTESIAN_POINT('Ctrl Pts',(-2.28777593395043,-0.491524567101339,
193.033299531642));
#2476=CARTESIAN_POINT('Ctrl Pts',(-2.25334667306393,-0.476561750670727,
196.366115646663));
#2477=CARTESIAN_POINT('Ctrl Pts',(-2.19180134569881,-0.449232670502293,
203.032782677437));
#2478=CARTESIAN_POINT('Ctrl Pts',(-2.16271550032232,-0.436692259798625,
206.366184090684));
#2479=CARTESIAN_POINT('Ctrl Pts',(-2.10815900812177,-0.413134158087948,
213.032851036644));
#2480=CARTESIAN_POINT('Ctrl Pts',(-2.08464829863331,-0.402741327660524,
216.366685152413));
#2481=CARTESIAN_POINT('Ctrl Pts',(-2.03340171211433,-0.38180201700618,223.00001811828));
#2482=CARTESIAN_POINT('Ctrl Pts',(-2.00552341385661,-0.371362565600354,
226.299561796534));
#2483=CARTESIAN_POINT('Ctrl Pts',(-1.95765811434133,-0.352688474138863,
232.932886471114));
#2484=CARTESIAN_POINT('Ctrl Pts',(-1.93758655256209,-0.344540787947059,
236.266659024058));
#2485=CARTESIAN_POINT('Ctrl Pts',(-1.89324143771995,-0.327942798319189,
242.933325690794));
#2486=CARTESIAN_POINT('Ctrl Pts',(-1.86907146342499,-0.319668689355415,
246.266319681004));
#2487=CARTESIAN_POINT('Ctrl Pts',(-1.8282777683181,-0.304887282022549,252.932986492089));
#2488=CARTESIAN_POINT('Ctrl Pts',(-1.81162970075396,-0.29846192151649,256.266662177822));
#2489=CARTESIAN_POINT('Ctrl Pts',(-1.77443145192594,-0.285331710233194,
262.933328844513));
#2490=CARTESIAN_POINT('Ctrl Pts',(-1.75577457274462,-0.279016971708968,
266.266663065739));
#2491=CARTESIAN_POINT('Ctrl Pts',(-1.71838096253664,-0.266756199473214,
272.933329732421));
#2492=CARTESIAN_POINT('Ctrl Pts',(-1.69777843458549,-0.260585531624197,
276.266393612616));
#2493=CARTESIAN_POINT('Ctrl Pts',(-1.6640930264186,-0.249699036837705,282.899732466948));
#2494=CARTESIAN_POINT('Ctrl Pts',(-1.65084810558946,-0.244996893209096,
286.199987670909));
#2495=CARTESIAN_POINT('Ctrl Pts',(-1.62082411498067,-0.235353920285119,
292.833320754101));
#2496=CARTESIAN_POINT('Ctrl Pts',(-1.96438152778078,-0.281109724648891,
297.305425356183));
#2497=CARTESIAN_POINT('Ctrl Pts',(-1.31460916124616,-0.185603323962163,
301.122260154463));
#2498=CARTESIAN_POINT('Ctrl Pts',(-0.842508819011084,-0.117554328240251,
302.122260154463));
#2499=CARTESIAN_POINT('Ctrl Pts',(-0.174479327534483,-0.0220491935792468,
302.5));
#2500=CARTESIAN_POINT('Ctrl Pts',(5.9483448796538,-17.5062844650367,-20.));
#2501=CARTESIAN_POINT('Ctrl Pts',(6.57634488709761,-18.7134174163543,-13.1347645096192));
#2502=CARTESIAN_POINT('Ctrl Pts',(6.57634488709761,-18.7134174163543,-6.46809784295252));
#2503=CARTESIAN_POINT('Ctrl Pts',(4.92636858844801,-15.5418557358056,10.5258639591469));
#2504=CARTESIAN_POINT('Ctrl Pts',(-1.22725342713323,-3.3124703663466,19.6000891915024));
#2505=CARTESIAN_POINT('Ctrl Pts',(-2.3827296842984,-1.6181266618624,33.2606882418407));
#2506=CARTESIAN_POINT('Ctrl Pts',(-2.33060175241427,-1.99234455436849,36.5752101755911));
#2507=CARTESIAN_POINT('Ctrl Pts',(-2.47288052926031,-1.90973622005735,43.2087816499819));
#2508=CARTESIAN_POINT('Ctrl Pts',(-2.50767426805535,-1.83824290570265,46.5634047141993));
#2509=CARTESIAN_POINT('Ctrl Pts',(-2.5613546092681,-1.71234960335608,53.2300840994937));
#2510=CARTESIAN_POINT('Ctrl Pts',(-2.56564467474116,-1.640170345256,56.5672041060927));
#2511=CARTESIAN_POINT('Ctrl Pts',(-2.56066792798816,-1.5064335541242,63.2338711195924));
#2512=CARTESIAN_POINT('Ctrl Pts',(-2.5389946645548,-1.43639858750431,66.5636986808843));
#2513=CARTESIAN_POINT('Ctrl Pts',(-2.50021406136751,-1.31176273732501,73.2303758807719));
#2514=CARTESIAN_POINT('Ctrl Pts',(-2.47503940082498,-1.25407111315014,76.5651998613498));
#2515=CARTESIAN_POINT('Ctrl Pts',(-2.41871915256656,-1.1447009761169,83.2318691053019));
#2516=CARTESIAN_POINT('Ctrl Pts',(-2.383916479378,-1.09338105408153,86.5639800741168));
#2517=CARTESIAN_POINT('Ctrl Pts',(-2.3177631397811,-0.998961710959776,93.197375290203));
#2518=CARTESIAN_POINT('Ctrl Pts',(-2.28280622342392,-0.955821964532518,
96.4974266069657));
#2519=CARTESIAN_POINT('Ctrl Pts',(-2.21388041113519,-0.875538089402941,
103.130715895684));
#2520=CARTESIAN_POINT('Ctrl Pts',(-2.17762166040981,-0.839031616693486,
106.463752779355));
#2521=CARTESIAN_POINT('Ctrl Pts',(-2.11014944215075,-0.771463591060163,
113.130429599414));
#2522=CARTESIAN_POINT('Ctrl Pts',(-2.07836132114187,-0.741632760403579,
116.465193765167));
#2523=CARTESIAN_POINT('Ctrl Pts',(-2.01378968291314,-0.684620866211682,
123.131863030568));
#2524=CARTESIAN_POINT('Ctrl Pts',(-1.98160120735058,-0.658654833947097,
126.465409445198));
#2525=CARTESIAN_POINT('Ctrl Pts',(-1.91870173549141,-0.609705386986613,
133.132078005735));
#2526=CARTESIAN_POINT('Ctrl Pts',(-1.88646006206106,-0.587014970500724,
136.46473925854));
#2527=CARTESIAN_POINT('Ctrl Pts',(-1.82829456724715,-0.545524223182709,
143.131410372804));
#2528=CARTESIAN_POINT('Ctrl Pts',(-1.80220086860662,-0.527337969403917,
146.465852363895));
#2529=CARTESIAN_POINT('Ctrl Pts',(-1.74933858894382,-0.492218297595755,
153.099202677074));
#2530=CARTESIAN_POINT('Ctrl Pts',(-1.72336643640689,-0.475949217349239,
156.399111865984));
#2531=CARTESIAN_POINT('Ctrl Pts',(-1.67386133922631,-0.445552694910093,
163.032428145977));
#2532=CARTESIAN_POINT('Ctrl Pts',(-1.65007513645374,-0.431704179360489,
166.365951789925));
#2533=CARTESIAN_POINT('Ctrl Pts',(-1.60428006345765,-0.405427383813074,
173.032619069325));
#2534=CARTESIAN_POINT('Ctrl Pts',(-1.58228497649095,-0.39336165409969,176.366032481627));
#2535=CARTESIAN_POINT('Ctrl Pts',(-1.54041082293081,-0.370623475693569,
183.032699630556));
#2536=CARTESIAN_POINT('Ctrl Pts',(-1.52161971090768,-0.360445592545159,
186.366632863604));
#2537=CARTESIAN_POINT('Ctrl Pts',(-1.4814765864095,-0.340247732458312,193.033299531642));
#2538=CARTESIAN_POINT('Ctrl Pts',(-1.4600586320241,-0.330397125425235,196.366115646663));
#2539=CARTESIAN_POINT('Ctrl Pts',(-1.42177681678973,-0.312399384326385,
203.032782677437));
#2540=CARTESIAN_POINT('Ctrl Pts',(-1.40367791280718,-0.304127063583314,
206.366184090684));
#2541=CARTESIAN_POINT('Ctrl Pts',(-1.36972776907262,-0.288579284873,213.032851036644));
#2542=CARTESIAN_POINT('Ctrl Pts',(-1.35509900599379,-0.281714984412882,
216.366685152414));
#2543=CARTESIAN_POINT('Ctrl Pts',(-1.3231856483448,-0.267859437789164,223.000018118281));
#2544=CARTESIAN_POINT('Ctrl Pts',(-1.30580970796945,-0.260934241863062,
226.299561796534));
#2545=CARTESIAN_POINT('Ctrl Pts',(-1.27598378679182,-0.248547679650045,
232.932886471114));
#2546=CARTESIAN_POINT('Ctrl Pts',(-1.26347941220392,-0.243140571577017,
236.266659024058));
#2547=CARTESIAN_POINT('Ctrl Pts',(-1.23583076877916,-0.232103924922299,
242.933325690795));
#2548=CARTESIAN_POINT('Ctrl Pts',(-1.22074851774282,-0.226587141031989,
246.266319681004));
#2549=CARTESIAN_POINT('Ctrl Pts',(-1.19530166734058,-0.216736506261293,
252.932986492089));
#2550=CARTESIAN_POINT('Ctrl Pts',(-1.18492046234132,-0.212454534426867,
256.266662177821));
#2551=CARTESIAN_POINT('Ctrl Pts',(-1.16170570639078,-0.203685154839601,
262.933328844512));
#2552=CARTESIAN_POINT('Ctrl Pts',(-1.15005731969906,-0.199460357738845,
266.26666306574));
#2553=CARTESIAN_POINT('Ctrl Pts',(-1.12670170775624,-0.191245990997304,
272.933329732422));
#2554=CARTESIAN_POINT('Ctrl Pts',(-1.11382356967698,-0.187099238499041,
276.266393612617));
#2555=CARTESIAN_POINT('Ctrl Pts',(-1.09277637694981,-0.17979155264655,282.899732466948));
#2556=CARTESIAN_POINT('Ctrl Pts',(-1.08450486420584,-0.176637674577316,
286.199987670909));
#2557=CARTESIAN_POINT('Ctrl Pts',(-1.06573920928644,-0.170153233364772,
292.833320754101));
#2558=CARTESIAN_POINT('Ctrl Pts',(-1.28726001892002,-0.203011602967049,
297.305425356183));
#2559=CARTESIAN_POINT('Ctrl Pts',(-0.869310681654883,-0.135127737263974,
301.122260154463));
#2560=CARTESIAN_POINT('Ctrl Pts',(-0.565496581262178,-0.0866649418908465,
302.122260154463));
#2561=CARTESIAN_POINT('Ctrl Pts',(-0.135508386466815,-0.0185918680286462,
302.5));
#2562=CARTESIAN_POINT('Ctrl Pts',(9.33586049807729,-15.9498053114311,-20.));
#2563=CARTESIAN_POINT('Ctrl Pts',(10.1053926504308,-17.1427750938397,-13.1347645096192));
#2564=CARTESIAN_POINT('Ctrl Pts',(10.1053926504308,-17.1427750938397,-6.46809784295252));
#2565=CARTESIAN_POINT('Ctrl Pts',(8.08356176287981,-14.0084250259291,10.5258639591469));
#2566=CARTESIAN_POINT('Ctrl Pts',(0.316692348965421,-1.87654726248305,19.6000891915025));
#2567=CARTESIAN_POINT('Ctrl Pts',(-0.801799757943414,-0.26247732702799,
33.2606882418407));
#2568=CARTESIAN_POINT('Ctrl Pts',(-0.595672789643326,-0.643727674419164,
36.575210175591));
#2569=CARTESIAN_POINT('Ctrl Pts',(-0.637359089582164,-0.623874422151824,
43.2087816499819));
#2570=CARTESIAN_POINT('Ctrl Pts',(-0.64992099462358,-0.605115124330849,
46.5634047141993));
#2571=CARTESIAN_POINT('Ctrl Pts',(-0.670190475703971,-0.571592065939944,
53.2300840994937));
#2572=CARTESIAN_POINT('Ctrl Pts',(-0.674799810389295,-0.551806862120538,
56.5672041060928));
#2573=CARTESIAN_POINT('Ctrl Pts',(-0.680052286891016,-0.514641142803986,
63.2338711195925));
#2574=CARTESIAN_POINT('Ctrl Pts',(-0.67781819765256,-0.494690433736673,
66.5636986808843));
#2575=CARTESIAN_POINT('Ctrl Pts',(-0.673819243729014,-0.459020591023199,
73.2303758807719));
#2576=CARTESIAN_POINT('Ctrl Pts',(-0.670086676712436,-0.442255119206806,
76.5651998613499));
#2577=CARTESIAN_POINT('Ctrl Pts',(-0.660806125933987,-0.410173805711635,
83.231869105302));
#2578=CARTESIAN_POINT('Ctrl Pts',(-0.654286339810762,-0.394845577207282,
86.5639800741168));
#2579=CARTESIAN_POINT('Ctrl Pts',(-0.641749768317842,-0.366502237349549,
93.1973752902029));
#2580=CARTESIAN_POINT('Ctrl Pts',(-0.634801583697108,-0.353363299707519,
96.4974266069656));
#2581=CARTESIAN_POINT('Ctrl Pts',(-0.620875498105268,-0.328755631822101,
103.130715895684));
#2582=CARTESIAN_POINT('Ctrl Pts',(-0.613277418449898,-0.317381549919636,
106.463752779355));
#2583=CARTESIAN_POINT('Ctrl Pts',(-0.599117978819448,-0.296266832440738,
113.130429599414));
#2584=CARTESIAN_POINT('Ctrl Pts',(-0.592350578821257,-0.286838073281715,
116.465193765167));
#2585=CARTESIAN_POINT('Ctrl Pts',(-0.578432173864302,-0.26868686945451,
123.131863030568));
#2586=CARTESIAN_POINT('Ctrl Pts',(-0.571376857464634,-0.260306944225202,
126.465409445198));
#2587=CARTESIAN_POINT('Ctrl Pts',(-0.557501278432303,-0.244415364715112,
133.132078005735));
#2588=CARTESIAN_POINT('Ctrl Pts',(-0.550274345604408,-0.236934006152861,
136.46473925854));
#2589=CARTESIAN_POINT('Ctrl Pts',(-0.537255913458156,-0.223236675356668,
143.131410372804));
#2590=CARTESIAN_POINT('Ctrl Pts',(-0.531392092630208,-0.217181579494728,
146.465852363895));
#2591=CARTESIAN_POINT('Ctrl Pts',(-0.51942800510566,-0.205404863027999,
153.099202677074));
#2592=CARTESIAN_POINT('Ctrl Pts',(-0.513500945770921,-0.19988517386379,
156.399111865984));
#2593=CARTESIAN_POINT('Ctrl Pts',(-0.502169119314324,-0.189523781675806,
163.032428145977));
#2594=CARTESIAN_POINT('Ctrl Pts',(-0.496685897730278,-0.184748398906544,
166.365951789925));
#2595=CARTESIAN_POINT('Ctrl Pts',(-0.486105509611478,-0.175650495241918,
173.032619069325));
#2596=CARTESIAN_POINT('Ctrl Pts',(-0.480994543013895,-0.171428215827414,
176.366032481627));
#2597=CARTESIAN_POINT('Ctrl Pts',(-0.471247910176775,-0.163442592681186,
183.032699630556));
#2598=CARTESIAN_POINT('Ctrl Pts',(-0.466869190397867,-0.159848727654726,
186.366632863604));
#2599=CARTESIAN_POINT('Ctrl Pts',(-0.457439256499353,-0.152633359429801,
193.033299531642));
#2600=CARTESIAN_POINT('Ctrl Pts',(-0.452362904605052,-0.149056228083645,
196.366115646664));
#2601=CARTESIAN_POINT('Ctrl Pts',(-0.443299603786762,-0.142521902096231,
203.032782677437));
#2602=CARTESIAN_POINT('Ctrl Pts',(-0.438999424137909,-0.139491341393907,
206.366184090684));
#2603=CARTESIAN_POINT('Ctrl Pts',(-0.430929330127941,-0.133784684332042,
213.032851036644));
#2604=CARTESIAN_POINT('Ctrl Pts',(-0.427455564697626,-0.131261272188178,
216.366685152414));
#2605=CARTESIAN_POINT('Ctrl Pts',(-0.419822318313954,-0.126101055491868,
223.00001811828));
#2606=CARTESIAN_POINT('Ctrl Pts',(-0.415635337807916,-0.123478602998076,
226.299561796534));
#2607=CARTESIAN_POINT('Ctrl Pts',(-0.408464184618086,-0.118804872028562,
232.932886471114));
#2608=CARTESIAN_POINT('Ctrl Pts',(-0.405463222675396,-0.116766539917224,
236.266659024058));
#2609=CARTESIAN_POINT('Ctrl Pts',(-0.398782967691769,-0.112548800045046,
242.933325690795));
#2610=CARTESIAN_POINT('Ctrl Pts',(-0.395113399445297,-0.110403253669895,
246.266319681004));
#2611=CARTESIAN_POINT('Ctrl Pts',(-0.388940316100251,-0.1065970376676,252.932986492089));
#2612=CARTESIAN_POINT('Ctrl Pts',(-0.386429777755184,-0.104950472870788,
256.266662177822));
#2613=CARTESIAN_POINT('Ctrl Pts',(-0.380777208966543,-0.101527193260673,
262.933328844513));
#2614=CARTESIAN_POINT('Ctrl Pts',(-0.377930963651013,-0.099861649822891,
266.266663065739));
#2615=CARTESIAN_POINT('Ctrl Pts',(-0.372206703490105,-0.0965985698912171,
272.933329732421));
#2616=CARTESIAN_POINT('Ctrl Pts',(-0.369030444397224,-0.0949203089199926,
276.266393612616));
#2617=CARTESIAN_POINT('Ctrl Pts',(-0.363857390996199,-0.0919938165011197,
282.899732466948));
#2618=CARTESIAN_POINT('Ctrl Pts',(-0.36183297192612,-0.0907438296165069,
286.199987670909));
#2619=CARTESIAN_POINT('Ctrl Pts',(-0.357209226274218,-0.0881294079245528,
292.833320754101));
#2620=CARTESIAN_POINT('Ctrl Pts',(-0.423889844475774,-0.10502687711719,
297.305425356183));
#2621=CARTESIAN_POINT('Ctrl Pts',(-0.299830968911624,-0.071254069245142,
301.122260154463));
#2622=CARTESIAN_POINT('Ctrl Pts',(-0.209395075044067,-0.0469872202877156,
302.122260154463));
#2623=CARTESIAN_POINT('Ctrl Pts',(-0.0812517341167397,-0.0128078980298468,
302.5));
#2624=CARTESIAN_POINT('Ctrl Pts',(12.2426833396676,-13.8321116369941,-20.));
#2625=CARTESIAN_POINT('Ctrl Pts',(13.1112332730302,-14.9679859718695,-13.1347645096192));
#2626=CARTESIAN_POINT('Ctrl Pts',(13.1112332730302,-14.9679859718695,-6.46809784295252));
#2627=CARTESIAN_POINT('Ctrl Pts',(10.8292479430059,-11.9836456715924,10.5258639591469));
#2628=CARTESIAN_POINT('Ctrl Pts',(1.8782060831323,-0.381909084272541,19.6000891915024));
#2629=CARTESIAN_POINT('Ctrl Pts',(0.858519724743928,1.08859193440906,33.2606882418407));
#2630=CARTESIAN_POINT('Ctrl Pts',(1.20764487540689,0.711741514877457,36.5752101755911));
#2631=CARTESIAN_POINT('Ctrl Pts',(1.26812140331445,0.665396128791998,43.2087816499819));
#2632=CARTESIAN_POINT('Ctrl Pts',(1.27750754303296,0.629685560029951,46.5634047141993));
#2633=CARTESIAN_POINT('Ctrl Pts',(1.29002937222138,0.567885873558584,53.2300840994937));
#2634=CARTESIAN_POINT('Ctrl Pts',(1.28425815993732,0.533956259311069,56.5672041060927));
#2635=CARTESIAN_POINT('Ctrl Pts',(1.26699293766819,0.47228512754234,63.2338711195925));
#2636=CARTESIAN_POINT('Ctrl Pts',(1.24850883078091,0.441233527015493,66.5636986808844));
#2637=CARTESIAN_POINT('Ctrl Pts',(1.21545545438004,0.386303630461294,73.230375880772));
#2638=CARTESIAN_POINT('Ctrl Pts',(1.19656783609306,0.361486825325933,76.5651998613498));
#2639=CARTESIAN_POINT('Ctrl Pts',(1.15642577276107,0.315156427431347,83.231869105302));
#2640=CARTESIAN_POINT('Ctrl Pts',(1.13339698920651,0.294083531110051,86.5639800741169));
#2641=CARTESIAN_POINT('Ctrl Pts',(1.08995534634935,0.255625706387353,93.197375290203));
#2642=CARTESIAN_POINT('Ctrl Pts',(1.06773449065242,0.238498072711522,96.4974266069657));
#2643=CARTESIAN_POINT('Ctrl Pts',(1.02443572502116,0.206988686047003,103.130715895684));
#2644=CARTESIAN_POINT('Ctrl Pts',(1.00227646277874,0.193098512845681,106.463752779355));
#2645=CARTESIAN_POINT('Ctrl Pts',(0.96109010287806,0.167519343084775,113.130429599414));
#2646=CARTESIAN_POINT('Ctrl Pts',(0.941906464738941,0.156466732497548,116.465193765167));
#2647=CARTESIAN_POINT('Ctrl Pts',(0.903327659131107,0.135659232083057,123.131863030568));
#2648=CARTESIAN_POINT('Ctrl Pts',(0.884362685985009,0.126446895803348,126.465409445199));
#2649=CARTESIAN_POINT('Ctrl Pts',(0.84750489218569,0.109299461936559,133.132078005735));
#2650=CARTESIAN_POINT('Ctrl Pts',(0.828871788452774,0.101623533274327,136.46473925854));
#2651=CARTESIAN_POINT('Ctrl Pts',(0.795213840048962,0.0876093317559871,
143.131410372804));
#2652=CARTESIAN_POINT('Ctrl Pts',(0.780168858150919,0.081576485583538,146.465852363896));
#2653=CARTESIAN_POINT('Ctrl Pts',(0.749881108263275,0.0701282460730567,
153.099202677074));
#2654=CARTESIAN_POINT('Ctrl Pts',(0.735111179710269,0.0649735150874888,
156.399111865984));
#2655=CARTESIAN_POINT('Ctrl Pts',(0.707035926677207,0.0554528535512255,
163.032428145977));
#2656=CARTESIAN_POINT('Ctrl Pts',(0.693633593128403,0.0512416002078996,
166.365951789925));
#2657=CARTESIAN_POINT('Ctrl Pts',(0.667883485039901,0.0433332858474362,
173.032619069325));
#2658=CARTESIAN_POINT('Ctrl Pts',(0.65558206906084,0.0398044420407301,176.366032481627));
#2659=CARTESIAN_POINT('Ctrl Pts',(0.632199325916259,0.0332167034511122,
183.032699630556));
#2660=CARTESIAN_POINT('Ctrl Pts',(0.621717439455225,0.030306680250526,186.366632863604));
#2661=CARTESIAN_POINT('Ctrl Pts',(0.599495168022168,0.0247387770176022,
193.033299531642));
#2662=CARTESIAN_POINT('Ctrl Pts',(0.587740200070064,0.0221654107467637,
196.366115646664));
#2663=CARTESIAN_POINT('Ctrl Pts',(0.566706599311028,0.0174477905252057,
203.032782677437));
#2664=CARTESIAN_POINT('Ctrl Pts',(0.556796379697657,0.0153402982446751,
206.366184090684));
#2665=CARTESIAN_POINT('Ctrl Pts',(0.538214670177215,0.0113991073033659,
213.032851036645));
#2666=CARTESIAN_POINT('Ctrl Pts',(0.530199859973647,0.00966118541200923,
216.366685152414));
#2667=CARTESIAN_POINT('Ctrl Pts',(0.51283822420952,0.00632025407219347,
223.000018118281));
#2668=CARTESIAN_POINT('Ctrl Pts',(0.503454427955166,0.0047569672822003,
226.299561796534));
#2669=CARTESIAN_POINT('Ctrl Pts',(0.487310891991213,0.00190840955700506,
232.932886471114));
#2670=CARTESIAN_POINT('Ctrl Pts',(0.480530130111009,0.000653202527167021,
236.266659024058));
#2671=CARTESIAN_POINT('Ctrl Pts',(0.465636942344644,-0.0017644320770504,
242.933325690795));
#2672=CARTESIAN_POINT('Ctrl Pts',(0.457569644281057,-0.00288074845531834,
246.266319681004));
#2673=CARTESIAN_POINT('Ctrl Pts',(0.443916939397354,-0.00494553806624672,
252.932986492089));
#2674=CARTESIAN_POINT('Ctrl Pts',(0.438329365641543,-0.0058692032214418,
256.266662177822));
#2675=CARTESIAN_POINT('Ctrl Pts',(0.425919911985924,-0.00763098369875723,
262.933328844513));
#2676=CARTESIAN_POINT('Ctrl Pts',(0.41971538894089,-0.00844079352382343,
266.26666306574));
#2677=CARTESIAN_POINT('Ctrl Pts',(0.407313065269305,-0.0099563912071767,
272.933329732422));
#2678=CARTESIAN_POINT('Ctrl Pts',(0.400518728006718,-0.0106443343948245,
276.266393612617));
#2679=CARTESIAN_POINT('Ctrl Pts',(0.389373505203708,-0.0119428116851377,
282.899732466949));
#2680=CARTESIAN_POINT('Ctrl Pts',(0.38497377973293,-0.0125412702164699,
286.19998767091));
#2681=CARTESIAN_POINT('Ctrl Pts',(0.375061027399327,-0.0136580748270298,
292.833320754101));
#2682=CARTESIAN_POINT('Ctrl Pts',(0.467585434890012,-0.0165592097733079,
297.305425356183));
#2683=CARTESIAN_POINT('Ctrl Pts',(0.289482291124267,-0.0132292940045229,
301.122260154463));
#2684=CARTESIAN_POINT('Ctrl Pts',(0.160532878706546,-0.0104858611523943,
302.122260154464));
#2685=CARTESIAN_POINT('Ctrl Pts',(-0.0216671934226095,-0.00641430157347761,
302.500000000001));
#2686=CARTESIAN_POINT('Ctrl Pts',(14.3955779237339,-11.521199429384,-20.));
#2687=CARTESIAN_POINT('Ctrl Pts',(15.3106945938483,-12.5800284398816,-13.1347645096192));
#2688=CARTESIAN_POINT('Ctrl Pts',(15.3106945938483,-12.5800284398816,-6.46809784295252));
#2689=CARTESIAN_POINT('Ctrl Pts',(12.9063621124939,-9.7981132313856,10.5258639591469));
#2690=CARTESIAN_POINT('Ctrl Pts',(3.313438889077,1.06746119360874,19.6000891915025));
#2691=CARTESIAN_POINT('Ctrl Pts',(2.4518445683478,2.37152746369545,33.2606882418407));
#2692=CARTESIAN_POINT('Ctrl Pts',(2.9218354788285,2.00645842452461,36.575210175591));
#2693=CARTESIAN_POINT('Ctrl Pts',(3.07970628896981,1.89735372110817,43.2087816499819));
#2694=CARTESIAN_POINT('Ctrl Pts',(3.1101252794817,1.80981301713808,46.5634047141993));
#2695=CARTESIAN_POINT('Ctrl Pts',(3.1540968420373,1.65728755474276,53.2300840994938));
#2696=CARTESIAN_POINT('Ctrl Pts',(3.14735571976624,1.57217184068765,56.5672041060928));
#2697=CARTESIAN_POINT('Ctrl Pts',(3.11889985468553,1.41628263798189,63.2338711195925));
#2698=CARTESIAN_POINT('Ctrl Pts',(3.08081970641356,1.33656479959018,66.5636986808844));
#2699=CARTESIAN_POINT('Ctrl Pts',(3.01271433356487,1.19518427033756,73.230375880772));
#2700=CARTESIAN_POINT('Ctrl Pts',(2.9723922050766,1.13067130567743,76.5651998613498));
#2701=CARTESIAN_POINT('Ctrl Pts',(2.88538651506438,1.00946366487247,83.2318691053019));
#2702=CARTESIAN_POINT('Ctrl Pts',(2.83431270299504,0.953608719797974,86.5639800741169));
#2703=CARTESIAN_POINT('Ctrl Pts',(2.73773393711625,0.851316003601647,93.197375290203));
#2704=CARTESIAN_POINT('Ctrl Pts',(2.68781218750711,0.805253520091907,96.4974266069657));
#2705=CARTESIAN_POINT('Ctrl Pts',(2.59016041968093,0.720086614848034,103.130715895684));
#2706=CARTESIAN_POINT('Ctrl Pts',(2.53972708511424,0.682026703577751,106.463752779356));
#2707=CARTESIAN_POINT('Ctrl Pts',(2.44595183392295,0.611776331686358,113.130429599414));
#2708=CARTESIAN_POINT('Ctrl Pts',(2.40210539207975,0.581124588717219,116.465193765167));
#2709=CARTESIAN_POINT('Ctrl Pts',(2.3136299762134,0.523027034084186,123.131863030568));
#2710=CARTESIAN_POINT('Ctrl Pts',(2.26992926676474,0.496968838979401,126.465409445198));
#2711=CARTESIAN_POINT('Ctrl Pts',(2.18483970565959,0.448179053327706,133.132078005735));
#2712=CARTESIAN_POINT('Ctrl Pts',(2.14161775766211,0.425978757399485,136.46473925854));
#2713=CARTESIAN_POINT('Ctrl Pts',(2.06357782863669,0.38541299321304,143.131410372804));
#2714=CARTESIAN_POINT('Ctrl Pts',(2.02865042735765,0.367797023693192,146.465852363896));
#2715=CARTESIAN_POINT('Ctrl Pts',(1.95818275287523,0.334087802176221,153.099202677074));
#2716=CARTESIAN_POINT('Ctrl Pts',(1.92372907361443,0.318698148211963,156.399111865984));
#2717=CARTESIAN_POINT('Ctrl Pts',(1.85817500223445,0.290112093788785,163.032428145977));
#2718=CARTESIAN_POINT('Ctrl Pts',(1.82680995978544,0.277280478192404,166.365951789925));
#2719=CARTESIAN_POINT('Ctrl Pts',(1.7665040683191,0.253057925966332,173.032619069325));
#2720=CARTESIAN_POINT('Ctrl Pts',(1.73763995196126,0.242091204640578,176.366032481627));
#2721=CARTESIAN_POINT('Ctrl Pts',(1.68274408994437,0.221518474756094,183.032699630556));
#2722=CARTESIAN_POINT('Ctrl Pts',(1.65812622732744,0.212367319700811,186.366632863604));
#2723=CARTESIAN_POINT('Ctrl Pts',(1.60579398935299,0.194525893131951,193.033299531642));
#2724=CARTESIAN_POINT('Ctrl Pts',(1.5780269229286,0.186042882182008,196.366115646663));
#2725=CARTESIAN_POINT('Ctrl Pts',(1.5283614802262,0.170516761619342,203.032782677437));
#2726=CARTESIAN_POINT('Ctrl Pts',(1.5049322756476,0.163472827816369,206.366184090684));
#2727=CARTESIAN_POINT('Ctrl Pts',(1.46099548420197,0.150262914715938,213.032851036645));
#2728=CARTESIAN_POINT('Ctrl Pts',(1.44205100923131,0.144432299074176,216.366685152414));
#2729=CARTESIAN_POINT('Ctrl Pts',(1.40090995563213,0.132921236487745,223.000018118281));
#2730=CARTESIAN_POINT('Ctrl Pts',(1.37861494284956,0.127331958659045,226.299561796534));
#2731=CARTESIAN_POINT('Ctrl Pts',(1.34029007087931,0.11725176685484,232.932886471114));
#2732=CARTESIAN_POINT('Ctrl Pts',(1.32420310506268,0.112831824796122,236.266659024058));
#2733=CARTESIAN_POINT('Ctrl Pts',(1.28878496960791,0.104033582859308,242.933325690795));
#2734=CARTESIAN_POINT('Ctrl Pts',(1.26955105140975,0.0997778822320943,246.266319681004));
#2735=CARTESIAN_POINT('Ctrl Pts',(1.23703600890801,0.0920664909508445,252.932986492089));
#2736=CARTESIAN_POINT('Ctrl Pts',(1.22374391290715,0.0886727044205748,256.266662177822));
#2737=CARTESIAN_POINT('Ctrl Pts',(1.19415018234615,0.0819235598108727,262.933328844513));
#2738=CARTESIAN_POINT('Ctrl Pts',(1.1793346724693,0.0787318567627908,266.26666306574));
#2739=CARTESIAN_POINT('Ctrl Pts',(1.14968665303278,0.0726168474264356,272.933329732422));
#2740=CARTESIAN_POINT('Ctrl Pts',(1.13340625031927,0.0696492198748664,276.266393612617));
#2741=CARTESIAN_POINT('Ctrl Pts',(1.10673588411435,0.0642843715749905,282.899732466949));
#2742=CARTESIAN_POINT('Ctrl Pts',(1.09622432040628,0.0619089253669319,286.199987670909));
#2743=CARTESIAN_POINT('Ctrl Pts',(1.07248175603683,0.0572014513152912,292.833320754101));
#2744=CARTESIAN_POINT('Ctrl Pts',(1.31625100004526,0.0675985470017189,297.305425356183));
#2745=CARTESIAN_POINT('Ctrl Pts',(0.851058974874701,0.041926774024892,301.122260154463));
#2746=CARTESIAN_POINT('Ctrl Pts',(0.513673169963796,0.0241755043192947,
302.122260154464));
#2747=CARTESIAN_POINT('Ctrl Pts',(0.0366210126444155,-0.000415822897572637,
302.500000000001));
#2748=CARTESIAN_POINT('Ctrl Pts',(16.3845849940631,-8.55901313786729,-20.));
#2749=CARTESIAN_POINT('Ctrl Pts',(17.3083517421914,-9.51212096977916,-13.1347645096192));
#2750=CARTESIAN_POINT('Ctrl Pts',(17.3083517421914,-9.51212096977915,-6.46809784295252));
#2751=CARTESIAN_POINT('Ctrl Pts',(14.8812924717683,-7.00797238049339,10.5258639591469));
#2752=CARTESIAN_POINT('Ctrl Pts',(4.99707513248925,2.83905387432176,19.6000891915025));
#2753=CARTESIAN_POINT('Ctrl Pts',(4.39085404917515,3.92576035356568,33.2606882418408));
#2754=CARTESIAN_POINT('Ctrl Pts',(4.99183117675073,3.5793238662631,36.5752101755912));
#2755=CARTESIAN_POINT('Ctrl Pts',(5.26775048239034,3.39461472962281,43.208781649982));
#2756=CARTESIAN_POINT('Ctrl Pts',(5.32381475654119,3.24442352203208,46.5634047141993));
#2757=CARTESIAN_POINT('Ctrl Pts',(5.40618246125721,2.98220510882221,53.2300840994937));
#2758=CARTESIAN_POINT('Ctrl Pts',(5.39846900642616,2.8351334625452,56.5672041060927));
#2759=CARTESIAN_POINT('Ctrl Pts',(5.35684550844552,2.56516251659037,63.2338711195925));
#2760=CARTESIAN_POINT('Ctrl Pts',(5.29525261936031,2.42646540542464,66.5636986808843));
#2761=CARTESIAN_POINT('Ctrl Pts',(5.18508511344271,2.18031072040929,73.2303758807719));
#2762=CARTESIAN_POINT('Ctrl Pts',(5.11898959624329,2.06766635853325,76.5651998613499));
#2763=CARTESIAN_POINT('Ctrl Pts',(4.97558737282165,1.85564427733654,83.231869105302));
#2764=CARTESIAN_POINT('Ctrl Pts',(4.89072443188666,1.75757894802378,86.5639800741168));
#2765=CARTESIAN_POINT('Ctrl Pts',(4.73011619693764,1.57781062177604,93.1973752902029));
#2766=CARTESIAN_POINT('Ctrl Pts',(4.64679790034032,1.49661531349912,96.4974266069656));
#2767=CARTESIAN_POINT('Ctrl Pts',(4.48360511022131,1.34628492868212,103.130715895684));
#2768=CARTESIAN_POINT('Ctrl Pts',(4.39906302513028,1.27885695985628,106.463752779355));
#2769=CARTESIAN_POINT('Ctrl Pts',(4.24184478377307,1.15432584784221,113.130429599414));
#2770=CARTESIAN_POINT('Ctrl Pts',(4.16823950401623,1.09985199030119,116.465193765167));
#2771=CARTESIAN_POINT('Ctrl Pts',(4.01954844575506,0.996417699309365,123.131863030568));
#2772=CARTESIAN_POINT('Ctrl Pts',(3.94598993432904,0.949869496456954,126.465409445199));
#2773=CARTESIAN_POINT('Ctrl Pts',(3.80267638291248,0.862585192857248,133.132078005735));
#2774=CARTESIAN_POINT('Ctrl Pts',(3.72976528849178,0.822705349399915,136.46473925854));
#2775=CARTESIAN_POINT('Ctrl Pts',(3.59813816192502,0.749822032862229,143.131410372804));
#2776=CARTESIAN_POINT('Ctrl Pts',(3.53920294292361,0.718105129693421,146.465852363896));
#2777=CARTESIAN_POINT('Ctrl Pts',(3.42021419629553,0.65728832327049,153.099202677074));
#2778=CARTESIAN_POINT('Ctrl Pts',(3.36198784379066,0.629430477498637,156.399111865984));
#2779=CARTESIAN_POINT('Ctrl Pts',(3.2511676890492,0.577615662209611,163.032428145978));
#2780=CARTESIAN_POINT('Ctrl Pts',(3.19810560748293,0.554277088014861,166.365951789925));
#2781=CARTESIAN_POINT('Ctrl Pts',(3.09605883726851,0.510167603118043,173.032619069325));
#2782=CARTESIAN_POINT('Ctrl Pts',(3.04718662899292,0.490130883974854,176.366032481627));
#2783=CARTESIAN_POINT('Ctrl Pts',(2.95422146054532,0.452502870910197,183.032699630556));
#2784=CARTESIAN_POINT('Ctrl Pts',(2.91252631496803,0.435739961727503,186.366632863605));
#2785=CARTESIAN_POINT('Ctrl Pts',(2.82381564594363,0.402920757703905,193.033299531642));
#2786=CARTESIAN_POINT('Ctrl Pts',(2.77670085850467,0.387220144603301,196.366115646663));
#2787=CARTESIAN_POINT('Ctrl Pts',(2.69243950480674,0.358495753271474,203.032782677437));
#2788=CARTESIAN_POINT('Ctrl Pts',(2.65267455681926,0.345422162368946,206.366184090684));
#2789=CARTESIAN_POINT('Ctrl Pts',(2.57809966768021,0.320890958560227,213.032851036644));
#2790=CARTESIAN_POINT('Ctrl Pts',(2.54594832240694,0.310062247544618,216.366685152414));
#2791=CARTESIAN_POINT('Ctrl Pts',(2.47607108479844,0.288566227089919,223.000018118281));
#2792=CARTESIAN_POINT('Ctrl Pts',(2.438172203518,0.278052128851126,226.299561796534));
#2793=CARTESIAN_POINT('Ctrl Pts',(2.37304078910241,0.259129572868281,232.932886471114));
#2794=CARTESIAN_POINT('Ctrl Pts',(2.34570734044621,0.250841462205595,236.266659024058));
#2795=CARTESIAN_POINT('Ctrl Pts',(2.2854831615309,0.234237796503663,242.933325690795));
#2796=CARTESIAN_POINT('Ctrl Pts',(2.25275245085656,0.226137665541748,246.266319681004));
#2797=CARTESIAN_POINT('Ctrl Pts',(2.19743983158883,0.211516105389852,252.932986492089));
#2798=CARTESIAN_POINT('Ctrl Pts',(2.17483616381072,0.205101460214638,256.266662177822));
#2799=CARTESIAN_POINT('Ctrl Pts',(2.12447228888596,0.192246936066095,262.933328844513));
#2800=CARTESIAN_POINT('Ctrl Pts',(2.09924853434929,0.186137874104671,266.266663065739));
#2801=CARTESIAN_POINT('Ctrl Pts',(2.04875479763832,0.174387233530877,272.933329732422));
#2802=CARTESIAN_POINT('Ctrl Pts',(2.02100738691307,0.16862286891131,276.266393612617));
#2803=CARTESIAN_POINT('Ctrl Pts',(1.97557060668763,0.15827450495675,282.899732466948));
#2804=CARTESIAN_POINT('Ctrl Pts',(1.95767159249807,0.153723754382082,286.199987670909));
#2805=CARTESIAN_POINT('Ctrl Pts',(1.91721160635149,0.144615337790043,292.833320754101));
#2806=CARTESIAN_POINT('Ctrl Pts',(2.34388067743428,0.171495855020113,297.305425356183));
#2807=CARTESIAN_POINT('Ctrl Pts',(1.53152395287226,0.109952134703287,301.122260154464));
#2808=CARTESIAN_POINT('Ctrl Pts',(0.942083022207598,0.06684108080446,302.122260154464));
#2809=CARTESIAN_POINT('Ctrl Pts',(0.108475194237266,0.00677675307954888,
302.500000000001));
#2810=CARTESIAN_POINT('Ctrl Pts',(17.5636136655962,-5.68584673286824,-20.));
#2811=CARTESIAN_POINT('Ctrl Pts',(18.4421223715059,-6.53184825455459,-13.1347645096192));
#2812=CARTESIAN_POINT('Ctrl Pts',(18.4421223715059,-6.53184825455458,-6.46809784295252));
#2813=CARTESIAN_POINT('Ctrl Pts',(16.1339718528324,-4.30910551114967,10.5258639591469));
#2814=CARTESIAN_POINT('Ctrl Pts',(6.52049039245768,4.50202935919135,19.6000891915025));
#2815=CARTESIAN_POINT('Ctrl Pts',(6.22443607444354,5.37378035259818,33.2606882418407));
#2816=CARTESIAN_POINT('Ctrl Pts',(6.93078812309409,5.04708986345891,36.5752101755911));
#2817=CARTESIAN_POINT('Ctrl Pts',(7.31697103457162,4.79140640101983,43.2087816499819));
#2818=CARTESIAN_POINT('Ctrl Pts',(7.39692221438828,4.58258358994345,46.5634047141993));
#2819=CARTESIAN_POINT('Ctrl Pts',(7.51503992758144,4.2177165480302,53.2300840994937));
#2820=CARTESIAN_POINT('Ctrl Pts',(7.50633516732652,4.01272257826598,56.5672041060927));
#2821=CARTESIAN_POINT('Ctrl Pts',(7.45225708383939,3.63611879034363,63.2338711195925));
#2822=CARTESIAN_POINT('Ctrl Pts',(7.36861099175691,3.44233201285903,66.5636986808845));
#2823=CARTESIAN_POINT('Ctrl Pts',(7.21899628817372,3.0983086320209,73.230375880772));
#2824=CARTESIAN_POINT('Ctrl Pts',(7.12875102350333,2.94071784740214,76.5651998613498));
#2825=CARTESIAN_POINT('Ctrl Pts',(6.93252523049676,2.64390624240914,83.2318691053019));
#2826=CARTESIAN_POINT('Ctrl Pts',(6.81603015491012,2.50644656771356,86.5639800741168));
#2827=CARTESIAN_POINT('Ctrl Pts',(6.59548432059978,2.25437296105301,93.1973752902029));
#2828=CARTESIAN_POINT('Ctrl Pts',(6.48091120036475,2.14039728246346,96.4974266069656));
#2829=CARTESIAN_POINT('Ctrl Pts',(6.25638592337461,1.92927289202113,103.130715895684));
#2830=CARTESIAN_POINT('Ctrl Pts',(6.13993162890901,1.83445466712542,106.463752779356));
#2831=CARTESIAN_POINT('Ctrl Pts',(5.92335692402898,1.65929723432535,113.130429599414));
#2832=CARTESIAN_POINT('Ctrl Pts',(5.82191224889001,1.5826075320508,116.465193765167));
#2833=CARTESIAN_POINT('Ctrl Pts',(5.61689311122716,1.43690025829788,123.131863030568));
#2834=CARTESIAN_POINT('Ctrl Pts',(5.51540723400606,1.37125125057727,126.465409445198));
#2835=CARTESIAN_POINT('Ctrl Pts',(5.31763605958773,1.24808557706066,133.132078005735));
#2836=CARTESIAN_POINT('Ctrl Pts',(5.2169589364165,1.19173166429452,136.46473925854));
#2837=CARTESIAN_POINT('Ctrl Pts',(5.03521544060125,1.08873127614949,143.131410372804));
#2838=CARTESIAN_POINT('Ctrl Pts',(4.95382809531655,1.04387359807041,146.465852363896));
#2839=CARTESIAN_POINT('Ctrl Pts',(4.78946398754673,0.957799375594407,153.099202677074));
#2840=CARTESIAN_POINT('Ctrl Pts',(4.70900726672068,0.918326538239399,156.399111865984));
#2841=CARTESIAN_POINT('Ctrl Pts',(4.55585835319137,0.844873607367778,163.032428145977));
#2842=CARTESIAN_POINT('Ctrl Pts',(4.48250796238021,0.811749315149134,166.365951789926));
#2843=CARTESIAN_POINT('Ctrl Pts',(4.34143077439369,0.749118573183964,173.032619069325));
#2844=CARTESIAN_POINT('Ctrl Pts',(4.27385027695503,0.720635995406273,176.366032481627));
#2845=CARTESIAN_POINT('Ctrl Pts',(4.14528911654858,0.667126474996919,183.032699630556));
#2846=CARTESIAN_POINT('Ctrl Pts',(4.08762628317114,0.643275104506287,186.366632863605));
#2847=CARTESIAN_POINT('Ctrl Pts',(3.96490201645818,0.596513171049607,193.033299531642));
#2848=CARTESIAN_POINT('Ctrl Pts',(3.89969799227162,0.574097109969145,196.366115646663));
#2849=CARTESIAN_POINT('Ctrl Pts',(3.78309068474328,0.533090048152108,203.032782677437));
#2850=CARTESIAN_POINT('Ctrl Pts',(3.72805258085281,0.514405551305987,206.366184090684));
#2851=CARTESIAN_POINT('Ctrl Pts',(3.62483243316856,0.479338633388276,213.032851036644));
#2852=CARTESIAN_POINT('Ctrl Pts',(3.58033313851494,0.463857391045195,216.366685152413));
#2853=CARTESIAN_POINT('Ctrl Pts',(3.48358931149535,0.43307125697457,223.00001811828));
#2854=CARTESIAN_POINT('Ctrl Pts',(3.43110217808277,0.41797764897583,226.299561796534));
#2855=CARTESIAN_POINT('Ctrl Pts',(3.3409085615822,0.390829499402596,232.932886471114));
#2856=CARTESIAN_POINT('Ctrl Pts',(3.30306028214596,0.378941526559479,236.266659024058));
#2857=CARTESIAN_POINT('Ctrl Pts',(3.21964437504108,0.355077875352559,242.933325690795));
#2858=CARTESIAN_POINT('Ctrl Pts',(3.17429550392798,0.343404251029385,246.266319681004));
#2859=CARTESIAN_POINT('Ctrl Pts',(3.09766897310003,0.322355950893875,252.932986492089));
#2860=CARTESIAN_POINT('Ctrl Pts',(3.06635951674544,0.313130028872217,256.266662177822));
#2861=CARTESIAN_POINT('Ctrl Pts',(2.9965771825359,0.294597415695984,262.933328844513));
#2862=CARTESIAN_POINT('Ctrl Pts',(2.96162261742189,0.285775893158674,266.26666306574));
#2863=CARTESIAN_POINT('Ctrl Pts',(2.89163995688082,0.268786444375153,272.933329732422));
#2864=CARTESIAN_POINT('Ctrl Pts',(2.85317206740056,0.260424229331947,276.266393612617));
#2865=CARTESIAN_POINT('Ctrl Pts',(2.7901902001156,0.245442991528506,282.899732466949));
#2866=CARTESIAN_POINT('Ctrl Pts',(2.76538428374855,0.238868065251416,286.199987670909));
#2867=CARTESIAN_POINT('Ctrl Pts',(2.7092946799098,0.225667786444875,292.8333207541));
#2868=CARTESIAN_POINT('Ctrl Pts',(3.30715722231841,0.267794308117444,297.305425356183));
#2869=CARTESIAN_POINT('Ctrl Pts',(2.16988687335,0.173039042548218,301.122260154464));
#2870=CARTESIAN_POINT('Ctrl Pts',(1.34454148974251,0.10645329017579,302.122260154464));
#2871=CARTESIAN_POINT('Ctrl Pts',(0.177222015624898,0.0135553890534406,
302.5));
#2872=CARTESIAN_POINT('Ctrl Pts',(18.1689540417468,-2.89971836371398,-20.));
#2873=CARTESIAN_POINT('Ctrl Pts',(18.9566266727166,-3.64523404187238,-13.1347645096192));
#2874=CARTESIAN_POINT('Ctrl Pts',(18.9566266727166,-3.64523404187237,-6.46809784295252));
#2875=CARTESIAN_POINT('Ctrl Pts',(16.8871343848341,-1.68650285611981,10.5258639591469));
#2876=CARTESIAN_POINT('Ctrl Pts',(8.00798210466585,6.15708067319135,19.6000891915024));
#2877=CARTESIAN_POINT('Ctrl Pts',(8.08364457778554,6.82150248532808,33.2606882418407));
#2878=CARTESIAN_POINT('Ctrl Pts',(8.88107777442002,6.51189260952993,36.5752101755911));
#2879=CARTESIAN_POINT('Ctrl Pts',(9.37757696560521,6.18457749677177,43.2087816499819));
#2880=CARTESIAN_POINT('Ctrl Pts',(9.48126416281803,5.91686566604536,46.5634047141993));
#2881=CARTESIAN_POINT('Ctrl Pts',(9.63485569002331,5.44892245105611,53.2300840994937));
#2882=CARTESIAN_POINT('Ctrl Pts',(9.62494394169757,5.18585409691,56.5672041060927));
#2883=CARTESIAN_POINT('Ctrl Pts',(9.55798820583309,4.70238071689052,63.2338711195924));
#2884=CARTESIAN_POINT('Ctrl Pts',(9.45202782185957,4.45344737020208,66.5636986808843));
#2885=CARTESIAN_POINT('Ctrl Pts',(9.26250344246475,4.01145360415077,73.2303758807719));
#2886=CARTESIAN_POINT('Ctrl Pts',(9.14788042891579,3.80889415879032,76.5651998613499));
#2887=CARTESIAN_POINT('Ctrl Pts',(8.8983825972924,3.42728082606888,83.231869105302));
#2888=CARTESIAN_POINT('Ctrl Pts',(8.75002869992441,3.25045026055497,86.5639800741167));
#2889=CARTESIAN_POINT('Ctrl Pts',(8.46912524479979,2.92612121947891,93.1973752902029));
#2890=CARTESIAN_POINT('Ctrl Pts',(8.32309673733166,2.77940411411298,96.4974266069656));
#2891=CARTESIAN_POINT('Ctrl Pts',(8.03685874155311,2.50757135758069,103.130715895684));
#2892=CARTESIAN_POINT('Ctrl Pts',(7.88831021985243,2.38541874172113,106.463752779356));
#2893=CARTESIAN_POINT('Ctrl Pts',(7.61204220712492,2.1597390204426,113.130429599414));
#2894=CARTESIAN_POINT('Ctrl Pts',(7.48260616277748,2.06088592561858,116.465193765167));
#2895=CARTESIAN_POINT('Ctrl Pts',(7.22096127879371,1.87301907418467,123.131863030568));
#2896=CARTESIAN_POINT('Ctrl Pts',(7.09140744539708,1.78833034585509,126.465409445198));
#2897=CARTESIAN_POINT('Ctrl Pts',(6.8389096812402,1.62940583028011,133.132078005735));
#2898=CARTESIAN_POINT('Ctrl Pts',(6.71033614776698,1.55664520064018,136.46473925854));
#2899=CARTESIAN_POINT('Ctrl Pts',(6.47823997047884,1.42364754023043,143.131410372804));
#2900=CARTESIAN_POINT('Ctrl Pts',(6.37429620972663,1.36570327121926,146.465852363896));
#2901=CARTESIAN_POINT('Ctrl Pts',(6.16435065352927,1.25448472006764,153.099202677074));
#2902=CARTESIAN_POINT('Ctrl Pts',(6.06156547241632,1.20345420333062,156.399111865984));
#2903=CARTESIAN_POINT('Ctrl Pts',(5.86590287564904,1.10847332295238,163.032428145977));
#2904=CARTESIAN_POINT('Ctrl Pts',(5.77217776710433,1.06561754772221,166.365951789925));
#2905=CARTESIAN_POINT('Ctrl Pts',(5.59190513690492,0.984570454076437,173.032619069325));
#2906=CARTESIAN_POINT('Ctrl Pts',(5.50553890213564,0.947693316230052,176.366032481627));
#2907=CARTESIAN_POINT('Ctrl Pts',(5.34123517249401,0.878400142342937,183.032699630556));
#2908=CARTESIAN_POINT('Ctrl Pts',(5.26753918193518,0.847504009214793,186.366632863604));
#2909=CARTESIAN_POINT('Ctrl Pts',(5.11066581367958,0.786895892366064,193.033299531642));
#2910=CARTESIAN_POINT('Ctrl Pts',(5.02730292726337,0.757817771844357,196.366115646663));
#2911=CARTESIAN_POINT('Ctrl Pts',(4.87822441005079,0.704622198152672,203.032782677437));
#2912=CARTESIAN_POINT('Ctrl Pts',(4.80785475335305,0.680371592156238,206.366184090684));
#2913=CARTESIAN_POINT('Ctrl Pts',(4.67587987081428,0.63485267662416,213.032851036645));
#2914=CARTESIAN_POINT('Ctrl Pts',(4.61898517736749,0.614754375990321,216.366685152413));
#2915=CARTESIAN_POINT('Ctrl Pts',(4.49527427455383,0.574757920468015,223.00001811828));
#2916=CARTESIAN_POINT('Ctrl Pts',(4.42814589650092,0.555129531449926,226.299561796534));
#2917=CARTESIAN_POINT('Ctrl Pts',(4.31279797890384,0.519831103428863,232.932886471114));
#2918=CARTESIAN_POINT('Ctrl Pts',(4.26439583187499,0.504374136636663,236.266659024058));
#2919=CARTESIAN_POINT('Ctrl Pts',(4.15770428930107,0.473320800193285,242.933325690795));
#2920=CARTESIAN_POINT('Ctrl Pts',(4.09969284836574,0.458113095876796,246.266319681004));
#2921=CARTESIAN_POINT('Ctrl Pts',(4.00167622668705,0.430703003282661,252.932986492089));
#2922=CARTESIAN_POINT('Ctrl Pts',(3.96162933822977,0.418691488955875,256.266662177822));
#2923=CARTESIAN_POINT('Ctrl Pts',(3.87235983210186,0.394540088845005,262.933328844513));
#2924=CARTESIAN_POINT('Ctrl Pts',(3.82764047313544,0.383036188343272,266.266663065739));
#2925=CARTESIAN_POINT('Ctrl Pts',(3.73810146325655,0.360868664573074,272.933329732421));
#2926=CARTESIAN_POINT('Ctrl Pts',(3.68887691280056,0.349942913444989,276.266393612617));
#2927=CARTESIAN_POINT('Ctrl Pts',(3.60828960813583,0.330383360153938,282.899732466948));
#2928=CARTESIAN_POINT('Ctrl Pts',(3.57655244852362,0.321804844428646,286.199987670909));
#2929=CARTESIAN_POINT('Ctrl Pts',(3.50477965520863,0.304561043320021,292.8333207541));
#2930=CARTESIAN_POINT('Ctrl Pts',(4.27442085027667,0.361411070176721,297.305425356183));
#2931=CARTESIAN_POINT('Ctrl Pts',(2.81112736054951,0.234438151385633,301.122260154463));
#2932=CARTESIAN_POINT('Ctrl Pts',(1.74907186748621,0.145099056737338,302.122260154463));
#2933=CARTESIAN_POINT('Ctrl Pts',(0.246901009273765,0.0203878630632671,
302.5));
#2934=CARTESIAN_POINT('Ctrl Pts',(18.3725727153752,-0.896798867857092,-20.));
#2935=CARTESIAN_POINT('Ctrl Pts',(19.0720759826891,-1.573679621215,-13.1347645096192));
#2936=CARTESIAN_POINT('Ctrl Pts',(19.0720759826891,-1.573679621215,-6.46809784295252));
#2937=CARTESIAN_POINT('Ctrl Pts',(17.2342355396711,0.20472354250241,10.5258639591469));
#2938=CARTESIAN_POINT('Ctrl Pts',(9.10955407072153,7.39163133280145,19.6000891915025));
#2939=CARTESIAN_POINT('Ctrl Pts',(9.49124696482941,7.90893511725866,33.2606882418407));
#2940=CARTESIAN_POINT('Ctrl Pts',(10.3507972050388,7.60971578097729,36.5752101755911));
#2941=CARTESIAN_POINT('Ctrl Pts',(10.9301218228856,7.22830955656262,43.2087816499819));
#2942=CARTESIAN_POINT('Ctrl Pts',(11.0515450443469,6.91625982806781,46.5634047141993));
#2943=CARTESIAN_POINT('Ctrl Pts',(11.2316134324338,6.3707214346889,53.2300840994937));
#2944=CARTESIAN_POINT('Ctrl Pts',(11.2206800755226,6.06397631046914,56.5672041060928));
#2945=CARTESIAN_POINT('Ctrl Pts',(11.1438296039722,5.50014871142328,63.2338711195925));
#2946=CARTESIAN_POINT('Ctrl Pts',(11.0209788665568,5.2097816423656,66.5636986808844));
#2947=CARTESIAN_POINT('Ctrl Pts',(10.8012467955844,4.69417950656159,73.230375880772));
#2948=CARTESIAN_POINT('Ctrl Pts',(10.668201354386,4.4578453975373,76.5651998613499));
#2949=CARTESIAN_POINT('Ctrl Pts',(10.3784719322459,4.01255415080748,83.231869105302));
#2950=CARTESIAN_POINT('Ctrl Pts',(10.2060801765904,3.80617369313881,86.5639800741168));
#2951=CARTESIAN_POINT('Ctrl Pts',(9.8796407288561,3.42761693389777,93.1973752902029));
#2952=CARTESIAN_POINT('Ctrl Pts',(9.70989074548098,3.25633537409908,96.4974266069657));
#2953=CARTESIAN_POINT('Ctrl Pts',(9.37712024033551,2.93896244703184,103.130715895684));
#2954=CARTESIAN_POINT('Ctrl Pts',(9.20438040798129,2.79631343574532,106.463752779356));
#2955=CARTESIAN_POINT('Ctrl Pts',(8.8831186489401,2.53275091013185,113.130429599414));
#2956=CARTESIAN_POINT('Ctrl Pts',(8.73258712901976,2.41728272048742,116.465193765167));
#2957=CARTESIAN_POINT('Ctrl Pts',(8.42827201471428,2.19781700099021,123.131863030568));
#2958=CARTESIAN_POINT('Ctrl Pts',(8.27757128085338,2.09886277341268,126.465409445198));
#2959=CARTESIAN_POINT('Ctrl Pts',(7.98384425079503,1.91314995813022,133.132078005735));
#2960=CARTESIAN_POINT('Ctrl Pts',(7.83425805890639,1.8281039135797,136.46473925854));
#2961=CARTESIAN_POINT('Ctrl Pts',(7.56423353464772,1.67264295386008,143.131410372804));
#2962=CARTESIAN_POINT('Ctrl Pts',(7.44329975782508,1.60490004531881,146.465852363896));
#2963=CARTESIAN_POINT('Ctrl Pts',(7.19902381089862,1.47485900743834,153.099202677075));
#2964=CARTESIAN_POINT('Ctrl Pts',(7.07942310900689,1.4151793940251,156.399111865984));
#2965=CARTESIAN_POINT('Ctrl Pts',(6.85174451524574,1.30409010420378,163.032428145977));
#2966=CARTESIAN_POINT('Ctrl Pts',(6.74267688782698,1.25395499180323,166.365951789925));
#2967=CARTESIAN_POINT('Ctrl Pts',(6.53289003548407,1.15913340610077,173.032619069325));
#2968=CARTESIAN_POINT('Ctrl Pts',(6.43237898677555,1.11597940197952,176.366032481627));
#2969=CARTESIAN_POINT('Ctrl Pts',(6.24116311122082,1.03488517946798,183.032699630556));
#2970=CARTESIAN_POINT('Ctrl Pts',(6.15539513014709,0.998722030298588,186.366632863604));
#2971=CARTESIAN_POINT('Ctrl Pts',(5.97281192937782,0.927767060306036,193.033299531642));
#2972=CARTESIAN_POINT('Ctrl Pts',(5.87577920148654,0.893714009551469,196.366115646663));
#2973=CARTESIAN_POINT('Ctrl Pts',(5.70225610035114,0.831415157947694,203.032782677437));
#2974=CARTESIAN_POINT('Ctrl Pts',(5.62034512532502,0.80300839596909,206.366184090684));
#2975=CARTESIAN_POINT('Ctrl Pts',(5.46672418775914,0.749685039889847,213.032851036645));
#2976=CARTESIAN_POINT('Ctrl Pts',(5.4004982435521,0.726138623496151,216.366685152414));
#2977=CARTESIAN_POINT('Ctrl Pts',(5.25648825156195,0.679268184089118,223.000018118281));
#2978=CARTESIAN_POINT('Ctrl Pts',(5.17833983736412,0.656258058595722,226.299561796534));
#2979=CARTESIAN_POINT('Ctrl Pts',(5.0440583118564,0.614879423974697,232.932886471114));
#2980=CARTESIAN_POINT('Ctrl Pts',(4.98771199445263,0.596759047078816,236.266659024058));
#2981=CARTESIAN_POINT('Ctrl Pts',(4.86350168010419,0.560344348359719,242.933325690795));
#2982=CARTESIAN_POINT('Ctrl Pts',(4.79596033794199,0.5425037276941,246.266319681004));
#2983=CARTESIAN_POINT('Ctrl Pts',(4.68184467452521,0.510351275088079,252.932986492089));
#2984=CARTESIAN_POINT('Ctrl Pts',(4.635221278219,0.496262020117617,256.266662177822));
#2985=CARTESIAN_POINT('Ctrl Pts',(4.53128535285836,0.467923374473946,262.933328844513));
#2986=CARTESIAN_POINT('Ctrl Pts',(4.47921710296664,0.454421440566556,266.266663065739));
#2987=CARTESIAN_POINT('Ctrl Pts',(4.37496059629448,0.428398350567903,272.933329732422));
#2988=CARTESIAN_POINT('Ctrl Pts',(4.31764151461143,0.415565977090226,276.266393612617));
#2989=CARTESIAN_POINT('Ctrl Pts',(4.22380512486875,0.392598113186272,282.899732466949));
#2990=CARTESIAN_POINT('Ctrl Pts',(4.18685141970751,0.382526494775333,286.199987670909));
#2991=CARTESIAN_POINT('Ctrl Pts',(4.10327625765712,0.362272822797509,292.833320754101));
#2992=CARTESIAN_POINT('Ctrl Pts',(5.00211049512961,0.429832687021431,297.305425356183));
#2993=CARTESIAN_POINT('Ctrl Pts',(3.29360659095951,0.279315869797384,301.122260154464));
#2994=CARTESIAN_POINT('Ctrl Pts',(2.05351703934357,0.173363263759975,302.122260154464));
#2995=CARTESIAN_POINT('Ctrl Pts',(0.299499259291995,0.0254318540800614,
302.500000000001));
#2996=CARTESIAN_POINT('Ctrl Pts',(18.3603361596962,1.60976901982029,-20.));
#2997=CARTESIAN_POINT('Ctrl Pts',(18.9197156412551,1.01245079936886,-13.1347645096192));
#2998=CARTESIAN_POINT('Ctrl Pts',(18.9197156412551,1.01245079936886,-6.46809784295252));
#2999=CARTESIAN_POINT('Ctrl Pts',(17.4500295336389,2.58181528155735,10.5258639591469));
#3000=CARTESIAN_POINT('Ctrl Pts',(10.5614841142926,9.01570193600569,19.6000891915024));
#3001=CARTESIAN_POINT('Ctrl Pts',(11.3808218486062,9.35168534098363,33.2606882418407));
#3002=CARTESIAN_POINT('Ctrl Pts',(12.3157662772554,9.06190641308886,36.5752101755911));
#3003=CARTESIAN_POINT('Ctrl Pts',(13.0050380453738,8.60789805438528,43.2087816499819));
#3004=CARTESIAN_POINT('Ctrl Pts',(13.1497825543029,8.23667338586501,46.5634047141993));
#3005=CARTESIAN_POINT('Ctrl Pts',(13.3645872831809,7.5876045206177,53.2300840994937));
#3006=CARTESIAN_POINT('Ctrl Pts',(13.3519958179041,7.22269097437843,56.5672041060929));
#3007=CARTESIAN_POINT('Ctrl Pts',(13.261418689889,6.55190217294501,63.2338711195926));
#3008=CARTESIAN_POINT('Ctrl Pts',(13.1157888578406,6.20646090846595,66.5636986808844));
#3009=CARTESIAN_POINT('Ctrl Pts',(12.8553203906225,5.59301930876678,73.230375880772));
#3010=CARTESIAN_POINT('Ctrl Pts',(12.6975071632132,5.31182301516592,76.5651998613501));
#3011=CARTESIAN_POINT('Ctrl Pts',(12.3537575313363,4.78198679670382,83.2318691053022));
#3012=CARTESIAN_POINT('Ctrl Pts',(12.1491472521379,4.5364091766263,86.5639800741167));
#3013=CARTESIAN_POINT('Ctrl Pts',(11.7616866369734,4.08593055089361,93.1973752902028));
#3014=CARTESIAN_POINT('Ctrl Pts',(11.5601733934685,3.88209023079946,96.4974266069657));
#3015=CARTESIAN_POINT('Ctrl Pts',(11.1651134777107,3.50437378285578,103.130715895684));
#3016=CARTESIAN_POINT('Ctrl Pts',(10.9600122749897,3.33458774146855,106.463752779356));
#3017=CARTESIAN_POINT('Ctrl Pts',(10.5785627578524,3.02087081512381,113.130429599414));
#3018=CARTESIAN_POINT('Ctrl Pts',(10.3998197650318,2.88341459334776,116.465193765167));
#3019=CARTESIAN_POINT('Ctrl Pts',(10.0384544920378,2.6221489387666,123.131863030568));
#3020=CARTESIAN_POINT('Ctrl Pts',(9.8594898193232,2.50433665122264,126.465409445198));
#3021=CARTESIAN_POINT('Ctrl Pts',(9.51066473154784,2.28322181863483,133.132078005735));
#3022=CARTESIAN_POINT('Ctrl Pts',(9.33300693200069,2.18195428092109,136.46473925854));
#3023=CARTESIAN_POINT('Ctrl Pts',(9.012310513857,1.99682991598098,143.131410372804));
#3024=CARTESIAN_POINT('Ctrl Pts',(8.86868002840295,1.91615074456683,146.465852363896));
#3025=CARTESIAN_POINT('Ctrl Pts',(8.57854934077965,1.76127157549309,153.099202677074));
#3026=CARTESIAN_POINT('Ctrl Pts',(8.43649222684807,1.69018572259571,156.399111865984));
#3027=CARTESIAN_POINT('Ctrl Pts',(8.16606011254317,1.55785782896788,163.032428145977));
#3028=CARTESIAN_POINT('Ctrl Pts',(8.03650740968503,1.49813104339938,166.365951789925));
#3029=CARTESIAN_POINT('Ctrl Pts',(7.78731524937933,1.38516274181022,173.032619069325));
#3030=CARTESIAN_POINT('Ctrl Pts',(7.66792127432591,1.33374427439192,176.366032481627));
#3031=CARTESIAN_POINT('Ctrl Pts',(7.44077943664731,1.23711438623829,183.032699630556));
#3032=CARTESIAN_POINT('Ctrl Pts',(7.33889631786909,1.19401787045038,186.366632863604));
#3033=CARTESIAN_POINT('Ctrl Pts',(7.12199857711805,1.10945612803577,193.033299531642));
#3034=CARTESIAN_POINT('Ctrl Pts',(7.0067245431674,1.06886962587795,196.366115646664));
#3035=CARTESIAN_POINT('Ctrl Pts',(6.80058070934927,0.994611919213525,203.032782677438));
#3036=CARTESIAN_POINT('Ctrl Pts',(6.70326910264278,0.96074791676915,206.366184090684));
#3037=CARTESIAN_POINT('Ctrl Pts',(6.52076381851858,0.897176823385927,213.032851036644));
#3038=CARTESIAN_POINT('Ctrl Pts',(6.44208574970367,0.869101286985903,216.366685152413));
#3039=CARTESIAN_POINT('Ctrl Pts',(6.27099191247245,0.813213388914484,223.000018118281));
#3040=CARTESIAN_POINT('Ctrl Pts',(6.17814256087182,0.785774072153469,226.299561796535));
#3041=CARTESIAN_POINT('Ctrl Pts',(6.01860140568804,0.736426058148616,232.932886471115));
#3042=CARTESIAN_POINT('Ctrl Pts',(5.95165588187953,0.714812403145334,236.266659024059));
#3043=CARTESIAN_POINT('Ctrl Pts',(5.80407537702814,0.671376258609386,242.933325690795));
#3044=CARTESIAN_POINT('Ctrl Pts',(5.72382304091554,0.650093802917002,246.266319681004));
#3045=CARTESIAN_POINT('Ctrl Pts',(5.58823244497068,0.611734793759503,252.932986492089));
#3046=CARTESIAN_POINT('Ctrl Pts',(5.53283551691003,0.594923098208126,256.266662177822));
#3047=CARTESIAN_POINT('Ctrl Pts',(5.4093366463681,0.561107594226265,262.933328844513));
#3048=CARTESIAN_POINT('Ctrl Pts',(5.3474667097028,0.544994671578962,266.266663065739));
#3049=CARTESIAN_POINT('Ctrl Pts',(5.22358157868305,0.513936919163353,272.933329732421));
#3050=CARTESIAN_POINT('Ctrl Pts',(5.15546837443938,0.498620443094648,276.266393612617));
#3051=CARTESIAN_POINT('Ctrl Pts',(5.04396225773153,0.471203679255124,282.899732466949));
#3052=CARTESIAN_POINT('Ctrl Pts',(5.00005044548315,0.459179128377044,286.199987670909));
#3053=CARTESIAN_POINT('Ctrl Pts',(4.90073521258985,0.43499743468693,292.8333207541));
#3054=CARTESIAN_POINT('Ctrl Pts',(5.97167181814343,0.5159117338564,297.305425356183));
#3055=CARTESIAN_POINT('Ctrl Pts',(3.9364863276075,0.335760056612356,301.122260154464));
#3056=CARTESIAN_POINT('Ctrl Pts',(2.45921513554598,0.208931650780458,302.122260154464));
#3057=CARTESIAN_POINT('Ctrl Pts',(0.36968276697967,0.0318442751017875,302.5));
#3058=CARTESIAN_POINT('Ctrl Pts',(17.9193532006724,4.36349119655782,-20.));
#3059=CARTESIAN_POINT('Ctrl Pts',(18.2694632102393,3.83972610116498,-13.1347645096192));
#3060=CARTESIAN_POINT('Ctrl Pts',(18.2694632102393,3.83972610116496,-6.46809784295252));
#3061=CARTESIAN_POINT('Ctrl Pts',(17.34960140951,5.21584072411817,10.5258639591469));
#3062=CARTESIAN_POINT('Ctrl Pts',(12.3562855846932,10.9751577516384,19.6000891915026));
#3063=CARTESIAN_POINT('Ctrl Pts',(13.7647240861856,11.1151761381859,33.2606882418407));
#3064=CARTESIAN_POINT('Ctrl Pts',(14.7815969136272,10.8267883533441,36.575210175591));
#3065=CARTESIAN_POINT('Ctrl Pts',(15.605928866536,10.2806110200489,43.2087816499818));
#3066=CARTESIAN_POINT('Ctrl Pts',(15.7784946455525,9.83551323130162,46.5634047141993));
#3067=CARTESIAN_POINT('Ctrl Pts',(16.0344467469495,9.05731260381663,53.2300840994936));
#3068=CARTESIAN_POINT('Ctrl Pts',(16.0186983908131,8.62024579804375,56.5672041060924));
#3069=CARTESIAN_POINT('Ctrl Pts',(15.9090657719765,7.81698128521361,63.2338711195921));
#3070=CARTESIAN_POINT('Ctrl Pts',(15.7341280782222,7.40362451983713,66.5636986808842));
#3071=CARTESIAN_POINT('Ctrl Pts',(15.4212594975509,6.66953589368072,73.2303758807718));
#3072=CARTESIAN_POINT('Ctrl Pts',(15.2318632682683,6.33313425187854,76.5651998613497));
#3073=CARTESIAN_POINT('Ctrl Pts',(14.8194802479701,5.69939920182717,83.2318691053019));
#3074=CARTESIAN_POINT('Ctrl Pts',(14.5741480788717,5.4057866340597,86.5639800741168));
#3075=CARTESIAN_POINT('Ctrl Pts',(14.1096046175294,4.86720580985278,93.197375290203));
#3076=CARTESIAN_POINT('Ctrl Pts',(13.8680596547969,4.62355994397694,96.4974266069656));
#3077=CARTESIAN_POINT('Ctrl Pts',(13.3945615602119,4.17213342896995,103.130715895684));
#3078=CARTESIAN_POINT('Ctrl Pts',(13.1487887331508,3.96928124106692,106.463752779355));
#3079=CARTESIAN_POINT('Ctrl Pts',(12.6917012972626,3.59445893476253,113.130429599413));
#3080=CARTESIAN_POINT('Ctrl Pts',(12.4775335740546,3.43024809548075,116.465193765166));
#3081=CARTESIAN_POINT('Ctrl Pts',(12.0445815644194,3.11818551047701,123.131863030567));
#3082=CARTESIAN_POINT('Ctrl Pts',(11.830186109102,2.97750376103558,126.465409445198));
#3083=CARTESIAN_POINT('Ctrl Pts',(11.4123174170322,2.71349478832212,133.132078005735));
#3084=CARTESIAN_POINT('Ctrl Pts',(11.1995172233475,2.59262604363942,136.46473925854));
#3085=CARTESIAN_POINT('Ctrl Pts',(10.8153780721479,2.37164556178923,143.131410372804));
#3086=CARTESIAN_POINT('Ctrl Pts',(10.6433371318937,2.27534078373016,146.465852363895));
#3087=CARTESIAN_POINT('Ctrl Pts',(10.2958325590298,2.09050274428342,153.099202677074));
#3088=CARTESIAN_POINT('Ctrl Pts',(10.1256920299833,2.00568546719501,156.399111865984));
#3089=CARTESIAN_POINT('Ctrl Pts',(9.80180237877292,1.8478071714599,163.032428145977));
#3090=CARTESIAN_POINT('Ctrl Pts',(9.64664682835968,1.77656363762916,166.365951789926));
#3091=CARTESIAN_POINT('Ctrl Pts',(9.34821041645282,1.64181879052031,173.032619069325));
#3092=CARTESIAN_POINT('Ctrl Pts',(9.20522681154249,1.58050042012737,176.366032481627));
#3093=CARTESIAN_POINT('Ctrl Pts',(8.93320768111441,1.46526867086362,183.032699630556));
#3094=CARTESIAN_POINT('Ctrl Pts',(8.8111947629336,1.41387195488219,186.366632863604));
#3095=CARTESIAN_POINT('Ctrl Pts',(8.55145578886935,1.31307170008493,193.033299531642));
#3096=CARTESIAN_POINT('Ctrl Pts',(8.4134209570624,1.26472135335608,196.366115646663));
#3097=CARTESIAN_POINT('Ctrl Pts',(8.16656889195568,1.17623825042164,203.032782677437));
#3098=CARTESIAN_POINT('Ctrl Pts',(8.05004195548665,1.13589243207944,206.366184090684));
#3099=CARTESIAN_POINT('Ctrl Pts',(7.83149743541733,1.06014899641649,213.032851036645));
#3100=CARTESIAN_POINT('Ctrl Pts',(7.73728057117109,1.02668785244854,216.366685152414));
#3101=CARTESIAN_POINT('Ctrl Pts',(7.53240503927038,0.960120441875461,223.000018118281));
#3102=CARTESIAN_POINT('Ctrl Pts',(7.42122799688909,0.927461927849672,226.299561796534));
#3103=CARTESIAN_POINT('Ctrl Pts',(7.23018869798011,0.868700675625893,232.932886471114));
#3104=CARTESIAN_POINT('Ctrl Pts',(7.15002332608019,0.842951957634289,236.266659024057));
#3105=CARTESIAN_POINT('Ctrl Pts',(6.97330728063543,0.791243343615502,242.933325690793));
#3106=CARTESIAN_POINT('Ctrl Pts',(6.87721531883685,0.765929489768484,246.266319681003));
#3107=CARTESIAN_POINT('Ctrl Pts',(6.71485651894581,0.720273558526784,252.932986492089));
#3108=CARTESIAN_POINT('Ctrl Pts',(6.64851990274318,0.70024898983728,256.266662177821));
#3109=CARTESIAN_POINT('Ctrl Pts',(6.50063932371254,0.660006075119386,262.933328844512));
#3110=CARTESIAN_POINT('Ctrl Pts',(6.42655584307456,0.640837982688255,266.266663065739));
#3111=CARTESIAN_POINT('Ctrl Pts',(6.27821578745787,0.603902837515164,272.933329732421));
#3112=CARTESIAN_POINT('Ctrl Pts',(6.19665977372443,0.585707387670472,276.266393612616));
#3113=CARTESIAN_POINT('Ctrl Pts',(6.06314075311333,0.553103228658009,282.899732466948));
#3114=CARTESIAN_POINT('Ctrl Pts',(6.01055667788575,0.538786538810193,286.199987670909));
#3115=CARTESIAN_POINT('Ctrl Pts',(5.89163305801998,0.510027475405541,292.833320754101));
#3116=CARTESIAN_POINT('Ctrl Pts',(7.17642084080472,0.604238022070141,297.305425356183));
#3117=CARTESIAN_POINT('Ctrl Pts',(4.73522775756422,0.393524983014281,301.122260154464));
#3118=CARTESIAN_POINT('Ctrl Pts',(2.96319345112503,0.245302959291357,302.122260154464));
#3119=CARTESIAN_POINT('Ctrl Pts',(0.456699288698745,0.0384177702588115,
302.5));
#3120=CARTESIAN_POINT('Ctrl Pts',(17.0543767989348,6.93503344286306,-20.));
#3121=CARTESIAN_POINT('Ctrl Pts',(17.1318443843485,6.45532593394508,-13.1347645096192));
#3122=CARTESIAN_POINT('Ctrl Pts',(17.1318443843485,6.45532593394508,-6.46809784295252));
#3123=CARTESIAN_POINT('Ctrl Pts',(16.9283098647131,7.71568582346263,10.5258639591469));
#3124=CARTESIAN_POINT('Ctrl Pts',(14.4428492407704,13.1190205027253,19.6000891915025));
#3125=CARTESIAN_POINT('Ctrl Pts',(16.5679593676869,13.0785057388141,33.2606882418408));
#3126=CARTESIAN_POINT('Ctrl Pts',(17.6678424725241,12.7741136978418,36.5752101755911));
#3127=CARTESIAN_POINT('Ctrl Pts',(18.6442996045205,12.1178828450457,43.2087816499819));
#3128=CARTESIAN_POINT('Ctrl Pts',(18.8464432835719,11.5871038099979,46.5634047141993));
#3129=CARTESIAN_POINT('Ctrl Pts',(19.145500448115,10.659374254413,53.2300840994937));
#3130=CARTESIAN_POINT('Ctrl Pts',(19.1238126320312,10.1395808604248,56.5672041060926));
#3131=CARTESIAN_POINT('Ctrl Pts',(18.9880470031895,9.18485077438347,63.2338711195923));
#3132=CARTESIAN_POINT('Ctrl Pts',(18.7772750390414,8.69446060811622,66.5636986808842));
#3133=CARTESIAN_POINT('Ctrl Pts',(18.4003619906941,7.82354188494393,73.2303758807718));
#3134=CARTESIAN_POINT('Ctrl Pts',(18.1729263244072,7.42477187667002,76.56519986135));
#3135=CARTESIAN_POINT('Ctrl Pts',(17.6783940677154,6.67394911749722,83.2318691053021));
#3136=CARTESIAN_POINT('Ctrl Pts',(17.3847571658619,6.32648961718822,86.5639800741167));
#3137=CARTESIAN_POINT('Ctrl Pts',(16.8288675088709,5.68922421450827,93.1973752902028));
#3138=CARTESIAN_POINT('Ctrl Pts',(16.5400740796609,5.40115760928366,96.4974266069656));
#3139=CARTESIAN_POINT('Ctrl Pts',(15.9741344819354,4.86761221158038,103.130715895684));
#3140=CARTESIAN_POINT('Ctrl Pts',(15.6805941731215,4.62809636064006,106.463752779355));
#3141=CARTESIAN_POINT('Ctrl Pts',(15.1346849142887,4.18553677770734,113.130429599414));
#3142=CARTESIAN_POINT('Ctrl Pts',(14.8789775498727,3.99174174016488,116.465193765167));
#3143=CARTESIAN_POINT('Ctrl Pts',(14.36218637375,3.6236473968412,123.131863030567));
#3144=CARTESIAN_POINT('Ctrl Pts',(14.1063687352601,3.45784150604515,126.465409445198));
#3145=CARTESIAN_POINT('Ctrl Pts',(13.607834557554,3.14679207886099,133.132078005735));
#3146=CARTESIAN_POINT('Ctrl Pts',(13.3540480047767,3.0045416894928,136.46473925854));
#3147=CARTESIAN_POINT('Ctrl Pts',(12.8959009765942,2.74442230208541,143.131410372804));
#3148=CARTESIAN_POINT('Ctrl Pts',(12.6907322049972,2.63108620986947,146.465852363895));
#3149=CARTESIAN_POINT('Ctrl Pts',(12.276378281764,2.41368627851704,153.099202677074));
#3150=CARTESIAN_POINT('Ctrl Pts',(12.0735461508334,2.31400152124215,156.399111865984));
#3151=CARTESIAN_POINT('Ctrl Pts',(11.6874459882009,2.12849738013666,163.032428145977));
#3152=CARTESIAN_POINT('Ctrl Pts',(11.5025185251138,2.04484971552019,166.365951789925));
#3153=CARTESIAN_POINT('Ctrl Pts',(11.1468311418513,1.88667711163656,173.032619069325));
#3154=CARTESIAN_POINT('Ctrl Pts',(10.9764394565936,1.81474659215423,176.366032481627));
#3155=CARTESIAN_POINT('Ctrl Pts',(10.6522862023826,1.67959247936146,183.032699630556));
#3156=CARTESIAN_POINT('Ctrl Pts',(10.5068898447441,1.61931006847144,186.366632863604));
#3157=CARTESIAN_POINT('Ctrl Pts',(10.1974307115607,1.50123531115177,193.033299531642));
#3158=CARTESIAN_POINT('Ctrl Pts',(10.0330080515663,1.44469799207762,196.366115646663));
#3159=CARTESIAN_POINT('Ctrl Pts',(9.73894991721065,1.34118314481928,203.032782677437));
#3160=CARTESIAN_POINT('Ctrl Pts',(9.6001479796655,1.29400943860347,206.366184090684));
#3161=CARTESIAN_POINT('Ctrl Pts',(9.33982521170553,1.20544256388144,213.032851036645));
#3162=CARTESIAN_POINT('Ctrl Pts',(9.22759073865558,1.16629516137204,216.366685152414));
#3163=CARTESIAN_POINT('Ctrl Pts',(8.98357742560095,1.0885459199009,223.00001811828));
#3164=CARTESIAN_POINT('Ctrl Pts',(8.85118522608042,1.05048028324321,226.299561796534));
#3165=CARTESIAN_POINT('Ctrl Pts',(8.62367122865063,0.981917954264961,232.932886471114));
#3166=CARTESIAN_POINT('Ctrl Pts',(8.52819147528315,0.951844549972749,236.266659024058));
#3167=CARTESIAN_POINT('Ctrl Pts',(8.31775058698863,0.891569057679474,242.933325690794));
#3168=CARTESIAN_POINT('Ctrl Pts',(8.20333891785035,0.862132252475087,246.266319681004));
#3169=CARTESIAN_POINT('Ctrl Pts',(8.01000527137917,0.808953874558856,252.932986492089));
#3170=CARTESIAN_POINT('Ctrl Pts',(7.93100244210398,0.785590586533798,256.266662177822));
#3171=CARTESIAN_POINT('Ctrl Pts',(7.75491562158158,0.738747358872773,262.933328844512));
#3172=CARTESIAN_POINT('Ctrl Pts',(7.66670804175048,0.716461707315802,266.266663065739));
#3173=CARTESIAN_POINT('Ctrl Pts',(7.49009529872786,0.6735595321439,272.933329732421));
#3174=CARTESIAN_POINT('Ctrl Pts',(7.39300911870912,0.652487471760979,276.266393612616));
#3175=CARTESIAN_POINT('Ctrl Pts',(7.23404402667127,0.614630655549545,282.899732466948));
#3176=CARTESIAN_POINT('Ctrl Pts',(7.17142723491973,0.597959843441486,286.199987670909));
#3177=CARTESIAN_POINT('Ctrl Pts',(7.02983852763735,0.564571916653162,292.8333207541));
#3178=CARTESIAN_POINT('Ctrl Pts',(8.56051026330508,0.667308455555187,297.305425356182));
#3179=CARTESIAN_POINT('Ctrl Pts',(5.6523025558394,0.434317221603794,301.122260154463));
#3180=CARTESIAN_POINT('Ctrl Pts',(3.54124222555134,0.270830721383622,302.122260154463));
#3181=CARTESIAN_POINT('Ctrl Pts',(0.555190122841474,0.0428854271853277,
302.5));
#3182=CARTESIAN_POINT('Ctrl Pts',(16.1672066544437,8.75155621845845,-20.));
#3183=CARTESIAN_POINT('Ctrl Pts',(15.9794574792599,8.27319827332779,-13.1347645096192));
#3184=CARTESIAN_POINT('Ctrl Pts',(15.9794574792599,8.27319827332779,-6.46809784295252));
#3185=CARTESIAN_POINT('Ctrl Pts',(16.4727404179102,9.53001238539918,10.5258639591469));
#3186=CARTESIAN_POINT('Ctrl Pts',(16.4396477271419,15.0133573389483,19.6000891915024));
#3187=CARTESIAN_POINT('Ctrl Pts',(19.2450754920112,14.8478933479674,33.2606882418407));
#3188=CARTESIAN_POINT('Ctrl Pts',(20.4183750710179,14.5111348837397,36.575210175591));
#3189=CARTESIAN_POINT('Ctrl Pts',(21.5338689721894,13.7478951362805,43.2087816499818));
#3190=CARTESIAN_POINT('Ctrl Pts',(21.761198954214,13.1362381933974,46.5634047141993));
#3191=CARTESIAN_POINT('Ctrl Pts',(22.0962412054771,12.0676143610394,53.2300840994937));
#3192=CARTESIAN_POINT('Ctrl Pts',(22.0666156911519,11.4706924026817,56.5672041060927));
#3193=CARTESIAN_POINT('Ctrl Pts',(21.9020436319436,10.3751789690672,63.2338711195925));
#3194=CARTESIAN_POINT('Ctrl Pts',(21.6555424581017,9.81381390773531,66.5636986808844));
#3195=CARTESIAN_POINT('Ctrl Pts',(21.2147941718197,8.8168461233624,73.2303758807719));
#3196=CARTESIAN_POINT('Ctrl Pts',(20.9499883820426,8.36087128507115,76.5651998613496));
#3197=CARTESIAN_POINT('Ctrl Pts',(20.3752578232423,7.50295686089348,83.2318691053017));
#3198=CARTESIAN_POINT('Ctrl Pts',(20.034895363088,7.10654299959115,86.5639800741167));
#3199=CARTESIAN_POINT('Ctrl Pts',(19.3907351702756,6.37964273251889,93.1973752902029));
#3200=CARTESIAN_POINT('Ctrl Pts',(19.0564744960511,6.05140296365941,96.4974266069657));
#3201=CARTESIAN_POINT('Ctrl Pts',(18.4017156867186,5.44373573166332,103.130715895684));
#3202=CARTESIAN_POINT('Ctrl Pts',(18.0624453827075,5.17131038337482,106.463752779355));
#3203=CARTESIAN_POINT('Ctrl Pts',(17.4315151532648,4.66796837195242,113.130429599414));
#3204=CARTESIAN_POINT('Ctrl Pts',(17.1361056836709,4.44770614541475,116.465193765167));
#3205=CARTESIAN_POINT('Ctrl Pts',(16.5392897251373,4.02962907513457,123.131863030568));
#3206=CARTESIAN_POINT('Ctrl Pts',(16.2440079157421,3.84152022897363,126.465409445198));
#3207=CARTESIAN_POINT('Ctrl Pts',(15.6686754176281,3.48880118348546,133.132078005735));
#3208=CARTESIAN_POINT('Ctrl Pts',(15.3759397729892,3.32773264250673,136.46473925854));
#3209=CARTESIAN_POINT('Ctrl Pts',(14.8474481410639,3.03314070071851,143.131410372804));
#3210=CARTESIAN_POINT('Ctrl Pts',(14.61080522831,2.90483164164407,146.465852363895));
#3211=CARTESIAN_POINT('Ctrl Pts',(14.1329909778297,2.65890414868096,153.099202677074));
#3212=CARTESIAN_POINT('Ctrl Pts',(13.8991549292073,2.54625586856113,156.399111865983));
#3213=CARTESIAN_POINT('Ctrl Pts',(13.4540750306032,2.33670591400019,163.032428145977));
#3214=CARTESIAN_POINT('Ctrl Pts',(13.2409452669748,2.24231417340973,166.365951789926));
#3215=CARTESIAN_POINT('Ctrl Pts',(12.8310375402698,2.06387881607498,173.032619069325));
#3216=CARTESIAN_POINT('Ctrl Pts',(12.6347060058715,1.98281210704214,176.366032481627));
#3217=CARTESIAN_POINT('Ctrl Pts',(12.2612190598372,1.83052653242314,183.032699630556));
#3218=CARTESIAN_POINT('Ctrl Pts',(12.0936967607305,1.76260795241113,186.366632863604));
#3219=CARTESIAN_POINT('Ctrl Pts',(11.7372380092426,1.62980738364983,193.033299531642));
#3220=CARTESIAN_POINT('Ctrl Pts',(11.5478996626981,1.56637045607606,196.366115646663));
#3221=CARTESIAN_POINT('Ctrl Pts',(11.2092580052336,1.45015410134468,203.032782677437));
#3222=CARTESIAN_POINT('Ctrl Pts',(11.0494262377738,1.39723508978244,206.366184090684));
#3223=CARTESIAN_POINT('Ctrl Pts',(10.7496602064771,1.29787717665472,213.032851036644));
#3224=CARTESIAN_POINT('Ctrl Pts',(10.6204106713252,1.25393135948297,216.366685152413));
#3225=CARTESIAN_POINT('Ctrl Pts',(10.33947112146,1.16685014821099,223.00001811828));
#3226=CARTESIAN_POINT('Ctrl Pts',(10.187081461474,1.12433632385258,226.299561796534));
#3227=CARTESIAN_POINT('Ctrl Pts',(9.92517188178111,1.04765671415137,232.932886471114));
#3228=CARTESIAN_POINT('Ctrl Pts',(9.81524470599265,1.01398049386676,236.266659024058));
#3229=CARTESIAN_POINT('Ctrl Pts',(9.57301584151499,0.946663069293099,242.933325690795));
#3230=CARTESIAN_POINT('Ctrl Pts',(9.44135194967262,0.913895980380715,246.266319681004));
#3231=CARTESIAN_POINT('Ctrl Pts',(9.21883256257928,0.854573688504261,252.93298649209));
#3232=CARTESIAN_POINT('Ctrl Pts',(9.12788761104385,0.82845385188823,256.266662177821));
#3233=CARTESIAN_POINT('Ctrl Pts',(8.92523116283023,0.776249968077181,262.933328844512));
#3234=CARTESIAN_POINT('Ctrl Pts',(8.82372445709729,0.751455018459635,266.266663065739));
#3235=CARTESIAN_POINT('Ctrl Pts',(8.62049843191787,0.703785186642722,272.933329732421));
#3236=CARTESIAN_POINT('Ctrl Pts',(8.50880523350491,0.680468175093772,276.266393612617));
#3237=CARTESIAN_POINT('Ctrl Pts',(8.32589119170922,0.638431222395649,282.899732466948));
#3238=CARTESIAN_POINT('Ctrl Pts',(8.25382386662893,0.619849017038546,286.199987670909));
#3239=CARTESIAN_POINT('Ctrl Pts',(8.09090522948249,0.582785147065442,292.8333207541));
#3240=CARTESIAN_POINT('Ctrl Pts',(9.85139854142095,0.686506347230579,297.305425356182));
#3241=CARTESIAN_POINT('Ctrl Pts',(6.50644862201058,0.445968669211033,301.122260154463));
#3242=CARTESIAN_POINT('Ctrl Pts',(4.07837315050386,0.277851170133683,302.122260154463));
#3243=CARTESIAN_POINT('Ctrl Pts',(0.64391826187009,0.0438513252724955,302.5));
#3244=CARTESIAN_POINT('Ctrl Pts',(15.5099890755024,9.83586979735705,-20.));
#3245=CARTESIAN_POINT('Ctrl Pts',(15.0873991536523,9.32285653281246,-13.1347645096192));
#3246=CARTESIAN_POINT('Ctrl Pts',(15.0873991536523,9.32285653281246,-6.46809784295251));
#3247=CARTESIAN_POINT('Ctrl Pts',(16.1976911072129,10.6707223247841,10.5258639591469));
#3248=CARTESIAN_POINT('Ctrl Pts',(18.3342112307443,16.6017302492773,19.6000891915024));
#3249=CARTESIAN_POINT('Ctrl Pts',(21.7445055486685,16.3580583044306,33.2606882418407));
#3250=CARTESIAN_POINT('Ctrl Pts',(22.9851576502984,15.9741697871772,36.575210175591));
#3251=CARTESIAN_POINT('Ctrl Pts',(24.2225417107105,15.1082562434343,43.2087816499818));
#3252=CARTESIAN_POINT('Ctrl Pts',(24.46937592459,14.4221471010238,46.5634047141992));
#3253=CARTESIAN_POINT('Ctrl Pts',(24.8312048394455,13.2241675496469,53.2300840994936));
#3254=CARTESIAN_POINT('Ctrl Pts',(24.7911188867436,12.5575325021388,56.5672041060927));
#3255=CARTESIAN_POINT('Ctrl Pts',(24.5944218199895,11.3353621297625,63.2338711195924));
#3256=CARTESIAN_POINT('Ctrl Pts',(24.3124392855319,10.710995100526,66.5636986808842));
#3257=CARTESIAN_POINT('Ctrl Pts',(23.8083251606108,9.60216840442398,73.2303758807718));
#3258=CARTESIAN_POINT('Ctrl Pts',(23.5071216018816,9.09577260587156,76.5651998613499));
#3259=CARTESIAN_POINT('Ctrl Pts',(22.8549344830642,8.14388498922348,83.2318691053019));
#3260=CARTESIAN_POINT('Ctrl Pts',(22.4700079513569,7.70492360625171,86.5639800741162));
#3261=CARTESIAN_POINT('Ctrl Pts',(21.7417776575718,6.90023701282478,93.1973752902023));
#3262=CARTESIAN_POINT('Ctrl Pts',(21.3644642762505,6.53737835132728,96.4974266069653));
#3263=CARTESIAN_POINT('Ctrl Pts',(20.6257842571024,5.86604102410207,103.130715895684));
#3264=CARTESIAN_POINT('Ctrl Pts',(20.2435253256227,5.5656055274354,106.463752779355));
#3265=CARTESIAN_POINT('Ctrl Pts',(19.5326867222181,5.01055788721691,113.130429599414));
#3266=CARTESIAN_POINT('Ctrl Pts',(19.2000422145977,4.76789424885923,116.465193765167));
#3267=CARTESIAN_POINT('Ctrl Pts',(18.528314534341,4.3077192410491,123.131863030567));
#3268=CARTESIAN_POINT('Ctrl Pts',(18.1961878548018,4.1009811644659,126.465409445198));
#3269=CARTESIAN_POINT('Ctrl Pts',(17.5492261275377,3.71358365266894,133.132078005734));
#3270=CARTESIAN_POINT('Ctrl Pts',(17.2202594256233,3.53702974672897,136.46473925854));
#3271=CARTESIAN_POINT('Ctrl Pts',(16.6263112688224,3.21403389164963,143.131410372804));
#3272=CARTESIAN_POINT('Ctrl Pts',(16.3603997159667,3.07342854879004,146.465852363895));
#3273=CARTESIAN_POINT('Ctrl Pts',(15.8236413430628,2.80421646557168,153.099202677074));
#3274=CARTESIAN_POINT('Ctrl Pts',(15.5610482598614,2.68107732807925,156.399111865984));
#3275=CARTESIAN_POINT('Ctrl Pts',(15.0612883744611,2.45213000852044,163.032428145977));
#3276=CARTESIAN_POINT('Ctrl Pts',(14.8220436062687,2.34914833694893,166.365951789925));
#3277=CARTESIAN_POINT('Ctrl Pts',(14.3619446878701,2.15455673313784,173.032619069324));
#3278=CARTESIAN_POINT('Ctrl Pts',(14.1416240334623,2.06626787458163,176.366032481627));
#3279=CARTESIAN_POINT('Ctrl Pts',(13.7225234239612,1.90046991175854,183.032699630556));
#3280=CARTESIAN_POINT('Ctrl Pts',(13.5345454043566,1.82653578635149,186.366632863604));
#3281=CARTESIAN_POINT('Ctrl Pts',(13.1346972944671,1.68231124087438,193.033299531642));
#3282=CARTESIAN_POINT('Ctrl Pts',(12.9223949745548,1.61364018089841,196.366115646662));
#3283=CARTESIAN_POINT('Ctrl Pts',(12.5426470632711,1.48773858455083,203.032782677436));
#3284=CARTESIAN_POINT('Ctrl Pts',(12.3634358140021,1.43047520128332,206.366184090684));
#3285=CARTESIAN_POINT('Ctrl Pts',(12.0273211714614,1.32295670770881,213.032851036645));
#3286=CARTESIAN_POINT('Ctrl Pts',(11.8823854440006,1.27536236269316,216.366685152414));
#3287=CARTESIAN_POINT('Ctrl Pts',(11.5674487720669,1.18134191629625,223.00001811828));
#3288=CARTESIAN_POINT('Ctrl Pts',(11.3966731804264,1.13561852540742,226.299561796534));
#3289=CARTESIAN_POINT('Ctrl Pts',(11.103120241765,1.05299852171415,232.932886471114));
#3290=CARTESIAN_POINT('Ctrl Pts',(10.979893519819,1.01665369833019,236.266659024058));
#3291=CARTESIAN_POINT('Ctrl Pts',(10.7084393042075,0.944265108155416,242.933325690795));
#3292=CARTESIAN_POINT('Ctrl Pts',(10.5609345127773,0.909190634109639,246.266319681004));
#3293=CARTESIAN_POINT('Ctrl Pts',(10.3115955532989,0.845505552316671,252.932986492089));
#3294=CARTESIAN_POINT('Ctrl Pts',(10.2096664677608,0.817382470481138,256.266662177822));
#3295=CARTESIAN_POINT('Ctrl Pts',(9.98260409151911,0.761419447419647,262.933328844512));
#3296=CARTESIAN_POINT('Ctrl Pts',(9.86888852912606,0.73490053725539,266.266663065738));
#3297=CARTESIAN_POINT('Ctrl Pts',(9.64124158085001,0.684010894729298,272.93332973242));
#3298=CARTESIAN_POINT('Ctrl Pts',(9.51616019350262,0.659262858631303,276.266393612616));
#3299=CARTESIAN_POINT('Ctrl Pts',(9.31127464581418,0.614430041568326,282.899732466948));
#3300=CARTESIAN_POINT('Ctrl Pts',(9.23052614399835,0.594509080684797,286.199987670909));
#3301=CARTESIAN_POINT('Ctrl Pts',(9.04804071939259,0.554999507108781,292.8333207541));
#3302=CARTESIAN_POINT('Ctrl Pts',(11.0170933428223,0.650080679502857,297.305425356183));
#3303=CARTESIAN_POINT('Ctrl Pts',(7.27546495340847,0.420820373499342,301.122260154463));
#3304=CARTESIAN_POINT('Ctrl Pts',(4.55950564063307,0.261655799588005,302.122260154463));
#3305=CARTESIAN_POINT('Ctrl Pts',(0.717882369675323,0.0407686106358327,
302.5));
#3306=CARTESIAN_POINT('Ctrl Pts',(15.340805554203,10.0870865155247,-20.));
#3307=CARTESIAN_POINT('Ctrl Pts',(14.8108764472224,9.54164859051965,-13.1347645096192));
#3308=CARTESIAN_POINT('Ctrl Pts',(14.8108764472224,9.54164859051964,-6.46809784295252));
#3309=CARTESIAN_POINT('Ctrl Pts',(16.203186090723,10.9747053388883,10.5258639591469));
#3310=CARTESIAN_POINT('Ctrl Pts',(19.3267087591961,17.2896974582528,19.6000891915024));
#3311=CARTESIAN_POINT('Ctrl Pts',(23.0196013397686,17.0186465652322,33.2606882418407));
#3312=CARTESIAN_POINT('Ctrl Pts',(24.2949744632115,16.6019621065533,36.575210175591));
#3313=CARTESIAN_POINT('Ctrl Pts',(25.588803308975,15.6815690903629,43.2087816499819));
#3314=CARTESIAN_POINT('Ctrl Pts',(25.8425457783641,14.9582176355898,46.5634047141992));
#3315=CARTESIAN_POINT('Ctrl Pts',(26.212854583398,13.6958235048348,53.2300840994937));
#3316=CARTESIAN_POINT('Ctrl Pts',(26.1650381352708,12.9953085463774,56.5672041060927));
#3317=CARTESIAN_POINT('Ctrl Pts',(25.9478004551502,11.7120629319981,63.2338711195924));
#3318=CARTESIAN_POINT('Ctrl Pts',(25.6459580069448,11.0579847581808,66.5636986808843));
#3319=CARTESIAN_POINT('Ctrl Pts',(25.1064001450585,9.89644416617659,73.2303758807719));
#3320=CARTESIAN_POINT('Ctrl Pts',(24.7853468525392,9.3665671582503,76.5651998613498));
#3321=CARTESIAN_POINT('Ctrl Pts',(24.0914042917664,8.37125966402317,83.2318691053019));
#3322=CARTESIAN_POINT('Ctrl Pts',(23.6828759626009,7.9129758882315,86.5639800741167));
#3323=CARTESIAN_POINT('Ctrl Pts',(22.910212875293,7.07306682454957,93.1973752902028));
#3324=CARTESIAN_POINT('Ctrl Pts',(22.5103367862343,6.69473744967216,96.4974266069656));
#3325=CARTESIAN_POINT('Ctrl Pts',(21.7278158825406,5.99511950282197,103.130715895684));
#3326=CARTESIAN_POINT('Ctrl Pts',(21.3232679853227,5.68246172496313,106.463752779355));
#3327=CARTESIAN_POINT('Ctrl Pts',(20.5710133228673,5.10487948055767,113.130429599414));
#3328=CARTESIAN_POINT('Ctrl Pts',(20.2191331256831,4.85255190228896,116.465193765167));
#3329=CARTESIAN_POINT('Ctrl Pts',(19.5088145785454,4.37439250499053,123.131863030568));
#3330=CARTESIAN_POINT('Ctrl Pts',(19.1577835122814,4.15983077017458,126.465409445198));
#3331=CARTESIAN_POINT('Ctrl Pts',(18.4741275671738,3.75798094715355,133.132078005735));
#3332=CARTESIAN_POINT('Ctrl Pts',(18.1266756981316,3.57512683411616,136.46473925854));
#3333=CARTESIAN_POINT('Ctrl Pts',(17.4993184342935,3.2405455132986,143.131410372804));
#3334=CARTESIAN_POINT('Ctrl Pts',(17.2184843141938,3.09496266817752,146.465852363896));
#3335=CARTESIAN_POINT('Ctrl Pts',(16.6517277257248,2.8164510815735,153.099202677074));
#3336=CARTESIAN_POINT('Ctrl Pts',(16.3745318081059,2.68920292825729,156.399111865984));
#3337=CARTESIAN_POINT('Ctrl Pts',(15.8470268141777,2.45271439616876,163.032428145977));
#3338=CARTESIAN_POINT('Ctrl Pts',(15.5945564098114,2.34646323939984,166.365951789925));
#3339=CARTESIAN_POINT('Ctrl Pts',(15.1090529663331,2.14576280364055,173.032619069325));
#3340=CARTESIAN_POINT('Ctrl Pts',(14.8766091244509,2.05480065441509,176.366032481627));
#3341=CARTESIAN_POINT('Ctrl Pts',(14.4344664676957,1.88402930589738,183.032699630556));
#3342=CARTESIAN_POINT('Ctrl Pts',(14.2361578536716,1.80788903496744,186.366632863604));
#3343=CARTESIAN_POINT('Ctrl Pts',(13.8144457178065,1.65963623753433,193.033299531642));
#3344=CARTESIAN_POINT('Ctrl Pts',(13.5906013678793,1.58922981561572,196.366115646663));
#3345=CARTESIAN_POINT('Ctrl Pts',(13.1901836835179,1.4600711505784,203.032782677437));
#3346=CARTESIAN_POINT('Ctrl Pts',(13.0012367567754,1.40138207351084,206.366184090684));
#3347=CARTESIAN_POINT('Ctrl Pts',(12.6468625040735,1.2911853653595,213.032851036644));
#3348=CARTESIAN_POINT('Ctrl Pts',(12.4940434808525,1.2423755711245,216.366685152413));
#3349=CARTESIAN_POINT('Ctrl Pts',(12.1620561684713,1.14619150893619,223.00001811828));
#3350=CARTESIAN_POINT('Ctrl Pts',(11.9820792829438,1.09956258239042,226.299561796534));
#3351=CARTESIAN_POINT('Ctrl Pts',(11.67267734827,1.01518420776612,232.932886471114));
#3352=CARTESIAN_POINT('Ctrl Pts',(11.5427844115493,0.978018644869889,236.266659024058));
#3353=CARTESIAN_POINT('Ctrl Pts',(11.2567098905582,0.904211054018961,242.933325690795));
#3354=CARTESIAN_POINT('Ctrl Pts',(11.1012966445612,0.868581938769328,246.266319681004));
#3355=CARTESIAN_POINT('Ctrl Pts',(10.8385537217097,0.80373870336913,252.932986492089));
#3356=CARTESIAN_POINT('Ctrl Pts',(10.7311283805185,0.775037871836522,256.266662177822));
#3357=CARTESIAN_POINT('Ctrl Pts',(10.4918783501266,0.718125926723864,262.933328844513));
#3358=CARTESIAN_POINT('Ctrl Pts',(10.3720719943989,0.691208662998808,266.266663065739));
#3359=CARTESIAN_POINT('Ctrl Pts',(10.1322511089107,0.639633570358664,272.933329732421));
#3360=CARTESIAN_POINT('Ctrl Pts',(10.0005079162965,0.614671686467116,276.266393612616));
#3361=CARTESIAN_POINT('Ctrl Pts',(9.7846753568035,0.569273279063905,282.899732466948));
#3362=CARTESIAN_POINT('Ctrl Pts',(9.69959437138126,0.549016881626117,286.199987670909));
#3363=CARTESIAN_POINT('Ctrl Pts',(9.50736386737455,0.509027034597032,292.833320754101));
#3364=CARTESIAN_POINT('Ctrl Pts',(11.5773557366202,0.592723322948038,297.305425356183));
#3365=CARTESIAN_POINT('Ctrl Pts',(7.64328383905634,0.38267079711823,301.122260154463));
#3366=CARTESIAN_POINT('Ctrl Pts',(4.78772829136828,0.237810942352177,302.122260154463));
#3367=CARTESIAN_POINT('Ctrl Pts',(0.748706354026072,0.0373693548785784,
302.5));
#3368=CARTESIAN_POINT('Ctrl Pts',(15.3378240486911,10.091617979858,-20.));
#3369=CARTESIAN_POINT('Ctrl Pts',(14.7692053579811,9.52836923706681,-13.1347645096192));
#3370=CARTESIAN_POINT('Ctrl Pts',(14.7692053579811,9.52836923706681,-6.46809784295252));
#3371=CARTESIAN_POINT('Ctrl Pts',(16.263166108809,11.0082212511334,10.5258639591469));
#3372=CARTESIAN_POINT('Ctrl Pts',(19.7399434716577,17.5283261017009,19.6000891915024));
#3373=CARTESIAN_POINT('Ctrl Pts',(23.5379839025998,17.2498665752322,33.2606882418407));
#3374=CARTESIAN_POINT('Ctrl Pts',(24.8278449758534,16.8169892014528,36.575210175591));
#3375=CARTESIAN_POINT('Ctrl Pts',(26.1426862043051,15.8737217679225,43.2087816499819));
#3376=CARTESIAN_POINT('Ctrl Pts',(26.3982028044576,15.1354741761512,46.5634047141992));
#3377=CARTESIAN_POINT('Ctrl Pts',(26.7701951175522,13.8474177758937,53.2300840994937));
#3378=CARTESIAN_POINT('Ctrl Pts',(26.7184173138735,13.1336968526323,56.5672041060927));
#3379=CARTESIAN_POINT('Ctrl Pts',(26.4914072891794,11.8268169461946,63.2338711195924));
#3380=CARTESIAN_POINT('Ctrl Pts',(26.1808847975185,11.1614830559319,66.5636986808843));
#3381=CARTESIAN_POINT('Ctrl Pts',(25.6258436697679,9.97998669096576,73.2303758807719));
#3382=CARTESIAN_POINT('Ctrl Pts',(25.2962776467475,9.44132400227082,76.5651998613498));
#3383=CARTESIAN_POINT('Ctrl Pts',(24.5845829950185,8.42989938808428,83.2318691053019));
#3384=CARTESIAN_POINT('Ctrl Pts',(24.1661566077375,7.96457028637029,86.5639800741167));
#3385=CARTESIAN_POINT('Ctrl Pts',(23.3748899330208,7.11185813611569,93.1973752902028));
#3386=CARTESIAN_POINT('Ctrl Pts',(22.9656301927965,6.72798431656948,96.4974266069656));
#3387=CARTESIAN_POINT('Ctrl Pts',(22.1649228032138,6.01829849092312,103.130715895684));
#3388=CARTESIAN_POINT('Ctrl Pts',(21.7511849803729,5.70137565601111,106.463752779355));
#3389=CARTESIAN_POINT('Ctrl Pts',(20.9818594978056,5.11594072584566,113.130429599414));
#3390=CARTESIAN_POINT('Ctrl Pts',(20.6220720577062,4.86028526056757,116.465193765167));
#3391=CARTESIAN_POINT('Ctrl Pts',(19.895926584792,4.37600412355539,123.131863030568));
#3392=CARTESIAN_POINT('Ctrl Pts',(19.5371682793926,4.15883434137571,126.465409445198));
#3393=CARTESIAN_POINT('Ctrl Pts',(18.8385330423154,3.75221308507043,133.132078005735));
#3394=CARTESIAN_POINT('Ctrl Pts',(18.4835608044856,3.56734314118366,136.46473925854));
#3395=CARTESIAN_POINT('Ctrl Pts',(17.8426074144692,3.22904233450932,143.131410372804));
#3396=CARTESIAN_POINT('Ctrl Pts',(17.5557060914919,3.08187771822203,146.465852363896));
#3397=CARTESIAN_POINT('Ctrl Pts',(16.9767714669572,2.80046517595408,153.099202677074));
#3398=CARTESIAN_POINT('Ctrl Pts',(16.6936585530578,2.67197054333918,156.399111865984));
#3399=CARTESIAN_POINT('Ctrl Pts',(16.1549188471878,2.43321940765348,163.032428145977));
#3400=CARTESIAN_POINT('Ctrl Pts',(15.8971018175587,2.32601873044349,166.365951789925));
#3401=CARTESIAN_POINT('Ctrl Pts',(15.4013332908459,2.12356272935889,173.032619069325));
#3402=CARTESIAN_POINT('Ctrl Pts',(15.1639975156677,2.03185882858796,176.366032481627));
#3403=CARTESIAN_POINT('Ctrl Pts',(14.7125603012866,1.85972081831326,183.032699630556));
#3404=CARTESIAN_POINT('Ctrl Pts',(14.5100856420256,1.78297807270196,186.366632863604));
#3405=CARTESIAN_POINT('Ctrl Pts',(14.079573098903,1.63370189614635,193.033299531642));
#3406=CARTESIAN_POINT('Ctrl Pts',(13.8510932451429,1.56290911159403,196.366115646663));
#3407=CARTESIAN_POINT('Ctrl Pts',(13.4423711911884,1.4330011090891,203.032782677437));
#3408=CARTESIAN_POINT('Ctrl Pts',(13.2495160423725,1.3740023094557,206.366184090684));
#3409=CARTESIAN_POINT('Ctrl Pts',(12.8878121773022,1.26322367843293,213.032851036644));
#3410=CARTESIAN_POINT('Ctrl Pts',(12.7318276350736,1.21414020242202,216.366685152413));
#3411=CARTESIAN_POINT('Ctrl Pts',(12.3930058153301,1.11754640931922,223.00001811828));
#3412=CARTESIAN_POINT('Ctrl Pts',(12.2093476222812,1.07079919394088,226.299561796534));
#3413=CARTESIAN_POINT('Ctrl Pts',(11.8936003746371,0.986140227587313,232.932886471114));
#3414=CARTESIAN_POINT('Ctrl Pts',(11.7610369232223,0.948825536544058,236.266659024058));
#3415=CARTESIAN_POINT('Ctrl Pts',(11.4691153256387,0.874839783017201,242.933325690795));
#3416=CARTESIAN_POINT('Ctrl Pts',(11.3105448904826,0.839197684493522,246.266319681004));
#3417=CARTESIAN_POINT('Ctrl Pts',(11.0424459785445,0.774247994558789,252.932986492089));
#3418=CARTESIAN_POINT('Ctrl Pts',(10.9328222355531,0.745463879879022,256.266662177822));
#3419=CARTESIAN_POINT('Ctrl Pts',(10.6887058976572,0.688496815475949,262.933328844513));
#3420=CARTESIAN_POINT('Ctrl Pts',(10.5664697065507,0.661581816317949,266.266663065739));
#3421=CARTESIAN_POINT('Ctrl Pts',(10.3217955022095,0.610054726203091,272.933329732421));
#3422=CARTESIAN_POINT('Ctrl Pts',(10.1874007808596,0.58518208556485,276.266393612616));
#3423=CARTESIAN_POINT('Ctrl Pts',(9.96720624996816,0.539847465467461,282.899732466948));
#3424=CARTESIAN_POINT('Ctrl Pts',(9.88039650847656,0.519573265369833,286.199987670909));
#3425=CARTESIAN_POINT('Ctrl Pts',(9.68428444925091,0.479650005080531,292.833320754101));
#3426=CARTESIAN_POINT('Ctrl Pts',(11.7934169426901,0.556365978715336,297.305425356183));
#3427=CARTESIAN_POINT('Ctrl Pts',(7.78455121262636,0.358662953018777,301.122260154463));
#3428=CARTESIAN_POINT('Ctrl Pts',(4.87476606960955,0.222904012725672,302.122260154463));
#3429=CARTESIAN_POINT('Ctrl Pts',(0.75907438513482,0.0354153757286357,302.5));
#3430=UNCERTAINTY_MEASURE_WITH_UNIT(LENGTH_MEASURE(0.01),#3434,
'DISTANCE_ACCURACY_VALUE',
'Maximum model space distance between geometric entities at asserted c
onnectivities');
#3431=UNCERTAINTY_MEASURE_WITH_UNIT(LENGTH_MEASURE(0.01),#3434,
'DISTANCE_ACCURACY_VALUE',
'Maximum model space distance between geometric entities at asserted c
onnectivities');
#3432=(
GEOMETRIC_REPRESENTATION_CONTEXT(3)
GLOBAL_UNCERTAINTY_ASSIGNED_CONTEXT((#3430))
GLOBAL_UNIT_ASSIGNED_CONTEXT((#3434,#3436,#3437))
REPRESENTATION_CONTEXT('','3D')
);
#3433=(
GEOMETRIC_REPRESENTATION_CONTEXT(3)
GLOBAL_UNCERTAINTY_ASSIGNED_CONTEXT((#3431))
GLOBAL_UNIT_ASSIGNED_CONTEXT((#3434,#3436,#3437))
REPRESENTATION_CONTEXT('','3D')
);
#3434=(
LENGTH_UNIT()
NAMED_UNIT(*)
SI_UNIT(.MILLI.,.METRE.)
);
#3435=(
LENGTH_UNIT()
NAMED_UNIT(*)
SI_UNIT($,.METRE.)
);
#3436=(
NAMED_UNIT(*)
PLANE_ANGLE_UNIT()
SI_UNIT($,.RADIAN.)
);
#3437=(
NAMED_UNIT(*)
SI_UNIT($,.STERADIAN.)
SOLID_ANGLE_UNIT()
);
#3438=SHAPE_DEFINITION_REPRESENTATION(#3439,#3440);
#3439=PRODUCT_DEFINITION_SHAPE('',$,#3442);
#3440=SHAPE_REPRESENTATION('',(#93),#3432);
#3441=PRODUCT_DEFINITION_CONTEXT('part definition',#3446,'design');
#3442=PRODUCT_DEFINITION('2026-09-10-13-17-20-490','Blade Design 4',#3443,
#3441);
#3443=PRODUCT_DEFINITION_FORMATION('',$,#3448);
#3444=PRODUCT_RELATED_PRODUCT_CATEGORY('Blade Design 4',
'Blade Design 4',(#3448));
#3445=APPLICATION_PROTOCOL_DEFINITION('international standard',
'automotive_design',2009,#3446);
#3446=APPLICATION_CONTEXT(
'Core Data for Automotive Mechanical Design Process');
#3447=PRODUCT_CONTEXT('part definition',#3446,'mechanical');
#3448=PRODUCT('2026-09-10-13-17-20-490','Blade Design 4',$,(#3447));
#3449=PRESENTATION_STYLE_ASSIGNMENT((#3450));
#3450=SURFACE_STYLE_USAGE(.BOTH.,#3451);
#3451=SURFACE_SIDE_STYLE('',(#3452));
#3452=SURFACE_STYLE_FILL_AREA(#3453);
#3453=FILL_AREA_STYLE('Steel - Satin',(#3454));
#3454=FILL_AREA_STYLE_COLOUR('Steel - Satin',#3455);
#3455=COLOUR_RGB('Steel - Satin',0.627450980392157,0.627450980392157,0.627450980392157);
ENDSEC;
END-ISO-10303-21;
